Strategy,Model,First step,NIF,N_conv,use cbam,use augmentation,probability of augmentation,dataset portion,batch size,Input ID,Number of FEM iterations for the full-FEM strategy,Number of FEM iterations for the hybrid strategy,Ratio of FEM iterations (Hybrid / full-FEM),Relative compliance error
Only UNet,U-Net,UNet,16,2,False,False,0.2,0.5,16,0,33,20,0.6060606060606061,0.10059345057756212
Only UNet,U-Net,UNet,16,2,False,False,0.2,0.5,16,1,34,18,0.5294117647058824,0.032894043193926484
Only UNet,U-Net,UNet,16,2,False,False,0.2,0.5,16,2,29,21,0.7241379310344828,0.010788403171768962
Only UNet,U-Net,UNet,16,2,False,False,0.2,0.5,16,3,28,15,0.5357142857142857,0.002998598199368197
Only UNet,U-Net,UNet,16,2,False,False,0.2,0.5,16,4,36,26,0.7222222222222222,0.010852235119032603
Only UNet,U-Net,UNet,16,2,False,False,0.2,0.5,16,5,42,9,0.21428571428571427,0.007100037303610216
Only UNet,U-Net,UNet,16,2,False,False,0.2,0.5,16,6,28,17,0.6071428571428571,0.06854581333842544
Only UNet,U-Net,UNet,16,2,False,False,0.2,0.5,16,7,38,18,0.47368421052631576,0.007116323070461851
Only UNet,U-Net,UNet,16,2,False,False,0.2,0.5,16,8,33,18,0.5454545454545454,0.0014040408078074954
Only UNet,U-Net,UNet,16,2,False,False,0.2,0.5,16,9,28,18,0.6428571428571429,0.12736769297923506
Only UNet,U-Net,UNet,16,2,False,False,0.2,0.5,16,10,31,42,1.3548387096774193,0.06937496411652898
Only UNet,U-Net,UNet,16,2,False,False,0.2,0.5,16,11,29,9,0.3103448275862069,0.09412055248434884
Only UNet,U-Net,UNet,16,2,False,False,0.2,0.5,16,12,29,13,0.4482758620689655,0.03459536255775112
Only UNet,U-Net,UNet,16,2,False,False,0.2,0.5,16,13,28,38,1.3571428571428572,0.042148387537568534
Only UNet,U-Net,UNet,16,2,False,False,0.2,0.5,16,14,29,16,0.5517241379310345,0.011192067435383708
Only UNet,U-Net,UNet,16,2,False,False,0.2,0.5,16,15,42,18,0.42857142857142855,0.010548246248059398
Only UNet,U-Net,UNet,16,2,False,False,0.2,0.5,16,16,58,15,0.25862068965517243,0.04508274123344806
Only UNet,U-Net,UNet,16,2,False,False,0.2,0.5,16,17,35,2,0.05714285714285714,0.8554058483612139
Only UNet,U-Net,UNet,16,2,False,False,0.2,0.5,16,18,17,10,0.5882352941176471,0.017432204040365603
Only UNet,U-Net,UNet,16,2,False,False,0.2,0.5,16,19,17,5,0.29411764705882354,0.0582129716208044
Only UNet,U-Net,UNet,16,2,False,False,0.2,0.5,16,20,27,33,1.2222222222222223,0.00321776677981202
Only UNet,U-Net,UNet,16,2,False,False,0.2,0.5,16,21,40,29,0.725,0.03582715654153808
Only UNet,U-Net,UNet,16,2,False,False,0.2,0.5,16,22,45,34,0.7555555555555555,0.001974267583088237
Only UNet,U-Net,UNet,16,2,False,False,0.2,0.5,16,23,23,20,0.8695652173913043,0.0026994668100921884
Only UNet,U-Net,UNet,16,2,False,False,0.2,0.5,16,24,20,23,1.15,0.24145374662341917
Only UNet,U-Net,UNet,16,2,False,False,0.2,0.5,16,25,18,15,0.8333333333333334,0.01857264796892845
Only UNet,U-Net,UNet,16,2,False,False,0.2,0.5,16,26,34,12,0.35294117647058826,0.00562883441999665
Only UNet,U-Net,UNet,16,2,False,False,0.2,0.5,16,27,35,18,0.5142857142857142,0.08514122540081907
Only UNet,U-Net,UNet,16,2,False,False,0.2,0.5,16,28,33,24,0.7272727272727273,0.005268965990832461
Only UNet,U-Net,UNet,16,2,False,False,0.2,0.5,16,29,40,16,0.4,0.014597527322925522
Only UNet,U-Net,UNet,16,2,False,False,0.2,0.5,16,30,19,19,1.0,0.0683289848304335
Only UNet,U-Net,UNet,16,2,False,False,0.2,0.5,16,31,37,22,0.5945945945945946,0.03286528658388819
Only UNet,U-Net,UNet,16,2,False,False,0.2,0.5,16,32,37,15,0.40540540540540543,0.02627984599208704
Only UNet,U-Net,UNet,16,2,False,False,0.2,0.5,16,33,31,10,0.3225806451612903,0.0001178374767971389
Only UNet,U-Net,UNet,16,2,False,False,0.2,0.5,16,34,25,15,0.6,0.05862068872608751
Only UNet,U-Net,UNet,16,2,False,False,0.2,0.5,16,35,25,0,0.0,0.3127828172187246
Only UNet,U-Net,UNet,16,2,False,False,0.2,0.5,16,36,26,21,0.8076923076923077,0.06433502413337737
Only UNet,U-Net,UNet,16,2,False,False,0.2,0.5,16,37,27,26,0.9629629629629629,0.010465588325353459
Only UNet,U-Net,UNet,16,2,False,False,0.2,0.5,16,38,44,26,0.5909090909090909,0.09364620247156173
Only UNet,U-Net,UNet,16,2,False,False,0.2,0.5,16,39,19,14,0.7368421052631579,0.005501573077772918
Only UNet,U-Net,UNet,16,2,False,False,0.2,0.5,16,40,41,23,0.5609756097560976,0.0027623843798764455
Only UNet,U-Net,UNet,16,2,False,False,0.2,0.5,16,41,32,18,0.5625,0.02659257379380026
Only UNet,U-Net,UNet,16,2,False,False,0.2,0.5,16,42,32,36,1.125,0.027715636419028186
Only UNet,U-Net,UNet,16,2,False,False,0.2,0.5,16,43,28,9,0.32142857142857145,0.00940594427531843
Only UNet,U-Net,UNet,16,2,False,False,0.2,0.5,16,44,41,0,0.0,0.5324671578307245
Only UNet,U-Net,UNet,16,2,False,False,0.2,0.5,16,45,30,18,0.6,0.0033805622892196805
Only UNet,U-Net,UNet,16,2,False,False,0.2,0.5,16,46,21,22,1.0476190476190477,0.0006360917728938551
Only UNet,U-Net,UNet,16,2,False,False,0.2,0.5,16,47,28,9,0.32142857142857145,0.010412398129251394
Only UNet,U-Net,UNet,16,2,False,False,0.2,0.5,16,48,17,73,4.294117647058823,0.05613706844810768
Only UNet,U-Net,UNet,16,2,False,False,0.2,0.5,16,49,20,28,1.4,0.05449682110560208
Only UNet,U-Net,UNet,16,2,False,False,0.2,0.5,16,50,34,28,0.8235294117647058,0.0033619570006000066
Only UNet,U-Net,UNet,16,2,False,False,0.2,0.5,16,51,41,14,0.34146341463414637,0.04237893556320343
Only UNet,U-Net,UNet,16,2,False,False,0.2,0.5,16,52,46,13,0.2826086956521739,0.06362037342327956
Only UNet,U-Net,UNet,16,2,False,False,0.2,0.5,16,53,18,13,0.7222222222222222,0.0023545694926180873
Only UNet,U-Net,UNet,16,2,False,False,0.2,0.5,16,54,30,11,0.36666666666666664,0.043447722285651566
Only UNet,U-Net,UNet,16,2,False,False,0.2,0.5,16,55,40,33,0.825,0.04925000968524708
Only UNet,U-Net,UNet,16,2,False,False,0.2,0.5,16,56,29,20,0.6896551724137931,0.008415767123946668
Only UNet,U-Net,UNet,16,2,False,False,0.2,0.5,16,57,38,0,0.0,0.30555616868754243
Only UNet,U-Net,UNet,16,2,False,False,0.2,0.5,16,58,29,9,0.3103448275862069,0.009952269411817786
Only UNet,U-Net,UNet,16,2,False,False,0.2,0.5,16,59,25,19,0.76,0.051974928429206944
Only UNet,U-Net,UNet,16,2,False,False,0.2,0.5,16,60,35,18,0.5142857142857142,0.0134133563413351
Only UNet,U-Net,UNet,16,2,False,False,0.2,0.5,16,61,18,31,1.7222222222222223,0.08929522808878228
Only UNet,U-Net,UNet,16,2,False,False,0.2,0.5,16,62,24,18,0.75,0.02671736497730517
Only UNet,U-Net,UNet,16,2,False,False,0.2,0.5,16,63,15,14,0.9333333333333333,0.04353569285753301
Only UNet,U-Net,UNet,16,2,False,False,0.2,0.5,16,64,22,11,0.5,0.0021181330783383067
Only UNet,U-Net,UNet,16,2,False,False,0.2,0.5,16,65,20,14,0.7,0.05168370286708921
Only UNet,U-Net,UNet,16,2,False,False,0.2,0.5,16,66,31,25,0.8064516129032258,0.012784101795922747
Only UNet,U-Net,UNet,16,2,False,False,0.2,0.5,16,67,46,11,0.2391304347826087,0.05283864769660094
Only UNet,U-Net,UNet,16,2,False,False,0.2,0.5,16,68,29,19,0.6551724137931034,0.036814766251449894
Only UNet,U-Net,UNet,16,2,False,False,0.2,0.5,16,69,50,13,0.26,0.010765538640748282
Only UNet,U-Net,UNet,16,2,False,False,0.2,0.5,16,70,31,38,1.2258064516129032,0.0026458137261458937
Only UNet,U-Net,UNet,16,2,False,False,0.2,0.5,16,71,41,0,0.0,0.3954380714408486
Only UNet,U-Net,UNet,16,2,False,False,0.2,0.5,16,72,38,13,0.34210526315789475,0.006144148118103964
Only UNet,U-Net,UNet,16,2,False,False,0.2,0.5,16,73,44,16,0.36363636363636365,0.01938947526057872
Only UNet,U-Net,UNet,16,2,False,False,0.2,0.5,16,74,37,22,0.5945945945945946,0.0035564365557836136
Only UNet,U-Net,UNet,16,2,False,False,0.2,0.5,16,75,29,18,0.6206896551724138,0.09763845619648835
Only UNet,U-Net,UNet,16,2,False,False,0.2,0.5,16,76,28,14,0.5,0.001931742923614701
Only UNet,U-Net,UNet,16,2,False,False,0.2,0.5,16,77,18,13,0.7222222222222222,0.011718310382524025
Only UNet,U-Net,UNet,16,2,False,False,0.2,0.5,16,78,37,26,0.7027027027027027,0.031532975589302896
Only UNet,U-Net,UNet,16,2,False,False,0.2,0.5,16,79,24,17,0.7083333333333334,0.01367523986552567
Only UNet,U-Net,UNet,16,2,False,False,0.2,0.5,16,80,38,14,0.3684210526315789,0.014003587890476432
Only UNet,U-Net,UNet,16,2,False,False,0.2,0.5,16,81,25,9,0.36,0.13758936202480646
Only UNet,U-Net,UNet,16,2,False,False,0.2,0.5,16,82,29,25,0.8620689655172413,0.010250537567697058
Only UNet,U-Net,UNet,16,2,False,False,0.2,0.5,16,83,34,20,0.5882352941176471,0.0006470678147449941
Only UNet,U-Net,UNet,16,2,False,False,0.2,0.5,16,84,21,0,0.0,0.026053226558611472
Only UNet,U-Net,UNet,16,2,False,False,0.2,0.5,16,85,22,0,0.0,0.13373281844313464
Only UNet,U-Net,UNet,16,2,False,False,0.2,0.5,16,86,41,25,0.6097560975609756,0.03016132140614764
Only UNet,U-Net,UNet,16,2,False,False,0.2,0.5,16,87,28,8,0.2857142857142857,0.0028204826946223974
Only UNet,U-Net,UNet,16,2,False,False,0.2,0.5,16,88,35,35,1.0,0.02198486728866722
Only UNet,U-Net,UNet,16,2,False,False,0.2,0.5,16,89,32,33,1.03125,0.01087692087981701
Only UNet,U-Net,UNet,16,2,False,False,0.2,0.5,16,90,29,11,0.3793103448275862,0.02174064055607287
Only UNet,U-Net,UNet,16,2,False,False,0.2,0.5,16,91,19,0,0.0,0.28912352262568586
Only UNet,U-Net,UNet,16,2,False,False,0.2,0.5,16,92,45,12,0.26666666666666666,0.039693282830022394
Only UNet,U-Net,UNet,16,2,False,False,0.2,0.5,16,93,25,12,0.48,0.02857233809400449
Only UNet,U-Net,UNet,16,2,False,False,0.2,0.5,16,94,32,17,0.53125,0.03185428736205865
Only UNet,U-Net,UNet,16,2,False,False,0.2,0.5,16,95,41,14,0.34146341463414637,0.04472066336395145
Only UNet,U-Net,UNet,16,2,False,False,0.2,0.5,16,96,16,0,0.0,0.21741134735386786
Only UNet,U-Net,UNet,16,2,False,False,0.2,0.5,16,97,26,1,0.038461538461538464,30.270939224510595
Only UNet,U-Net,UNet,16,2,False,False,0.2,0.5,16,98,25,14,0.56,0.009500873188143915
Only UNet,U-Net,UNet,16,2,False,False,0.2,0.5,16,99,61,20,0.32786885245901637,0.008576306628605798
Only UNet,U-Net,UNet,32,2,False,False,0.2,1,8,0,33,31,0.9393939393939394,0.04727134064365366
Only UNet,U-Net,UNet,32,2,False,False,0.2,1,8,1,34,18,0.5294117647058824,0.043904870962914656
Only UNet,U-Net,UNet,32,2,False,False,0.2,1,8,2,29,19,0.6551724137931034,0.019313597803658985
Only UNet,U-Net,UNet,32,2,False,False,0.2,1,8,3,28,12,0.42857142857142855,0.014631280753108692
Only UNet,U-Net,UNet,32,2,False,False,0.2,1,8,4,36,9,0.25,0.05878391298743528
Only UNet,U-Net,UNet,32,2,False,False,0.2,1,8,5,42,7,0.16666666666666666,0.018560230359150175
Only UNet,U-Net,UNet,32,2,False,False,0.2,1,8,6,28,13,0.4642857142857143,0.04189684524637628
Only UNet,U-Net,UNet,32,2,False,False,0.2,1,8,7,38,21,0.5526315789473685,0.025448437944107345
Only UNet,U-Net,UNet,32,2,False,False,0.2,1,8,8,33,10,0.30303030303030304,0.008581888576091446
Only UNet,U-Net,UNet,32,2,False,False,0.2,1,8,9,28,23,0.8214285714285714,0.002086164018937849
Only UNet,U-Net,UNet,32,2,False,False,0.2,1,8,10,31,21,0.6774193548387096,0.08049190107682731
Only UNet,U-Net,UNet,32,2,False,False,0.2,1,8,11,29,8,0.27586206896551724,0.03588345795029745
Only UNet,U-Net,UNet,32,2,False,False,0.2,1,8,12,29,12,0.41379310344827586,0.04650849727783441
Only UNet,U-Net,UNet,32,2,False,False,0.2,1,8,13,28,30,1.0714285714285714,0.036941137058388356
Only UNet,U-Net,UNet,32,2,False,False,0.2,1,8,14,29,21,0.7241379310344828,0.0072095414588472
Only UNet,U-Net,UNet,32,2,False,False,0.2,1,8,15,42,19,0.4523809523809524,0.013716493746709635
Only UNet,U-Net,UNet,32,2,False,False,0.2,1,8,16,58,32,0.5517241379310345,0.04505129636272962
Only UNet,U-Net,UNet,32,2,False,False,0.2,1,8,17,35,11,0.3142857142857143,0.005609501793378868
Only UNet,U-Net,UNet,32,2,False,False,0.2,1,8,18,17,8,0.47058823529411764,0.0024057371590683187
Only UNet,U-Net,UNet,32,2,False,False,0.2,1,8,19,17,11,0.6470588235294118,0.022451502702944614
Only UNet,U-Net,UNet,32,2,False,False,0.2,1,8,20,27,23,0.8518518518518519,0.006408713883610184
Only UNet,U-Net,UNet,32,2,False,False,0.2,1,8,21,40,10,0.25,0.05279001327273082
Only UNet,U-Net,UNet,32,2,False,False,0.2,1,8,22,45,19,0.4222222222222222,0.0024117082028655666
Only UNet,U-Net,UNet,32,2,False,False,0.2,1,8,23,23,14,0.6086956521739131,0.008072543182164837
Only UNet,U-Net,UNet,32,2,False,False,0.2,1,8,24,20,18,0.9,0.018821524706569427
Only UNet,U-Net,UNet,32,2,False,False,0.2,1,8,25,18,13,0.7222222222222222,0.013836111990018548
Only UNet,U-Net,UNet,32,2,False,False,0.2,1,8,26,34,8,0.23529411764705882,0.0002605988817132104
Only UNet,U-Net,UNet,32,2,False,False,0.2,1,8,27,35,14,0.4,0.018290181506810867
Only UNet,U-Net,UNet,32,2,False,False,0.2,1,8,28,33,18,0.5454545454545454,0.006306237016944497
Only UNet,U-Net,UNet,32,2,False,False,0.2,1,8,29,40,10,0.25,0.010794267804103128
Only UNet,U-Net,UNet,32,2,False,False,0.2,1,8,30,19,8,0.42105263157894735,0.04878586436232491
Only UNet,U-Net,UNet,32,2,False,False,0.2,1,8,31,37,12,0.32432432432432434,0.029651932856236553
Only UNet,U-Net,UNet,32,2,False,False,0.2,1,8,32,37,9,0.24324324324324326,0.04711834581937853
Only UNet,U-Net,UNet,32,2,False,False,0.2,1,8,33,31,7,0.22580645161290322,0.003637722185410304
Only UNet,U-Net,UNet,32,2,False,False,0.2,1,8,34,25,14,0.56,0.07022867320557552
Only UNet,U-Net,UNet,32,2,False,False,0.2,1,8,35,25,13,0.52,0.032152840246462915
Only UNet,U-Net,UNet,32,2,False,False,0.2,1,8,36,26,9,0.34615384615384615,0.009695713712631608
Only UNet,U-Net,UNet,32,2,False,False,0.2,1,8,37,27,16,0.5925925925925926,0.016723673460527912
Only UNet,U-Net,UNet,32,2,False,False,0.2,1,8,38,44,14,0.3181818181818182,0.011250542097806642
Only UNet,U-Net,UNet,32,2,False,False,0.2,1,8,39,19,10,0.5263157894736842,0.007143920177777385
Only UNet,U-Net,UNet,32,2,False,False,0.2,1,8,40,41,17,0.4146341463414634,0.017035506270415543
Only UNet,U-Net,UNet,32,2,False,False,0.2,1,8,41,32,15,0.46875,0.030358347553474344
Only UNet,U-Net,UNet,32,2,False,False,0.2,1,8,42,32,15,0.46875,0.024056877740103823
Only UNet,U-Net,UNet,32,2,False,False,0.2,1,8,43,28,12,0.42857142857142855,0.06489899553243174
Only UNet,U-Net,UNet,32,2,False,False,0.2,1,8,44,41,23,0.5609756097560976,0.02513621862205661
Only UNet,U-Net,UNet,32,2,False,False,0.2,1,8,45,30,20,0.6666666666666666,0.024835829166636306
Only UNet,U-Net,UNet,32,2,False,False,0.2,1,8,46,21,15,0.7142857142857143,0.023492961960308534
Only UNet,U-Net,UNet,32,2,False,False,0.2,1,8,47,28,17,0.6071428571428571,0.031282154966069335
Only UNet,U-Net,UNet,32,2,False,False,0.2,1,8,48,17,11,0.6470588235294118,0.03666795786650129
Only UNet,U-Net,UNet,32,2,False,False,0.2,1,8,49,20,19,0.95,0.02731379363334952
Only UNet,U-Net,UNet,32,2,False,False,0.2,1,8,50,34,6,0.17647058823529413,0.0502670425183981
Only UNet,U-Net,UNet,32,2,False,False,0.2,1,8,51,41,11,0.2682926829268293,0.0031015204250542877
Only UNet,U-Net,UNet,32,2,False,False,0.2,1,8,52,46,11,0.2391304347826087,0.025659430967653808
Only UNet,U-Net,UNet,32,2,False,False,0.2,1,8,53,18,15,0.8333333333333334,0.015384580243638285
Only UNet,U-Net,UNet,32,2,False,False,0.2,1,8,54,30,11,0.36666666666666664,0.04754073264427254
Only UNet,U-Net,UNet,32,2,False,False,0.2,1,8,55,40,21,0.525,0.12396106648070992
Only UNet,U-Net,UNet,32,2,False,False,0.2,1,8,56,29,11,0.3793103448275862,0.0007957569193672457
Only UNet,U-Net,UNet,32,2,False,False,0.2,1,8,57,38,19,0.5,6.471626261558971e-05
Only UNet,U-Net,UNet,32,2,False,False,0.2,1,8,58,29,9,0.3103448275862069,0.0052739574090505765
Only UNet,U-Net,UNet,32,2,False,False,0.2,1,8,59,25,8,0.32,0.05608396252351876
Only UNet,U-Net,UNet,32,2,False,False,0.2,1,8,60,35,23,0.6571428571428571,0.03834003113847253
Only UNet,U-Net,UNet,32,2,False,False,0.2,1,8,61,18,10,0.5555555555555556,0.006457259249361324
Only UNet,U-Net,UNet,32,2,False,False,0.2,1,8,62,24,15,0.625,0.02565472793024362
Only UNet,U-Net,UNet,32,2,False,False,0.2,1,8,63,15,12,0.8,0.020516210784588398
Only UNet,U-Net,UNet,32,2,False,False,0.2,1,8,64,22,11,0.5,0.01567833442873195
Only UNet,U-Net,UNet,32,2,False,False,0.2,1,8,65,20,7,0.35,0.004377314027704736
Only UNet,U-Net,UNet,32,2,False,False,0.2,1,8,66,31,21,0.6774193548387096,0.00569278726971883
Only UNet,U-Net,UNet,32,2,False,False,0.2,1,8,67,46,10,0.21739130434782608,0.008355405843200998
Only UNet,U-Net,UNet,32,2,False,False,0.2,1,8,68,29,10,0.3448275862068966,0.010197971515988825
Only UNet,U-Net,UNet,32,2,False,False,0.2,1,8,69,50,10,0.2,0.05559299644356379
Only UNet,U-Net,UNet,32,2,False,False,0.2,1,8,70,31,15,0.4838709677419355,0.0007458198897057912
Only UNet,U-Net,UNet,32,2,False,False,0.2,1,8,71,41,30,0.7317073170731707,0.006605759487395347
Only UNet,U-Net,UNet,32,2,False,False,0.2,1,8,72,38,33,0.868421052631579,0.04481241474140732
Only UNet,U-Net,UNet,32,2,False,False,0.2,1,8,73,44,21,0.4772727272727273,0.00973274554504235
Only UNet,U-Net,UNet,32,2,False,False,0.2,1,8,74,37,10,0.2702702702702703,0.005612570064406062
Only UNet,U-Net,UNet,32,2,False,False,0.2,1,8,75,29,16,0.5517241379310345,0.06723450379160528
Only UNet,U-Net,UNet,32,2,False,False,0.2,1,8,76,28,25,0.8928571428571429,0.0033828641351609148
Only UNet,U-Net,UNet,32,2,False,False,0.2,1,8,77,18,13,0.7222222222222222,0.018355583214219047
Only UNet,U-Net,UNet,32,2,False,False,0.2,1,8,78,37,0,0.0,0.18044502737463938
Only UNet,U-Net,UNet,32,2,False,False,0.2,1,8,79,24,16,0.6666666666666666,0.011945494974658851
Only UNet,U-Net,UNet,32,2,False,False,0.2,1,8,80,38,19,0.5,0.010944339538011603
Only UNet,U-Net,UNet,32,2,False,False,0.2,1,8,81,25,22,0.88,0.012219814288873889
Only UNet,U-Net,UNet,32,2,False,False,0.2,1,8,82,29,24,0.8275862068965517,0.007179420725790505
Only UNet,U-Net,UNet,32,2,False,False,0.2,1,8,83,34,13,0.38235294117647056,0.011322862563275679
Only UNet,U-Net,UNet,32,2,False,False,0.2,1,8,84,21,12,0.5714285714285714,0.003770928952897335
Only UNet,U-Net,UNet,32,2,False,False,0.2,1,8,85,22,7,0.3181818181818182,0.017565227490490984
Only UNet,U-Net,UNet,32,2,False,False,0.2,1,8,86,41,9,0.21951219512195122,0.030655885120935724
Only UNet,U-Net,UNet,32,2,False,False,0.2,1,8,87,28,8,0.2857142857142857,0.015990470515742136
Only UNet,U-Net,UNet,32,2,False,False,0.2,1,8,88,35,20,0.5714285714285714,0.021214400039224444
Only UNet,U-Net,UNet,32,2,False,False,0.2,1,8,89,32,11,0.34375,0.029980205792737656
Only UNet,U-Net,UNet,32,2,False,False,0.2,1,8,90,29,0,0.0,0.2362039182939689
Only UNet,U-Net,UNet,32,2,False,False,0.2,1,8,91,19,15,0.7894736842105263,0.038015263665416556
Only UNet,U-Net,UNet,32,2,False,False,0.2,1,8,92,45,15,0.3333333333333333,0.048483448954966625
Only UNet,U-Net,UNet,32,2,False,False,0.2,1,8,93,25,8,0.32,0.001768080524738073
Only UNet,U-Net,UNet,32,2,False,False,0.2,1,8,94,32,32,1.0,0.15362968404920987
Only UNet,U-Net,UNet,32,2,False,False,0.2,1,8,95,41,15,0.36585365853658536,0.025668862056673597
Only UNet,U-Net,UNet,32,2,False,False,0.2,1,8,96,16,0,0.0,0.01692334993441388
Only UNet,U-Net,UNet,32,2,False,False,0.2,1,8,97,26,8,0.3076923076923077,0.007168029120820071
Only UNet,U-Net,UNet,32,2,False,False,0.2,1,8,98,25,12,0.48,0.000982434979917873
Only UNet,U-Net,UNet,32,2,False,False,0.2,1,8,99,61,13,0.21311475409836064,0.00123521141031925
Only UNet,U-Net,UNet,32,2,False,False,0.2,1,16,0,33,14,0.42424242424242425,0.07634299692319453
Only UNet,U-Net,UNet,32,2,False,False,0.2,1,16,1,34,20,0.5882352941176471,0.02829567181604803
Only UNet,U-Net,UNet,32,2,False,False,0.2,1,16,2,29,15,0.5172413793103449,0.004948590923500876
Only UNet,U-Net,UNet,32,2,False,False,0.2,1,16,3,28,28,1.0,0.0018662925116267057
Only UNet,U-Net,UNet,32,2,False,False,0.2,1,16,4,36,18,0.5,0.017349608025798765
Only UNet,U-Net,UNet,32,2,False,False,0.2,1,16,5,42,11,0.2619047619047619,0.0004523218690231569
Only UNet,U-Net,UNet,32,2,False,False,0.2,1,16,6,28,14,0.5,0.0017101051555298676
Only UNet,U-Net,UNet,32,2,False,False,0.2,1,16,7,38,13,0.34210526315789475,0.04509033806246527
Only UNet,U-Net,UNet,32,2,False,False,0.2,1,16,8,33,11,0.3333333333333333,0.0030152524523118936
Only UNet,U-Net,UNet,32,2,False,False,0.2,1,16,9,28,20,0.7142857142857143,0.019332451217972453
Only UNet,U-Net,UNet,32,2,False,False,0.2,1,16,10,31,27,0.8709677419354839,0.014214512245246367
Only UNet,U-Net,UNet,32,2,False,False,0.2,1,16,11,29,33,1.1379310344827587,0.005197458876938712
Only UNet,U-Net,UNet,32,2,False,False,0.2,1,16,12,29,16,0.5517241379310345,0.006374720734008633
Only UNet,U-Net,UNet,32,2,False,False,0.2,1,16,13,28,30,1.0714285714285714,0.03562918616875518
Only UNet,U-Net,UNet,32,2,False,False,0.2,1,16,14,29,26,0.896551724137931,0.03187620731161698
Only UNet,U-Net,UNet,32,2,False,False,0.2,1,16,15,42,19,0.4523809523809524,0.011471397441129782
Only UNet,U-Net,UNet,32,2,False,False,0.2,1,16,16,58,21,0.3620689655172414,0.042541650552768234
Only UNet,U-Net,UNet,32,2,False,False,0.2,1,16,17,35,19,0.5428571428571428,0.001907438537733559
Only UNet,U-Net,UNet,32,2,False,False,0.2,1,16,18,17,11,0.6470588235294118,0.015653611902617097
Only UNet,U-Net,UNet,32,2,False,False,0.2,1,16,19,17,25,1.4705882352941178,0.06726913532121936
Only UNet,U-Net,UNet,32,2,False,False,0.2,1,16,20,27,23,0.8518518518518519,0.0062947488337341305
Only UNet,U-Net,UNet,32,2,False,False,0.2,1,16,21,40,22,0.55,0.010168295749824325
Only UNet,U-Net,UNet,32,2,False,False,0.2,1,16,22,45,11,0.24444444444444444,0.03496687654450559
Only UNet,U-Net,UNet,32,2,False,False,0.2,1,16,23,23,16,0.6956521739130435,0.023843073108529223
Only UNet,U-Net,UNet,32,2,False,False,0.2,1,16,24,20,51,2.55,0.2530733034719093
Only UNet,U-Net,UNet,32,2,False,False,0.2,1,16,25,18,13,0.7222222222222222,0.014233567681991273
Only UNet,U-Net,UNet,32,2,False,False,0.2,1,16,26,34,15,0.4411764705882353,0.0019053321789476926
Only UNet,U-Net,UNet,32,2,False,False,0.2,1,16,27,35,22,0.6285714285714286,0.038499385105815506
Only UNet,U-Net,UNet,32,2,False,False,0.2,1,16,28,33,24,0.7272727272727273,0.000671118817490429
Only UNet,U-Net,UNet,32,2,False,False,0.2,1,16,29,40,40,1.0,0.006272319429919238
Only UNet,U-Net,UNet,32,2,False,False,0.2,1,16,30,19,8,0.42105263157894735,0.030405029332096156
Only UNet,U-Net,UNet,32,2,False,False,0.2,1,16,31,37,18,0.4864864864864865,0.007047723743811369
Only UNet,U-Net,UNet,32,2,False,False,0.2,1,16,32,37,13,0.35135135135135137,0.014971787779828912
Only UNet,U-Net,UNet,32,2,False,False,0.2,1,16,33,31,11,0.3548387096774194,0.002382533699709624
Only UNet,U-Net,UNet,32,2,False,False,0.2,1,16,34,25,19,0.76,0.08169688847467806
Only UNet,U-Net,UNet,32,2,False,False,0.2,1,16,35,25,12,0.48,0.008446264676680644
Only UNet,U-Net,UNet,32,2,False,False,0.2,1,16,36,26,28,1.0769230769230769,0.006632504342441225
Only UNet,U-Net,UNet,32,2,False,False,0.2,1,16,37,27,9,0.3333333333333333,0.061635343719561676
Only UNet,U-Net,UNet,32,2,False,False,0.2,1,16,38,44,11,0.25,0.02779499774239178
Only UNet,U-Net,UNet,32,2,False,False,0.2,1,16,39,19,8,0.42105263157894735,0.009277402431483586
Only UNet,U-Net,UNet,32,2,False,False,0.2,1,16,40,41,29,0.7073170731707317,0.009582978458874073
Only UNet,U-Net,UNet,32,2,False,False,0.2,1,16,41,32,18,0.5625,0.013187452942696031
Only UNet,U-Net,UNet,32,2,False,False,0.2,1,16,42,32,20,0.625,0.024297526223760742
Only UNet,U-Net,UNet,32,2,False,False,0.2,1,16,43,28,17,0.6071428571428571,0.03988048009072539
Only UNet,U-Net,UNet,32,2,False,False,0.2,1,16,44,41,12,0.2926829268292683,0.010596118885376878
Only UNet,U-Net,UNet,32,2,False,False,0.2,1,16,45,30,13,0.43333333333333335,0.02819804221501851
Only UNet,U-Net,UNet,32,2,False,False,0.2,1,16,46,21,10,0.47619047619047616,0.033553366324797954
Only UNet,U-Net,UNet,32,2,False,False,0.2,1,16,47,28,11,0.39285714285714285,0.005077631238054744
Only UNet,U-Net,UNet,32,2,False,False,0.2,1,16,48,17,7,0.4117647058823529,0.0344898358124261
Only UNet,U-Net,UNet,32,2,False,False,0.2,1,16,49,20,17,0.85,0.02671046691592656
Only UNet,U-Net,UNet,32,2,False,False,0.2,1,16,50,34,14,0.4117647058823529,0.004886375394276459
Only UNet,U-Net,UNet,32,2,False,False,0.2,1,16,51,41,14,0.34146341463414637,0.009183870515525938
Only UNet,U-Net,UNet,32,2,False,False,0.2,1,16,52,46,16,0.34782608695652173,0.041796311024119556
Only UNet,U-Net,UNet,32,2,False,False,0.2,1,16,53,18,21,1.1666666666666667,0.0011592129820567536
Only UNet,U-Net,UNet,32,2,False,False,0.2,1,16,54,30,24,0.8,0.06377163922505112
Only UNet,U-Net,UNet,32,2,False,False,0.2,1,16,55,40,14,0.35,0.03130741443817936
Only UNet,U-Net,UNet,32,2,False,False,0.2,1,16,56,29,24,0.8275862068965517,0.017366797659942843
Only UNet,U-Net,UNet,32,2,False,False,0.2,1,16,57,38,30,0.7894736842105263,0.006439953822236508
Only UNet,U-Net,UNet,32,2,False,False,0.2,1,16,58,29,11,0.3793103448275862,0.0013589776367437174
Only UNet,U-Net,UNet,32,2,False,False,0.2,1,16,59,25,11,0.44,0.00043840795941674167
Only UNet,U-Net,UNet,32,2,False,False,0.2,1,16,60,35,15,0.42857142857142855,0.020234245897058682
Only UNet,U-Net,UNet,32,2,False,False,0.2,1,16,61,18,14,0.7777777777777778,0.00016837786228863892
Only UNet,U-Net,UNet,32,2,False,False,0.2,1,16,62,24,12,0.5,0.018394061484464073
Only UNet,U-Net,UNet,32,2,False,False,0.2,1,16,63,15,8,0.5333333333333333,0.004218130679060325
Only UNet,U-Net,UNet,32,2,False,False,0.2,1,16,64,22,12,0.5454545454545454,0.002129549143351166
Only UNet,U-Net,UNet,32,2,False,False,0.2,1,16,65,20,15,0.75,0.006982400360367846
Only UNet,U-Net,UNet,32,2,False,False,0.2,1,16,66,31,13,0.41935483870967744,0.0075904539923067164
Only UNet,U-Net,UNet,32,2,False,False,0.2,1,16,67,46,9,0.1956521739130435,0.042481357793128685
Only UNet,U-Net,UNet,32,2,False,False,0.2,1,16,68,29,20,0.6896551724137931,0.05105130086158772
Only UNet,U-Net,UNet,32,2,False,False,0.2,1,16,69,50,28,0.56,0.04748058675697458
Only UNet,U-Net,UNet,32,2,False,False,0.2,1,16,70,31,32,1.032258064516129,0.027918230688204447
Only UNet,U-Net,UNet,32,2,False,False,0.2,1,16,71,41,23,0.5609756097560976,0.01545663788395825
Only UNet,U-Net,UNet,32,2,False,False,0.2,1,16,72,38,21,0.5526315789473685,0.054063020721868284
Only UNet,U-Net,UNet,32,2,False,False,0.2,1,16,73,44,27,0.6136363636363636,0.001895842376813882
Only UNet,U-Net,UNet,32,2,False,False,0.2,1,16,74,37,12,0.32432432432432434,0.036286505958951505
Only UNet,U-Net,UNet,32,2,False,False,0.2,1,16,75,29,18,0.6206896551724138,0.01060998347942541
Only UNet,U-Net,UNet,32,2,False,False,0.2,1,16,76,28,9,0.32142857142857145,0.02448463329512117
Only UNet,U-Net,UNet,32,2,False,False,0.2,1,16,77,18,10,0.5555555555555556,0.020582522806220645
Only UNet,U-Net,UNet,32,2,False,False,0.2,1,16,78,37,23,0.6216216216216216,0.00881136543642445
Only UNet,U-Net,UNet,32,2,False,False,0.2,1,16,79,24,9,0.375,0.017224756455117833
Only UNet,U-Net,UNet,32,2,False,False,0.2,1,16,80,38,11,0.2894736842105263,0.09499509669815112
Only UNet,U-Net,UNet,32,2,False,False,0.2,1,16,81,25,12,0.48,0.030146660095889413
Only UNet,U-Net,UNet,32,2,False,False,0.2,1,16,82,29,19,0.6551724137931034,0.0072083531607106096
Only UNet,U-Net,UNet,32,2,False,False,0.2,1,16,83,34,9,0.2647058823529412,0.004841020323144288
Only UNet,U-Net,UNet,32,2,False,False,0.2,1,16,84,21,12,0.5714285714285714,0.0017303122187255818
Only UNet,U-Net,UNet,32,2,False,False,0.2,1,16,85,22,8,0.36363636363636365,0.011533579164368049
Only UNet,U-Net,UNet,32,2,False,False,0.2,1,16,86,41,13,0.3170731707317073,0.040715787767643244
Only UNet,U-Net,UNet,32,2,False,False,0.2,1,16,87,28,12,0.42857142857142855,0.06829302655473998
Only UNet,U-Net,UNet,32,2,False,False,0.2,1,16,88,35,18,0.5142857142857142,0.00925573876881378
Only UNet,U-Net,UNet,32,2,False,False,0.2,1,16,89,32,25,0.78125,0.023565797588473564
Only UNet,U-Net,UNet,32,2,False,False,0.2,1,16,90,29,8,0.27586206896551724,0.0060928386610228456
Only UNet,U-Net,UNet,32,2,False,False,0.2,1,16,91,19,8,0.42105263157894735,0.0059762628318612
Only UNet,U-Net,UNet,32,2,False,False,0.2,1,16,92,45,12,0.26666666666666666,0.00702193508542181
Only UNet,U-Net,UNet,32,2,False,False,0.2,1,16,93,25,9,0.36,0.0026558843288005656
Only UNet,U-Net,UNet,32,2,False,False,0.2,1,16,94,32,19,0.59375,0.12412000480149171
Only UNet,U-Net,UNet,32,2,False,False,0.2,1,16,95,41,10,0.24390243902439024,0.11660650012045162
Only UNet,U-Net,UNet,32,2,False,False,0.2,1,16,96,16,16,1.0,0.02525356988982263
Only UNet,U-Net,UNet,32,2,False,False,0.2,1,16,97,26,7,0.2692307692307692,0.01178477840448233
Only UNet,U-Net,UNet,32,2,False,False,0.2,1,16,98,25,16,0.64,0.004225149325397683
Only UNet,U-Net,UNet,32,2,False,False,0.2,1,16,99,61,10,0.16393442622950818,0.020637426524899232
Only UNet,U-Net,UNet,32,2,False,False,0.2,1,32,0,33,14,0.42424242424242425,0.035183579467401103
Only UNet,U-Net,UNet,32,2,False,False,0.2,1,32,1,34,18,0.5294117647058824,0.02046519749006751
Only UNet,U-Net,UNet,32,2,False,False,0.2,1,32,2,29,14,0.4827586206896552,0.015676431696658708
Only UNet,U-Net,UNet,32,2,False,False,0.2,1,32,3,28,17,0.6071428571428571,0.0258787723155155
Only UNet,U-Net,UNet,32,2,False,False,0.2,1,32,4,36,13,0.3611111111111111,0.030892990108224588
Only UNet,U-Net,UNet,32,2,False,False,0.2,1,32,5,42,10,0.23809523809523808,0.006291771622058286
Only UNet,U-Net,UNet,32,2,False,False,0.2,1,32,6,28,17,0.6071428571428571,0.0015266811714658953
Only UNet,U-Net,UNet,32,2,False,False,0.2,1,32,7,38,12,0.3157894736842105,0.042073907946666815
Only UNet,U-Net,UNet,32,2,False,False,0.2,1,32,8,33,15,0.45454545454545453,0.008586244151498433
Only UNet,U-Net,UNet,32,2,False,False,0.2,1,32,9,28,21,0.75,0.02848457819127216
Only UNet,U-Net,UNet,32,2,False,False,0.2,1,32,10,31,25,0.8064516129032258,0.07430045767347353
Only UNet,U-Net,UNet,32,2,False,False,0.2,1,32,11,29,18,0.6206896551724138,0.055873461391647665
Only UNet,U-Net,UNet,32,2,False,False,0.2,1,32,12,29,9,0.3103448275862069,0.06789925547144438
Only UNet,U-Net,UNet,32,2,False,False,0.2,1,32,13,28,27,0.9642857142857143,0.02341918292891677
Only UNet,U-Net,UNet,32,2,False,False,0.2,1,32,14,29,12,0.41379310344827586,0.006279321572394811
Only UNet,U-Net,UNet,32,2,False,False,0.2,1,32,15,42,15,0.35714285714285715,0.013348964598193905
Only UNet,U-Net,UNet,32,2,False,False,0.2,1,32,16,58,24,0.41379310344827586,0.05538793479484235
Only UNet,U-Net,UNet,32,2,False,False,0.2,1,32,17,35,11,0.3142857142857143,0.0040895654090317216
Only UNet,U-Net,UNet,32,2,False,False,0.2,1,32,18,17,11,0.6470588235294118,0.007568304433432251
Only UNet,U-Net,UNet,32,2,False,False,0.2,1,32,19,17,14,0.8235294117647058,0.0018192592414826457
Only UNet,U-Net,UNet,32,2,False,False,0.2,1,32,20,27,24,0.8888888888888888,0.0076760735875447345
Only UNet,U-Net,UNet,32,2,False,False,0.2,1,32,21,40,14,0.35,0.049851190315464436
Only UNet,U-Net,UNet,32,2,False,False,0.2,1,32,22,45,16,0.35555555555555557,0.0013837365197081049
Only UNet,U-Net,UNet,32,2,False,False,0.2,1,32,23,23,16,0.6956521739130435,0.02546169200116492
Only UNet,U-Net,UNet,32,2,False,False,0.2,1,32,24,20,46,2.3,0.259130423057674
Only UNet,U-Net,UNet,32,2,False,False,0.2,1,32,25,18,11,0.6111111111111112,0.006063787546670971
Only UNet,U-Net,UNet,32,2,False,False,0.2,1,32,26,34,17,0.5,0.007019371289191733
Only UNet,U-Net,UNet,32,2,False,False,0.2,1,32,27,35,12,0.34285714285714286,0.056272527535213425
Only UNet,U-Net,UNet,32,2,False,False,0.2,1,32,28,33,18,0.5454545454545454,0.017378701780288074
Only UNet,U-Net,UNet,32,2,False,False,0.2,1,32,29,40,7,0.175,0.014547717204237101
Only UNet,U-Net,UNet,32,2,False,False,0.2,1,32,30,19,7,0.3684210526315789,0.030578242496704596
Only UNet,U-Net,UNet,32,2,False,False,0.2,1,32,31,37,20,0.5405405405405406,0.019399604660338084
Only UNet,U-Net,UNet,32,2,False,False,0.2,1,32,32,37,12,0.32432432432432434,0.008933632483877376
Only UNet,U-Net,UNet,32,2,False,False,0.2,1,32,33,31,10,0.3225806451612903,8.073906803409451e-05
Only UNet,U-Net,UNet,32,2,False,False,0.2,1,32,34,25,32,1.28,0.06077273041409003
Only UNet,U-Net,UNet,32,2,False,False,0.2,1,32,35,25,30,1.2,0.029825013758255817
Only UNet,U-Net,UNet,32,2,False,False,0.2,1,32,36,26,20,0.7692307692307693,0.007335355202003398
Only UNet,U-Net,UNet,32,2,False,False,0.2,1,32,37,27,6,0.2222222222222222,0.0009082138276652139
Only UNet,U-Net,UNet,32,2,False,False,0.2,1,32,38,44,16,0.36363636363636365,0.021888414350498174
Only UNet,U-Net,UNet,32,2,False,False,0.2,1,32,39,19,7,0.3684210526315789,0.008972265837448586
Only UNet,U-Net,UNet,32,2,False,False,0.2,1,32,40,41,20,0.4878048780487805,0.001264961912147859
Only UNet,U-Net,UNet,32,2,False,False,0.2,1,32,41,32,18,0.5625,0.0198348124406563
Only UNet,U-Net,UNet,32,2,False,False,0.2,1,32,42,32,28,0.875,0.008587423190140641
Only UNet,U-Net,UNet,32,2,False,False,0.2,1,32,43,28,43,1.5357142857142858,0.019122652745318644
Only UNet,U-Net,UNet,32,2,False,False,0.2,1,32,44,41,40,0.975609756097561,0.03023700735252969
Only UNet,U-Net,UNet,32,2,False,False,0.2,1,32,45,30,15,0.5,0.0015948914308781903
Only UNet,U-Net,UNet,32,2,False,False,0.2,1,32,46,21,10,0.47619047619047616,0.031138776814921318
Only UNet,U-Net,UNet,32,2,False,False,0.2,1,32,47,28,18,0.6428571428571429,0.017290672775384583
Only UNet,U-Net,UNet,32,2,False,False,0.2,1,32,48,17,34,2.0,0.04423473816530218
Only UNet,U-Net,UNet,32,2,False,False,0.2,1,32,49,20,16,0.8,0.027402222724342586
Only UNet,U-Net,UNet,32,2,False,False,0.2,1,32,50,34,10,0.29411764705882354,0.0008638102208651644
Only UNet,U-Net,UNet,32,2,False,False,0.2,1,32,51,41,8,0.1951219512195122,0.015483231875729368
Only UNet,U-Net,UNet,32,2,False,False,0.2,1,32,52,46,9,0.1956521739130435,0.05002160036098073
Only UNet,U-Net,UNet,32,2,False,False,0.2,1,32,53,18,15,0.8333333333333334,0.011831160813911954
Only UNet,U-Net,UNet,32,2,False,False,0.2,1,32,54,30,22,0.7333333333333333,0.04825736304117423
Only UNet,U-Net,UNet,32,2,False,False,0.2,1,32,55,40,19,0.475,0.02942824171089596
Only UNet,U-Net,UNet,32,2,False,False,0.2,1,32,56,29,12,0.41379310344827586,0.056588391637982495
Only UNet,U-Net,UNet,32,2,False,False,0.2,1,32,57,38,27,0.7105263157894737,0.0024677728032094044
Only UNet,U-Net,UNet,32,2,False,False,0.2,1,32,58,29,13,0.4482758620689655,0.0015740378686478276
Only UNet,U-Net,UNet,32,2,False,False,0.2,1,32,59,25,26,1.04,0.021421292706912485
Only UNet,U-Net,UNet,32,2,False,False,0.2,1,32,60,35,18,0.5142857142857142,0.05833379832285836
Only UNet,U-Net,UNet,32,2,False,False,0.2,1,32,61,18,13,0.7222222222222222,0.0026920125545075676
Only UNet,U-Net,UNet,32,2,False,False,0.2,1,32,62,24,19,0.7916666666666666,0.0214764785534516
Only UNet,U-Net,UNet,32,2,False,False,0.2,1,32,63,15,7,0.4666666666666667,0.004576839744202258
Only UNet,U-Net,UNet,32,2,False,False,0.2,1,32,64,22,10,0.45454545454545453,0.008022503782251063
Only UNet,U-Net,UNet,32,2,False,False,0.2,1,32,65,20,10,0.5,0.008530855950169523
Only UNet,U-Net,UNet,32,2,False,False,0.2,1,32,66,31,10,0.3225806451612903,0.0025256095058125423
Only UNet,U-Net,UNet,32,2,False,False,0.2,1,32,67,46,45,0.9782608695652174,0.0013752955320011713
Only UNet,U-Net,UNet,32,2,False,False,0.2,1,32,68,29,8,0.27586206896551724,0.037229017417416826
Only UNet,U-Net,UNet,32,2,False,False,0.2,1,32,69,50,12,0.24,0.03586780033927393
Only UNet,U-Net,UNet,32,2,False,False,0.2,1,32,70,31,18,0.5806451612903226,0.01512877104589783
Only UNet,U-Net,UNet,32,2,False,False,0.2,1,32,71,41,21,0.5121951219512195,0.06352199210196786
Only UNet,U-Net,UNet,32,2,False,False,0.2,1,32,72,38,16,0.42105263157894735,0.02834525980136987
Only UNet,U-Net,UNet,32,2,False,False,0.2,1,32,73,44,28,0.6363636363636364,0.008297172059363683
Only UNet,U-Net,UNet,32,2,False,False,0.2,1,32,74,37,19,0.5135135135135135,0.008513038835908503
Only UNet,U-Net,UNet,32,2,False,False,0.2,1,32,75,29,13,0.4482758620689655,0.029855388059705147
Only UNet,U-Net,UNet,32,2,False,False,0.2,1,32,76,28,14,0.5,0.04877604601750416
Only UNet,U-Net,UNet,32,2,False,False,0.2,1,32,77,18,14,0.7777777777777778,0.0007093150484235739
Only UNet,U-Net,UNet,32,2,False,False,0.2,1,32,78,37,0,0.0,0.3041992835924951
Only UNet,U-Net,UNet,32,2,False,False,0.2,1,32,79,24,27,1.125,0.01808700078876904
Only UNet,U-Net,UNet,32,2,False,False,0.2,1,32,80,38,12,0.3157894736842105,0.006317329057243048
Only UNet,U-Net,UNet,32,2,False,False,0.2,1,32,81,25,8,0.32,0.09623544058284657
Only UNet,U-Net,UNet,32,2,False,False,0.2,1,32,82,29,8,0.27586206896551724,0.016610172012494328
Only UNet,U-Net,UNet,32,2,False,False,0.2,1,32,83,34,9,0.2647058823529412,0.0004891970544777752
Only UNet,U-Net,UNet,32,2,False,False,0.2,1,32,84,21,14,0.6666666666666666,0.0006970474074898278
Only UNet,U-Net,UNet,32,2,False,False,0.2,1,32,85,22,9,0.4090909090909091,0.01738021544089893
Only UNet,U-Net,UNet,32,2,False,False,0.2,1,32,86,41,19,0.4634146341463415,0.03733862411523318
Only UNet,U-Net,UNet,32,2,False,False,0.2,1,32,87,28,10,0.35714285714285715,0.05576720460747715
Only UNet,U-Net,UNet,32,2,False,False,0.2,1,32,88,35,12,0.34285714285714286,0.04106788551925938
Only UNet,U-Net,UNet,32,2,False,False,0.2,1,32,89,32,12,0.375,0.04794514427591577
Only UNet,U-Net,UNet,32,2,False,False,0.2,1,32,90,29,16,0.5517241379310345,0.009965680739099255
Only UNet,U-Net,UNet,32,2,False,False,0.2,1,32,91,19,19,1.0,0.03203845985657799
Only UNet,U-Net,UNet,32,2,False,False,0.2,1,32,92,45,30,0.6666666666666666,0.04087621340668972
Only UNet,U-Net,UNet,32,2,False,False,0.2,1,32,93,25,8,0.32,0.00324503541806362
Only UNet,U-Net,UNet,32,2,False,False,0.2,1,32,94,32,0,0.0,0.1950677308168222
Only UNet,U-Net,UNet,32,2,False,False,0.2,1,32,95,41,16,0.3902439024390244,0.020151088998189227
Only UNet,U-Net,UNet,32,2,False,False,0.2,1,32,96,16,0,0.0,0.12689388152786035
Only UNet,U-Net,UNet,32,2,False,False,0.2,1,32,97,26,9,0.34615384615384615,0.002150697463530803
Only UNet,U-Net,UNet,32,2,False,False,0.2,1,32,98,25,7,0.28,0.012396680187773743
Only UNet,U-Net,UNet,32,2,False,False,0.2,1,32,99,61,14,0.22950819672131148,0.014929232718636946
Only UNet,U-Net,UNet,32,2,False,False,0.2,0.5,16,0,33,20,0.6060606060606061,0.09809965152055877
Only UNet,U-Net,UNet,32,2,False,False,0.2,0.5,16,1,34,19,0.5588235294117647,0.04348985623111411
Only UNet,U-Net,UNet,32,2,False,False,0.2,0.5,16,2,29,21,0.7241379310344828,0.008616141932544065
Only UNet,U-Net,UNet,32,2,False,False,0.2,0.5,16,3,28,13,0.4642857142857143,0.0018351271557194085
Only UNet,U-Net,UNet,32,2,False,False,0.2,0.5,16,4,36,9,0.25,0.0008547092252506034
Only UNet,U-Net,UNet,32,2,False,False,0.2,0.5,16,5,42,7,0.16666666666666666,0.018038042196745978
Only UNet,U-Net,UNet,32,2,False,False,0.2,0.5,16,6,28,13,0.4642857142857143,0.002272878303925427
Only UNet,U-Net,UNet,32,2,False,False,0.2,0.5,16,7,38,11,0.2894736842105263,0.000504187777600233
Only UNet,U-Net,UNet,32,2,False,False,0.2,0.5,16,8,33,9,0.2727272727272727,0.003465773502070198
Only UNet,U-Net,UNet,32,2,False,False,0.2,0.5,16,9,28,12,0.42857142857142855,0.06817691100341888
Only UNet,U-Net,UNet,32,2,False,False,0.2,0.5,16,10,31,15,0.4838709677419355,0.05124568400264483
Only UNet,U-Net,UNet,32,2,False,False,0.2,0.5,16,11,29,11,0.3793103448275862,0.03631059339937218
Only UNet,U-Net,UNet,32,2,False,False,0.2,0.5,16,12,29,4,0.13793103448275862,0.18523374292345401
Only UNet,U-Net,UNet,32,2,False,False,0.2,0.5,16,13,28,17,0.6071428571428571,0.04767109983330627
Only UNet,U-Net,UNet,32,2,False,False,0.2,0.5,16,14,29,21,0.7241379310344828,0.020272843510053692
Only UNet,U-Net,UNet,32,2,False,False,0.2,0.5,16,15,42,22,0.5238095238095238,0.0216076546916991
Only UNet,U-Net,UNet,32,2,False,False,0.2,0.5,16,16,58,22,0.3793103448275862,0.026676466984707246
Only UNet,U-Net,UNet,32,2,False,False,0.2,0.5,16,17,35,13,0.37142857142857144,0.034870468168760195
Only UNet,U-Net,UNet,32,2,False,False,0.2,0.5,16,18,17,10,0.5882352941176471,0.024188426611484685
Only UNet,U-Net,UNet,32,2,False,False,0.2,0.5,16,19,17,39,2.2941176470588234,0.022434152487797895
Only UNet,U-Net,UNet,32,2,False,False,0.2,0.5,16,20,27,16,0.5925925925925926,0.03893585468995526
Only UNet,U-Net,UNet,32,2,False,False,0.2,0.5,16,21,40,24,0.6,0.00855134547961376
Only UNet,U-Net,UNet,32,2,False,False,0.2,0.5,16,22,45,15,0.3333333333333333,0.02014953968189693
Only UNet,U-Net,UNet,32,2,False,False,0.2,0.5,16,23,23,19,0.8260869565217391,0.06904983805216902
Only UNet,U-Net,UNet,32,2,False,False,0.2,0.5,16,24,20,13,0.65,0.014410256188769763
Only UNet,U-Net,UNet,32,2,False,False,0.2,0.5,16,25,18,15,0.8333333333333334,1.4789966210843195e-06
Only UNet,U-Net,UNet,32,2,False,False,0.2,0.5,16,26,34,5,0.14705882352941177,0.013350066769351037
Only UNet,U-Net,UNet,32,2,False,False,0.2,0.5,16,27,35,22,0.6285714285714286,0.05011220718945265
Only UNet,U-Net,UNet,32,2,False,False,0.2,0.5,16,28,33,27,0.8181818181818182,0.006556267060378719
Only UNet,U-Net,UNet,32,2,False,False,0.2,0.5,16,29,40,31,0.775,0.0038195664029168175
Only UNet,U-Net,UNet,32,2,False,False,0.2,0.5,16,30,19,8,0.42105263157894735,0.026849060338193998
Only UNet,U-Net,UNet,32,2,False,False,0.2,0.5,16,31,37,13,0.35135135135135137,0.006904545494729154
Only UNet,U-Net,UNet,32,2,False,False,0.2,0.5,16,32,37,17,0.4594594594594595,0.014993376343868341
Only UNet,U-Net,UNet,32,2,False,False,0.2,0.5,16,33,31,19,0.6129032258064516,0.0017505523006362685
Only UNet,U-Net,UNet,32,2,False,False,0.2,0.5,16,34,25,17,0.68,0.07096463387674255
Only UNet,U-Net,UNet,32,2,False,False,0.2,0.5,16,35,25,13,0.52,0.002111531661380303
Only UNet,U-Net,UNet,32,2,False,False,0.2,0.5,16,36,26,21,0.8076923076923077,0.011304880396820587
Only UNet,U-Net,UNet,32,2,False,False,0.2,0.5,16,37,27,16,0.5925925925925926,0.023084287692952142
Only UNet,U-Net,UNet,32,2,False,False,0.2,0.5,16,38,44,9,0.20454545454545456,0.010295223224410998
Only UNet,U-Net,UNet,32,2,False,False,0.2,0.5,16,39,19,7,0.3684210526315789,0.010371063545883833
Only UNet,U-Net,UNet,32,2,False,False,0.2,0.5,16,40,41,24,0.5853658536585366,0.006870719754353547
Only UNet,U-Net,UNet,32,2,False,False,0.2,0.5,16,41,32,22,0.6875,0.016813413187431316
Only UNet,U-Net,UNet,32,2,False,False,0.2,0.5,16,42,32,31,0.96875,0.02002857187483445
Only UNet,U-Net,UNet,32,2,False,False,0.2,0.5,16,43,28,9,0.32142857142857145,0.03900967442234208
Only UNet,U-Net,UNet,32,2,False,False,0.2,0.5,16,44,41,34,0.8292682926829268,0.019405214767364197
Only UNet,U-Net,UNet,32,2,False,False,0.2,0.5,16,45,30,17,0.5666666666666667,0.005974389903106351
Only UNet,U-Net,UNet,32,2,False,False,0.2,0.5,16,46,21,12,0.5714285714285714,0.03146974267053864
Only UNet,U-Net,UNet,32,2,False,False,0.2,0.5,16,47,28,17,0.6071428571428571,0.00973930774308582
Only UNet,U-Net,UNet,32,2,False,False,0.2,0.5,16,48,17,24,1.411764705882353,0.04520133712856585
Only UNet,U-Net,UNet,32,2,False,False,0.2,0.5,16,49,20,14,0.7,0.022099011856538727
Only UNet,U-Net,UNet,32,2,False,False,0.2,0.5,16,50,34,28,0.8235294117647058,0.015664217885356234
Only UNet,U-Net,UNet,32,2,False,False,0.2,0.5,16,51,41,14,0.34146341463414637,0.012331230219480788
Only UNet,U-Net,UNet,32,2,False,False,0.2,0.5,16,52,46,12,0.2608695652173913,0.05147664118054833
Only UNet,U-Net,UNet,32,2,False,False,0.2,0.5,16,53,18,19,1.0555555555555556,0.016655045424958208
Only UNet,U-Net,UNet,32,2,False,False,0.2,0.5,16,54,30,26,0.8666666666666667,0.03319686977436252
Only UNet,U-Net,UNet,32,2,False,False,0.2,0.5,16,55,40,15,0.375,0.15384093419784436
Only UNet,U-Net,UNet,32,2,False,False,0.2,0.5,16,56,29,2,0.06896551724137931,0.7941827943158828
Only UNet,U-Net,UNet,32,2,False,False,0.2,0.5,16,57,38,16,0.42105263157894735,0.003684320993185005
Only UNet,U-Net,UNet,32,2,False,False,0.2,0.5,16,58,29,14,0.4827586206896552,0.008076226068909509
Only UNet,U-Net,UNet,32,2,False,False,0.2,0.5,16,59,25,10,0.4,0.054366980296383205
Only UNet,U-Net,UNet,32,2,False,False,0.2,0.5,16,60,35,32,0.9142857142857143,0.023688860234390995
Only UNet,U-Net,UNet,32,2,False,False,0.2,0.5,16,61,18,13,0.7222222222222222,0.010408992369051743
Only UNet,U-Net,UNet,32,2,False,False,0.2,0.5,16,62,24,9,0.375,0.018296730181302095
Only UNet,U-Net,UNet,32,2,False,False,0.2,0.5,16,63,15,15,1.0,0.001184170394074688
Only UNet,U-Net,UNet,32,2,False,False,0.2,0.5,16,64,22,6,0.2727272727272727,0.021125881324749178
Only UNet,U-Net,UNet,32,2,False,False,0.2,0.5,16,65,20,14,0.7,0.05011984927818918
Only UNet,U-Net,UNet,32,2,False,False,0.2,0.5,16,66,31,22,0.7096774193548387,0.004047085383186675
Only UNet,U-Net,UNet,32,2,False,False,0.2,0.5,16,67,46,24,0.5217391304347826,0.04419170110974075
Only UNet,U-Net,UNet,32,2,False,False,0.2,0.5,16,68,29,26,0.896551724137931,0.015939762016703173
Only UNet,U-Net,UNet,32,2,False,False,0.2,0.5,16,69,50,11,0.22,0.05065479183477381
Only UNet,U-Net,UNet,32,2,False,False,0.2,0.5,16,70,31,15,0.4838709677419355,0.016171184934919074
Only UNet,U-Net,UNet,32,2,False,False,0.2,0.5,16,71,41,26,0.6341463414634146,0.05325643192371141
Only UNet,U-Net,UNet,32,2,False,False,0.2,0.5,16,72,38,11,0.2894736842105263,0.045410139974399445
Only UNet,U-Net,UNet,32,2,False,False,0.2,0.5,16,73,44,20,0.45454545454545453,0.002150957065854752
Only UNet,U-Net,UNet,32,2,False,False,0.2,0.5,16,74,37,25,0.6756756756756757,0.011453035497997742
Only UNet,U-Net,UNet,32,2,False,False,0.2,0.5,16,75,29,11,0.3793103448275862,0.05164031999342016
Only UNet,U-Net,UNet,32,2,False,False,0.2,0.5,16,76,28,19,0.6785714285714286,0.003188255151121628
Only UNet,U-Net,UNet,32,2,False,False,0.2,0.5,16,77,18,14,0.7777777777777778,0.003039700450352156
Only UNet,U-Net,UNet,32,2,False,False,0.2,0.5,16,78,37,17,0.4594594594594595,0.00504497737535305
Only UNet,U-Net,UNet,32,2,False,False,0.2,0.5,16,79,24,11,0.4583333333333333,0.02132427533172642
Only UNet,U-Net,UNet,32,2,False,False,0.2,0.5,16,80,38,12,0.3157894736842105,0.01337674749940653
Only UNet,U-Net,UNet,32,2,False,False,0.2,0.5,16,81,25,9,0.36,0.0031643198506963984
Only UNet,U-Net,UNet,32,2,False,False,0.2,0.5,16,82,29,19,0.6551724137931034,0.013654071786872274
Only UNet,U-Net,UNet,32,2,False,False,0.2,0.5,16,83,34,24,0.7058823529411765,0.013739326677835754
Only UNet,U-Net,UNet,32,2,False,False,0.2,0.5,16,84,21,11,0.5238095238095238,0.011259289282847348
Only UNet,U-Net,UNet,32,2,False,False,0.2,0.5,16,85,22,15,0.6818181818181818,0.025123776893818416
Only UNet,U-Net,UNet,32,2,False,False,0.2,0.5,16,86,41,23,0.5609756097560976,0.025826015038822828
Only UNet,U-Net,UNet,32,2,False,False,0.2,0.5,16,87,28,7,0.25,0.007371223409084493
Only UNet,U-Net,UNet,32,2,False,False,0.2,0.5,16,88,35,17,0.4857142857142857,0.005238399320592083
Only UNet,U-Net,UNet,32,2,False,False,0.2,0.5,16,89,32,28,0.875,0.012097124853498134
Only UNet,U-Net,UNet,32,2,False,False,0.2,0.5,16,90,29,17,0.5862068965517241,0.01979750874305027
Only UNet,U-Net,UNet,32,2,False,False,0.2,0.5,16,91,19,18,0.9473684210526315,0.04508357868893328
Only UNet,U-Net,UNet,32,2,False,False,0.2,0.5,16,92,45,15,0.3333333333333333,0.04885667942135914
Only UNet,U-Net,UNet,32,2,False,False,0.2,0.5,16,93,25,10,0.4,0.004715717741900074
Only UNet,U-Net,UNet,32,2,False,False,0.2,0.5,16,94,32,13,0.40625,0.07623054019489363
Only UNet,U-Net,UNet,32,2,False,False,0.2,0.5,16,95,41,22,0.5365853658536586,0.008172264481529122
Only UNet,U-Net,UNet,32,2,False,False,0.2,0.5,16,96,16,16,1.0,0.01862550612076191
Only UNet,U-Net,UNet,32,2,False,False,0.2,0.5,16,97,26,7,0.2692307692307692,0.00920901021613376
Only UNet,U-Net,UNet,32,2,False,False,0.2,0.5,16,98,25,28,1.12,0.004589443435598141
Only UNet,U-Net,UNet,32,2,False,False,0.2,0.5,16,99,61,18,0.29508196721311475,0.023270983407461625
Only UNet,U-Net,UNet,32,2,False,True,0.5,1,16,0,33,28,0.8484848484848485,0.002594862983714664
Only UNet,U-Net,UNet,32,2,False,True,0.5,1,16,1,34,0,0.0,0.33696506877845395
Only UNet,U-Net,UNet,32,2,False,True,0.5,1,16,2,29,0,0.0,0.3641735249607822
Only UNet,U-Net,UNet,32,2,False,True,0.5,1,16,3,28,0,0.0,0.5038931613176456
Only UNet,U-Net,UNet,32,2,False,True,0.5,1,16,4,36,0,0.0,0.8070593466954854
Only UNet,U-Net,UNet,32,2,False,True,0.5,1,16,5,42,27,0.6428571428571429,0.05387102931764336
Only UNet,U-Net,UNet,32,2,False,True,0.5,1,16,6,28,0,0.0,0.9617200213090565
Only UNet,U-Net,UNet,32,2,False,True,0.5,1,16,7,38,23,0.6052631578947368,0.011687243787623184
Only UNet,U-Net,UNet,32,2,False,True,0.5,1,16,8,33,0,0.0,0.6401322436995021
Only UNet,U-Net,UNet,32,2,False,True,0.5,1,16,9,28,22,0.7857142857142857,0.03103422576459623
Only UNet,U-Net,UNet,32,2,False,True,0.5,1,16,10,31,0,0.0,0.8594224980713229
Only UNet,U-Net,UNet,32,2,False,True,0.5,1,16,11,29,0,0.0,0.43505662121686356
Only UNet,U-Net,UNet,32,2,False,True,0.5,1,16,12,29,0,0.0,0.5072264142246709
Only UNet,U-Net,UNet,32,2,False,True,0.5,1,16,13,28,0,0.0,0.4630908939970423
Only UNet,U-Net,UNet,32,2,False,True,0.5,1,16,14,29,1,0.034482758620689655,118696761.4806112
Only UNet,U-Net,UNet,32,2,False,True,0.5,1,16,15,42,0,0.0,0.45586401875348365
Only UNet,U-Net,UNet,32,2,False,True,0.5,1,16,16,58,0,0.0,0.4701146223058792
Only UNet,U-Net,UNet,32,2,False,True,0.5,1,16,17,35,0,0.0,0.6279441464191063
Only UNet,U-Net,UNet,32,2,False,True,0.5,1,16,18,17,0,0.0,0.45750647565985136
Only UNet,U-Net,UNet,32,2,False,True,0.5,1,16,19,17,0,0.0,0.32399451246746735
Only UNet,U-Net,UNet,32,2,False,True,0.5,1,16,20,27,0,0.0,0.5143417288824954
Only UNet,U-Net,UNet,32,2,False,True,0.5,1,16,21,40,4,0.1,0.9393338346340004
Only UNet,U-Net,UNet,32,2,False,True,0.5,1,16,22,45,36,0.8,0.013047396470779765
Only UNet,U-Net,UNet,32,2,False,True,0.5,1,16,23,23,0,0.0,0.05675441764731775
Only UNet,U-Net,UNet,32,2,False,True,0.5,1,16,24,20,0,0.0,0.019931821061942634
Only UNet,U-Net,UNet,32,2,False,True,0.5,1,16,25,18,2,0.1111111111111111,9.240725631238222
Only UNet,U-Net,UNet,32,2,False,True,0.5,1,16,26,34,0,0.0,0.3980994347964609
Only UNet,U-Net,UNet,32,2,False,True,0.5,1,16,27,35,0,0.0,0.20290757107239185
Only UNet,U-Net,UNet,32,2,False,True,0.5,1,16,28,33,26,0.7878787878787878,0.15745121804666173
Only UNet,U-Net,UNet,32,2,False,True,0.5,1,16,29,40,0,0.0,0.7477729737807046
Only UNet,U-Net,UNet,32,2,False,True,0.5,1,16,30,19,0,0.0,0.7736300058545735
Only UNet,U-Net,UNet,32,2,False,True,0.5,1,16,31,37,47,1.2702702702702702,0.0027506446438894465
Only UNet,U-Net,UNet,32,2,False,True,0.5,1,16,32,37,0,0.0,0.7444623356264132
Only UNet,U-Net,UNet,32,2,False,True,0.5,1,16,33,31,14,0.45161290322580644,0.16876019965717068
Only UNet,U-Net,UNet,32,2,False,True,0.5,1,16,34,25,0,0.0,0.5721585997267125
Only UNet,U-Net,UNet,32,2,False,True,0.5,1,16,35,25,32,1.28,0.03332003173060293
Only UNet,U-Net,UNet,32,2,False,True,0.5,1,16,36,26,0,0.0,0.46886563437572537
Only UNet,U-Net,UNet,32,2,False,True,0.5,1,16,37,27,0,0.0,0.5424191047731913
Only UNet,U-Net,UNet,32,2,False,True,0.5,1,16,38,44,0,0.0,0.7313206095026418
Only UNet,U-Net,UNet,32,2,False,True,0.5,1,16,39,19,0,0.0,0.5001871378578095
Only UNet,U-Net,UNet,32,2,False,True,0.5,1,16,40,41,61,1.4878048780487805,0.0009606326662824427
Only UNet,U-Net,UNet,32,2,False,True,0.5,1,16,41,32,0,0.0,0.19585856797872586
Only UNet,U-Net,UNet,32,2,False,True,0.5,1,16,42,32,0,0.0,0.5597427371901178
Only UNet,U-Net,UNet,32,2,False,True,0.5,1,16,43,28,0,0.0,0.5186986261003966
Only UNet,U-Net,UNet,32,2,False,True,0.5,1,16,44,41,40,0.975609756097561,0.04898632537101437
Only UNet,U-Net,UNet,32,2,False,True,0.5,1,16,45,30,2,0.06666666666666667,8.309307709481825
Only UNet,U-Net,UNet,32,2,False,True,0.5,1,16,46,21,0,0.0,0.7625010608409191
Only UNet,U-Net,UNet,32,2,False,True,0.5,1,16,47,28,0,0.0,0.606193659642594
Only UNet,U-Net,UNet,32,2,False,True,0.5,1,16,48,17,0,0.0,0.5495934030275634
Only UNet,U-Net,UNet,32,2,False,True,0.5,1,16,49,20,0,0.0,0.07461941461631491
Only UNet,U-Net,UNet,32,2,False,True,0.5,1,16,50,34,32,0.9411764705882353,0.012953929046798466
Only UNet,U-Net,UNet,32,2,False,True,0.5,1,16,51,41,0,0.0,0.5842483588377666
Only UNet,U-Net,UNet,32,2,False,True,0.5,1,16,52,46,0,0.0,0.8623588808274866
Only UNet,U-Net,UNet,32,2,False,True,0.5,1,16,53,18,20,1.1111111111111112,0.010175142268116591
Only UNet,U-Net,UNet,32,2,False,True,0.5,1,16,54,30,0,0.0,0.6804277880084777
Only UNet,U-Net,UNet,32,2,False,True,0.5,1,16,55,40,0,0.0,0.4588503787812085
Only UNet,U-Net,UNet,32,2,False,True,0.5,1,16,56,29,0,0.0,0.6899037588130535
Only UNet,U-Net,UNet,32,2,False,True,0.5,1,16,57,38,0,0.0,0.5171602255809085
Only UNet,U-Net,UNet,32,2,False,True,0.5,1,16,58,29,0,0.0,0.14162402433338847
Only UNet,U-Net,UNet,32,2,False,True,0.5,1,16,59,25,0,0.0,0.727304959906251
Only UNet,U-Net,UNet,32,2,False,True,0.5,1,16,60,35,0,0.0,0.48842629514163655
Only UNet,U-Net,UNet,32,2,False,True,0.5,1,16,61,18,0,0.0,0.585133117949455
Only UNet,U-Net,UNet,32,2,False,True,0.5,1,16,62,24,0,0.0,0.02306767433070347
Only UNet,U-Net,UNet,32,2,False,True,0.5,1,16,63,15,0,0.0,0.3227975101088491
Only UNet,U-Net,UNet,32,2,False,True,0.5,1,16,64,22,0,0.0,0.19515455086935146
Only UNet,U-Net,UNet,32,2,False,True,0.5,1,16,65,20,0,0.0,0.4968757095379762
Only UNet,U-Net,UNet,32,2,False,True,0.5,1,16,66,31,0,0.0,0.19694575400397352
Only UNet,U-Net,UNet,32,2,False,True,0.5,1,16,67,46,0,0.0,0.6031404427821726
Only UNet,U-Net,UNet,32,2,False,True,0.5,1,16,68,29,0,0.0,0.43559499085750625
Only UNet,U-Net,UNet,32,2,False,True,0.5,1,16,69,50,0,0.0,0.6161476642548868
Only UNet,U-Net,UNet,32,2,False,True,0.5,1,16,70,31,36,1.1612903225806452,0.02542963873816338
Only UNet,U-Net,UNet,32,2,False,True,0.5,1,16,71,41,0,0.0,0.426617306960894
Only UNet,U-Net,UNet,32,2,False,True,0.5,1,16,72,38,0,0.0,0.7142085245664681
Only UNet,U-Net,UNet,32,2,False,True,0.5,1,16,73,44,0,0.0,0.7162677226922303
Only UNet,U-Net,UNet,32,2,False,True,0.5,1,16,74,37,0,0.0,0.6480248254672831
Only UNet,U-Net,UNet,32,2,False,True,0.5,1,16,75,29,0,0.0,0.06258168186743934
Only UNet,U-Net,UNet,32,2,False,True,0.5,1,16,76,28,0,0.0,0.36842112875061955
Only UNet,U-Net,UNet,32,2,False,True,0.5,1,16,77,18,0,0.0,0.2640519133458933
Only UNet,U-Net,UNet,32,2,False,True,0.5,1,16,78,37,0,0.0,0.4988954927588663
Only UNet,U-Net,UNet,32,2,False,True,0.5,1,16,79,24,27,1.125,0.03619748683176204
Only UNet,U-Net,UNet,32,2,False,True,0.5,1,16,80,38,0,0.0,0.5158402643377648
Only UNet,U-Net,UNet,32,2,False,True,0.5,1,16,81,25,0,0.0,0.605714096462762
Only UNet,U-Net,UNet,32,2,False,True,0.5,1,16,82,29,24,0.8275862068965517,0.014156008782827745
Only UNet,U-Net,UNet,32,2,False,True,0.5,1,16,83,34,0,0.0,0.15449575764478105
Only UNet,U-Net,UNet,32,2,False,True,0.5,1,16,84,21,0,0.0,0.575666144662832
Only UNet,U-Net,UNet,32,2,False,True,0.5,1,16,85,22,0,0.0,0.022269852791730785
Only UNet,U-Net,UNet,32,2,False,True,0.5,1,16,86,41,0,0.0,0.44314223992928675
Only UNet,U-Net,UNet,32,2,False,True,0.5,1,16,87,28,56,2.0,0.06374304876867172
Only UNet,U-Net,UNet,32,2,False,True,0.5,1,16,88,35,0,0.0,0.6888774635027665
Only UNet,U-Net,UNet,32,2,False,True,0.5,1,16,89,32,0,0.0,0.700151867285465
Only UNet,U-Net,UNet,32,2,False,True,0.5,1,16,90,29,23,0.7931034482758621,0.008195578071512184
Only UNet,U-Net,UNet,32,2,False,True,0.5,1,16,91,19,0,0.0,0.20920201838510258
Only UNet,U-Net,UNet,32,2,False,True,0.5,1,16,92,45,0,0.0,0.44700115445306027
Only UNet,U-Net,UNet,32,2,False,True,0.5,1,16,93,25,0,0.0,0.5974792973844012
Only UNet,U-Net,UNet,32,2,False,True,0.5,1,16,94,32,0,0.0,0.01507144926529054
Only UNet,U-Net,UNet,32,2,False,True,0.5,1,16,95,41,0,0.0,0.16475397868139702
Only UNet,U-Net,UNet,32,2,False,True,0.5,1,16,96,16,0,0.0,0.3915671678900512
Only UNet,U-Net,UNet,32,2,False,True,0.5,1,16,97,26,0,0.0,0.5188805187680755
Only UNet,U-Net,UNet,32,2,False,True,0.5,1,16,98,25,0,0.0,0.5895694482426245
Only UNet,U-Net,UNet,32,2,False,True,0.5,1,16,99,61,0,0.0,0.8040197874812057
Only UNet,U-Net,UNet,32,3,False,False,0.2,1,16,0,33,31,0.9393939393939394,0.10350092730819298
Only UNet,U-Net,UNet,32,3,False,False,0.2,1,16,1,34,14,0.4117647058823529,0.004487028446641829
Only UNet,U-Net,UNet,32,3,False,False,0.2,1,16,2,29,18,0.6206896551724138,0.010088098586459099
Only UNet,U-Net,UNet,32,3,False,False,0.2,1,16,3,28,25,0.8928571428571429,0.00755364977269569
Only UNet,U-Net,UNet,32,3,False,False,0.2,1,16,4,36,23,0.6388888888888888,0.03273348375819999
Only UNet,U-Net,UNet,32,3,False,False,0.2,1,16,5,42,5,0.11904761904761904,0.01589657792399795
Only UNet,U-Net,UNet,32,3,False,False,0.2,1,16,6,28,24,0.8571428571428571,0.005647908853266734
Only UNet,U-Net,UNet,32,3,False,False,0.2,1,16,7,38,12,0.3157894736842105,0.04842719715149107
Only UNet,U-Net,UNet,32,3,False,False,0.2,1,16,8,33,14,0.42424242424242425,0.005751888581009031
Only UNet,U-Net,UNet,32,3,False,False,0.2,1,16,9,28,16,0.5714285714285714,0.05891114410929344
Only UNet,U-Net,UNet,32,3,False,False,0.2,1,16,10,31,11,0.3548387096774194,0.02801876472648145
Only UNet,U-Net,UNet,32,3,False,False,0.2,1,16,11,29,44,1.5172413793103448,0.002597816755885863
Only UNet,U-Net,UNet,32,3,False,False,0.2,1,16,12,29,14,0.4827586206896552,0.07287662950350303
Only UNet,U-Net,UNet,32,3,False,False,0.2,1,16,13,28,34,1.2142857142857142,0.030709260134045558
Only UNet,U-Net,UNet,32,3,False,False,0.2,1,16,14,29,20,0.6896551724137931,0.006094138612337079
Only UNet,U-Net,UNet,32,3,False,False,0.2,1,16,15,42,12,0.2857142857142857,0.013628582589758468
Only UNet,U-Net,UNet,32,3,False,False,0.2,1,16,16,58,9,0.15517241379310345,0.04357386678150436
Only UNet,U-Net,UNet,32,3,False,False,0.2,1,16,17,35,15,0.42857142857142855,0.0064455956857520785
Only UNet,U-Net,UNet,32,3,False,False,0.2,1,16,18,17,9,0.5294117647058824,0.023564152006765655
Only UNet,U-Net,UNet,32,3,False,False,0.2,1,16,19,17,15,0.8823529411764706,0.01082953405510769
Only UNet,U-Net,UNet,32,3,False,False,0.2,1,16,20,27,14,0.5185185185185185,0.017375955469531176
Only UNet,U-Net,UNet,32,3,False,False,0.2,1,16,21,40,30,0.75,0.02750032348366089
Only UNet,U-Net,UNet,32,3,False,False,0.2,1,16,22,45,17,0.37777777777777777,0.03458556220072299
Only UNet,U-Net,UNet,32,3,False,False,0.2,1,16,23,23,47,2.0434782608695654,0.011553481794292737
Only UNet,U-Net,UNet,32,3,False,False,0.2,1,16,24,20,21,1.05,0.007220507911072214
Only UNet,U-Net,UNet,32,3,False,False,0.2,1,16,25,18,9,0.5,0.008608450533133912
Only UNet,U-Net,UNet,32,3,False,False,0.2,1,16,26,34,5,0.14705882352941177,0.019880823079159303
Only UNet,U-Net,UNet,32,3,False,False,0.2,1,16,27,35,17,0.4857142857142857,0.006708081375396769
Only UNet,U-Net,UNet,32,3,False,False,0.2,1,16,28,33,29,0.8787878787878788,0.012572576353242116
Only UNet,U-Net,UNet,32,3,False,False,0.2,1,16,29,40,12,0.3,0.029250201562970368
Only UNet,U-Net,UNet,32,3,False,False,0.2,1,16,30,19,7,0.3684210526315789,0.02314223585718041
Only UNet,U-Net,UNet,32,3,False,False,0.2,1,16,31,37,10,0.2702702702702703,0.015038455344563332
Only UNet,U-Net,UNet,32,3,False,False,0.2,1,16,32,37,38,1.027027027027027,0.0017678108025694977
Only UNet,U-Net,UNet,32,3,False,False,0.2,1,16,33,31,27,0.8709677419354839,0.010041046079687229
Only UNet,U-Net,UNet,32,3,False,False,0.2,1,16,34,25,15,0.6,0.06908424964680489
Only UNet,U-Net,UNet,32,3,False,False,0.2,1,16,35,25,19,0.76,2.0428611595638823e-05
Only UNet,U-Net,UNet,32,3,False,False,0.2,1,16,36,26,25,0.9615384615384616,0.03651557073881077
Only UNet,U-Net,UNet,32,3,False,False,0.2,1,16,37,27,12,0.4444444444444444,0.01692780796946665
Only UNet,U-Net,UNet,32,3,False,False,0.2,1,16,38,44,14,0.3181818181818182,0.02193832010807524
Only UNet,U-Net,UNet,32,3,False,False,0.2,1,16,39,19,9,0.47368421052631576,0.008702154523462836
Only UNet,U-Net,UNet,32,3,False,False,0.2,1,16,40,41,21,0.5121951219512195,0.007716216589905798
Only UNet,U-Net,UNet,32,3,False,False,0.2,1,16,41,32,21,0.65625,0.05784895014972373
Only UNet,U-Net,UNet,32,3,False,False,0.2,1,16,42,32,20,0.625,0.0037088367507994375
Only UNet,U-Net,UNet,32,3,False,False,0.2,1,16,43,28,14,0.5,0.014577948372522364
Only UNet,U-Net,UNet,32,3,False,False,0.2,1,16,44,41,6,0.14634146341463414,0.005917165771124525
Only UNet,U-Net,UNet,32,3,False,False,0.2,1,16,45,30,11,0.36666666666666664,0.003242899085233277
Only UNet,U-Net,UNet,32,3,False,False,0.2,1,16,46,21,12,0.5714285714285714,0.011325157896057734
Only UNet,U-Net,UNet,32,3,False,False,0.2,1,16,47,28,13,0.4642857142857143,0.043335544820215274
Only UNet,U-Net,UNet,32,3,False,False,0.2,1,16,48,17,25,1.4705882352941178,0.04602071966436226
Only UNet,U-Net,UNet,32,3,False,False,0.2,1,16,49,20,10,0.5,0.019194181929055275
Only UNet,U-Net,UNet,32,3,False,False,0.2,1,16,50,34,19,0.5588235294117647,0.00410375805810069
Only UNet,U-Net,UNet,32,3,False,False,0.2,1,16,51,41,16,0.3902439024390244,0.004521725729320335
Only UNet,U-Net,UNet,32,3,False,False,0.2,1,16,52,46,22,0.4782608695652174,0.0667474402719796
Only UNet,U-Net,UNet,32,3,False,False,0.2,1,16,53,18,5,0.2777777777777778,0.007895950171376086
Only UNet,U-Net,UNet,32,3,False,False,0.2,1,16,54,30,10,0.3333333333333333,0.05711041277412856
Only UNet,U-Net,UNet,32,3,False,False,0.2,1,16,55,40,20,0.5,0.03650856821524963
Only UNet,U-Net,UNet,32,3,False,False,0.2,1,16,56,29,9,0.3103448275862069,0.03974312227788514
Only UNet,U-Net,UNet,32,3,False,False,0.2,1,16,57,38,22,0.5789473684210527,0.0008508457977987067
Only UNet,U-Net,UNet,32,3,False,False,0.2,1,16,58,29,13,0.4482758620689655,0.008126889296617689
Only UNet,U-Net,UNet,32,3,False,False,0.2,1,16,59,25,15,0.6,0.04015953332675105
Only UNet,U-Net,UNet,32,3,False,False,0.2,1,16,60,35,15,0.42857142857142855,0.004866546583788641
Only UNet,U-Net,UNet,32,3,False,False,0.2,1,16,61,18,14,0.7777777777777778,0.00587289275899581
Only UNet,U-Net,UNet,32,3,False,False,0.2,1,16,62,24,13,0.5416666666666666,0.012092947973930759
Only UNet,U-Net,UNet,32,3,False,False,0.2,1,16,63,15,8,0.5333333333333333,0.0019303106548942159
Only UNet,U-Net,UNet,32,3,False,False,0.2,1,16,64,22,11,0.5,0.0022293944103683964
Only UNet,U-Net,UNet,32,3,False,False,0.2,1,16,65,20,11,0.55,0.04868737979993899
Only UNet,U-Net,UNet,32,3,False,False,0.2,1,16,66,31,15,0.4838709677419355,0.008802589010543562
Only UNet,U-Net,UNet,32,3,False,False,0.2,1,16,67,46,7,0.15217391304347827,0.02500590519386308
Only UNet,U-Net,UNet,32,3,False,False,0.2,1,16,68,29,14,0.4827586206896552,0.06813695202465082
Only UNet,U-Net,UNet,32,3,False,False,0.2,1,16,69,50,11,0.22,0.06430429737468078
Only UNet,U-Net,UNet,32,3,False,False,0.2,1,16,70,31,22,0.7096774193548387,0.03214580622204815
Only UNet,U-Net,UNet,32,3,False,False,0.2,1,16,71,41,13,0.3170731707317073,0.06677925911393119
Only UNet,U-Net,UNet,32,3,False,False,0.2,1,16,72,38,12,0.3157894736842105,0.04782814297556422
Only UNet,U-Net,UNet,32,3,False,False,0.2,1,16,73,44,18,0.4090909090909091,0.009304350179756567
Only UNet,U-Net,UNet,32,3,False,False,0.2,1,16,74,37,6,0.16216216216216217,0.002088048620281419
Only UNet,U-Net,UNet,32,3,False,False,0.2,1,16,75,29,8,0.27586206896551724,0.007563199336924989
Only UNet,U-Net,UNet,32,3,False,False,0.2,1,16,76,28,9,0.32142857142857145,0.000896682298635238
Only UNet,U-Net,UNet,32,3,False,False,0.2,1,16,77,18,11,0.6111111111111112,0.011258852285673394
Only UNet,U-Net,UNet,32,3,False,False,0.2,1,16,78,37,13,0.35135135135135137,0.0072736856261447005
Only UNet,U-Net,UNet,32,3,False,False,0.2,1,16,79,24,9,0.375,0.04675679263448747
Only UNet,U-Net,UNet,32,3,False,False,0.2,1,16,80,38,11,0.2894736842105263,0.09840433731515359
Only UNet,U-Net,UNet,32,3,False,False,0.2,1,16,81,25,8,0.32,0.08888408832103162
Only UNet,U-Net,UNet,32,3,False,False,0.2,1,16,82,29,11,0.3793103448275862,0.014379725779604325
Only UNet,U-Net,UNet,32,3,False,False,0.2,1,16,83,34,9,0.2647058823529412,0.00822621298990886
Only UNet,U-Net,UNet,32,3,False,False,0.2,1,16,84,21,12,0.5714285714285714,0.0033783347634956692
Only UNet,U-Net,UNet,32,3,False,False,0.2,1,16,85,22,21,0.9545454545454546,0.007425219941348974
Only UNet,U-Net,UNet,32,3,False,False,0.2,1,16,86,41,12,0.2926829268292683,0.00011627780282280965
Only UNet,U-Net,UNet,32,3,False,False,0.2,1,16,87,28,6,0.21428571428571427,0.08618522324683506
Only UNet,U-Net,UNet,32,3,False,False,0.2,1,16,88,35,13,0.37142857142857144,0.00832126340345698
Only UNet,U-Net,UNet,32,3,False,False,0.2,1,16,89,32,12,0.375,0.025628671522271076
Only UNet,U-Net,UNet,32,3,False,False,0.2,1,16,90,29,11,0.3793103448275862,0.03245566082805147
Only UNet,U-Net,UNet,32,3,False,False,0.2,1,16,91,19,20,1.0526315789473684,0.032236186941807556
Only UNet,U-Net,UNet,32,3,False,False,0.2,1,16,92,45,21,0.4666666666666667,0.008564891470037238
Only UNet,U-Net,UNet,32,3,False,False,0.2,1,16,93,25,9,0.36,0.012485235939565048
Only UNet,U-Net,UNet,32,3,False,False,0.2,1,16,94,32,10,0.3125,0.09862173721941282
Only UNet,U-Net,UNet,32,3,False,False,0.2,1,16,95,41,27,0.6585365853658537,0.004434486320518644
Only UNet,U-Net,UNet,32,3,False,False,0.2,1,16,96,16,21,1.3125,0.003772193292387327
Only UNet,U-Net,UNet,32,3,False,False,0.2,1,16,97,26,7,0.2692307692307692,0.011562779203294486
Only UNet,U-Net,UNet,32,3,False,False,0.2,1,16,98,25,9,0.36,0.014975385723297263
Only UNet,U-Net,UNet,32,3,False,False,0.2,1,16,99,61,8,0.13114754098360656,0.009681160625493328
Only UNet,U-Net,UNet,32,2,True,False,0.2,1,16,0,33,16,0.48484848484848486,0.0065281785693810076
Only UNet,U-Net,UNet,32,2,True,False,0.2,1,16,1,34,17,0.5,0.020535385303079433
Only UNet,U-Net,UNet,32,2,True,False,0.2,1,16,2,29,16,0.5517241379310345,0.0077222243366058116
Only UNet,U-Net,UNet,32,2,True,False,0.2,1,16,3,28,11,0.39285714285714285,0.006807175460313374
Only UNet,U-Net,UNet,32,2,True,False,0.2,1,16,4,36,20,0.5555555555555556,0.02346384565138488
Only UNet,U-Net,UNet,32,2,True,False,0.2,1,16,5,42,9,0.21428571428571427,0.007596587031568336
Only UNet,U-Net,UNet,32,2,True,False,0.2,1,16,6,28,22,0.7857142857142857,0.001978113256597433
Only UNet,U-Net,UNet,32,2,True,False,0.2,1,16,7,38,13,0.34210526315789475,0.04386447805853414
Only UNet,U-Net,UNet,32,2,True,False,0.2,1,16,8,33,13,0.3939393939393939,0.020238672887084027
Only UNet,U-Net,UNet,32,2,True,False,0.2,1,16,9,28,14,0.5,0.028769375170764895
Only UNet,U-Net,UNet,32,2,True,False,0.2,1,16,10,31,26,0.8387096774193549,0.04560869963624141
Only UNet,U-Net,UNet,32,2,True,False,0.2,1,16,11,29,12,0.41379310344827586,0.03236898575731985
Only UNet,U-Net,UNet,32,2,True,False,0.2,1,16,12,29,18,0.6206896551724138,0.047809524325965774
Only UNet,U-Net,UNet,32,2,True,False,0.2,1,16,13,28,16,0.5714285714285714,0.0241090260722506
Only UNet,U-Net,UNet,32,2,True,False,0.2,1,16,14,29,11,0.3793103448275862,0.05447206246461556
Only UNet,U-Net,UNet,32,2,True,False,0.2,1,16,15,42,18,0.42857142857142855,0.020863183345357382
Only UNet,U-Net,UNet,32,2,True,False,0.2,1,16,16,58,0,0.0,0.18520319426200135
Only UNet,U-Net,UNet,32,2,True,False,0.2,1,16,17,35,26,0.7428571428571429,0.008323907121490517
Only UNet,U-Net,UNet,32,2,True,False,0.2,1,16,18,17,13,0.7647058823529411,0.017483215443956673
Only UNet,U-Net,UNet,32,2,True,False,0.2,1,16,19,17,22,1.2941176470588236,0.08256448503385846
Only UNet,U-Net,UNet,32,2,True,False,0.2,1,16,20,27,7,0.25925925925925924,0.011311216932026682
Only UNet,U-Net,UNet,32,2,True,False,0.2,1,16,21,40,28,0.7,0.034562384031017565
Only UNet,U-Net,UNet,32,2,True,False,0.2,1,16,22,45,12,0.26666666666666666,0.035423462078057806
Only UNet,U-Net,UNet,32,2,True,False,0.2,1,16,23,23,16,0.6956521739130435,0.005164350088904842
Only UNet,U-Net,UNet,32,2,True,False,0.2,1,16,24,20,37,1.85,0.27582826896686924
Only UNet,U-Net,UNet,32,2,True,False,0.2,1,16,25,18,13,0.7222222222222222,0.010038147266848754
Only UNet,U-Net,UNet,32,2,True,False,0.2,1,16,26,34,7,0.20588235294117646,0.02497540126586018
Only UNet,U-Net,UNet,32,2,True,False,0.2,1,16,27,35,15,0.42857142857142855,0.03781515792297149
Only UNet,U-Net,UNet,32,2,True,False,0.2,1,16,28,33,30,0.9090909090909091,0.0018024687119092173
Only UNet,U-Net,UNet,32,2,True,False,0.2,1,16,29,40,12,0.3,0.015869266623089403
Only UNet,U-Net,UNet,32,2,True,False,0.2,1,16,30,19,13,0.6842105263157895,0.02383179369998303
Only UNet,U-Net,UNet,32,2,True,False,0.2,1,16,31,37,14,0.3783783783783784,0.007056108466227386
Only UNet,U-Net,UNet,32,2,True,False,0.2,1,16,32,37,13,0.35135135135135137,0.026081911282231016
Only UNet,U-Net,UNet,32,2,True,False,0.2,1,16,33,31,9,0.2903225806451613,0.01056935205012195
Only UNet,U-Net,UNet,32,2,True,False,0.2,1,16,34,25,13,0.52,0.005289271072919651
Only UNet,U-Net,UNet,32,2,True,False,0.2,1,16,35,25,13,0.52,0.014891560650684407
Only UNet,U-Net,UNet,32,2,True,False,0.2,1,16,36,26,16,0.6153846153846154,0.011150787122873462
Only UNet,U-Net,UNet,32,2,True,False,0.2,1,16,37,27,15,0.5555555555555556,0.008032369636792982
Only UNet,U-Net,UNet,32,2,True,False,0.2,1,16,38,44,14,0.3181818181818182,0.0010532484675238284
Only UNet,U-Net,UNet,32,2,True,False,0.2,1,16,39,19,8,0.42105263157894735,0.009009895227538672
Only UNet,U-Net,UNet,32,2,True,False,0.2,1,16,40,41,22,0.5365853658536586,0.043542211473292826
Only UNet,U-Net,UNet,32,2,True,False,0.2,1,16,41,32,15,0.46875,0.04444123415217052
Only UNet,U-Net,UNet,32,2,True,False,0.2,1,16,42,32,20,0.625,0.025576368818075384
Only UNet,U-Net,UNet,32,2,True,False,0.2,1,16,43,28,18,0.6428571428571429,0.04492429395762308
Only UNet,U-Net,UNet,32,2,True,False,0.2,1,16,44,41,14,0.34146341463414637,0.009760749387418596
Only UNet,U-Net,UNet,32,2,True,False,0.2,1,16,45,30,13,0.43333333333333335,0.004251580558830081
Only UNet,U-Net,UNet,32,2,True,False,0.2,1,16,46,21,13,0.6190476190476191,0.03648417671149552
Only UNet,U-Net,UNet,32,2,True,False,0.2,1,16,47,28,6,0.21428571428571427,0.009370533863849655
Only UNet,U-Net,UNet,32,2,True,False,0.2,1,16,48,17,8,0.47058823529411764,0.029787489026711463
Only UNet,U-Net,UNet,32,2,True,False,0.2,1,16,49,20,12,0.6,0.017432077399298557
Only UNet,U-Net,UNet,32,2,True,False,0.2,1,16,50,34,14,0.4117647058823529,0.017484755816063235
Only UNet,U-Net,UNet,32,2,True,False,0.2,1,16,51,41,9,0.21951219512195122,0.010373254741986365
Only UNet,U-Net,UNet,32,2,True,False,0.2,1,16,52,46,9,0.1956521739130435,0.02664309725101438
Only UNet,U-Net,UNet,32,2,True,False,0.2,1,16,53,18,14,0.7777777777777778,0.005156297583240797
Only UNet,U-Net,UNet,32,2,True,False,0.2,1,16,54,30,12,0.4,0.0497355439613157
Only UNet,U-Net,UNet,32,2,True,False,0.2,1,16,55,40,12,0.3,0.1510289254306413
Only UNet,U-Net,UNet,32,2,True,False,0.2,1,16,56,29,18,0.6206896551724138,0.011246824093606075
Only UNet,U-Net,UNet,32,2,True,False,0.2,1,16,57,38,24,0.631578947368421,0.009766343599078377
Only UNet,U-Net,UNet,32,2,True,False,0.2,1,16,58,29,15,0.5172413793103449,0.004418416224264208
Only UNet,U-Net,UNet,32,2,True,False,0.2,1,16,59,25,10,0.4,0.014668284028238467
Only UNet,U-Net,UNet,32,2,True,False,0.2,1,16,60,35,13,0.37142857142857144,0.02269941942634838
Only UNet,U-Net,UNet,32,2,True,False,0.2,1,16,61,18,9,0.5,0.007686925954596051
Only UNet,U-Net,UNet,32,2,True,False,0.2,1,16,62,24,11,0.4583333333333333,0.018162005621893386
Only UNet,U-Net,UNet,32,2,True,False,0.2,1,16,63,15,9,0.6,0.0014096426472968947
Only UNet,U-Net,UNet,32,2,True,False,0.2,1,16,64,22,14,0.6363636363636364,0.01329400770747475
Only UNet,U-Net,UNet,32,2,True,False,0.2,1,16,65,20,15,0.75,0.04485674029643608
Only UNet,U-Net,UNet,32,2,True,False,0.2,1,16,66,31,9,0.2903225806451613,0.009979063606271465
Only UNet,U-Net,UNet,32,2,True,False,0.2,1,16,67,46,9,0.1956521739130435,0.019812073234985014
Only UNet,U-Net,UNet,32,2,True,False,0.2,1,16,68,29,27,0.9310344827586207,0.008535776437918332
Only UNet,U-Net,UNet,32,2,True,False,0.2,1,16,69,50,16,0.32,0.037736341022200616
Only UNet,U-Net,UNet,32,2,True,False,0.2,1,16,70,31,24,0.7741935483870968,0.01211620364926459
Only UNet,U-Net,UNet,32,2,True,False,0.2,1,16,71,41,0,0.0,0.0706528001143331
Only UNet,U-Net,UNet,32,2,True,False,0.2,1,16,72,38,14,0.3684210526315789,0.04668035476920096
Only UNet,U-Net,UNet,32,2,True,False,0.2,1,16,73,44,21,0.4772727272727273,0.000828648430962449
Only UNet,U-Net,UNet,32,2,True,False,0.2,1,16,74,37,13,0.35135135135135137,0.0002428281278517421
Only UNet,U-Net,UNet,32,2,True,False,0.2,1,16,75,29,0,0.0,0.21036787836313883
Only UNet,U-Net,UNet,32,2,True,False,0.2,1,16,76,28,18,0.6428571428571429,0.036257551221963925
Only UNet,U-Net,UNet,32,2,True,False,0.2,1,16,77,18,10,0.5555555555555556,0.01573992349267891
Only UNet,U-Net,UNet,32,2,True,False,0.2,1,16,78,37,20,0.5405405405405406,0.01954362612386224
Only UNet,U-Net,UNet,32,2,True,False,0.2,1,16,79,24,11,0.4583333333333333,0.02171591990454698
Only UNet,U-Net,UNet,32,2,True,False,0.2,1,16,80,38,57,1.5,0.0381149857863054
Only UNet,U-Net,UNet,32,2,True,False,0.2,1,16,81,25,7,0.28,0.17310350852368525
Only UNet,U-Net,UNet,32,2,True,False,0.2,1,16,82,29,21,0.7241379310344828,0.017206852545336056
Only UNet,U-Net,UNet,32,2,True,False,0.2,1,16,83,34,14,0.4117647058823529,0.009832718434089895
Only UNet,U-Net,UNet,32,2,True,False,0.2,1,16,84,21,9,0.42857142857142855,0.00029284350110798496
Only UNet,U-Net,UNet,32,2,True,False,0.2,1,16,85,22,8,0.36363636363636365,0.008662814668563631
Only UNet,U-Net,UNet,32,2,True,False,0.2,1,16,86,41,27,0.6585365853658537,0.05161440578127107
Only UNet,U-Net,UNet,32,2,True,False,0.2,1,16,87,28,13,0.4642857142857143,0.003247976904631662
Only UNet,U-Net,UNet,32,2,True,False,0.2,1,16,88,35,11,0.3142857142857143,0.007881345329717375
Only UNet,U-Net,UNet,32,2,True,False,0.2,1,16,89,32,9,0.28125,0.004963231920931676
Only UNet,U-Net,UNet,32,2,True,False,0.2,1,16,90,29,16,0.5517241379310345,0.03858250678967092
Only UNet,U-Net,UNet,32,2,True,False,0.2,1,16,91,19,26,1.368421052631579,0.002578747088304123
Only UNet,U-Net,UNet,32,2,True,False,0.2,1,16,92,45,19,0.4222222222222222,0.06447055166278866
Only UNet,U-Net,UNet,32,2,True,False,0.2,1,16,93,25,9,0.36,0.0021061720202001826
Only UNet,U-Net,UNet,32,2,True,False,0.2,1,16,94,32,22,0.6875,0.03434709189351158
Only UNet,U-Net,UNet,32,2,True,False,0.2,1,16,95,41,20,0.4878048780487805,0.0346783986246292
Only UNet,U-Net,UNet,32,2,True,False,0.2,1,16,96,16,14,0.875,0.018587366235387096
Only UNet,U-Net,UNet,32,2,True,False,0.2,1,16,97,26,6,0.23076923076923078,0.021620540700655572
Only UNet,U-Net,UNet,32,2,True,False,0.2,1,16,98,25,10,0.4,0.0024148559800492675
Only UNet,U-Net,UNet,32,2,True,False,0.2,1,16,99,61,19,0.3114754098360656,0.02645150451371909
Only UNet,U-Net,UNet,32,2,False,True,0.2,1,16,0,33,29,0.8787878787878788,0.10101112814274812
Only UNet,U-Net,UNet,32,2,False,True,0.2,1,16,1,34,24,0.7058823529411765,0.12359401535310022
Only UNet,U-Net,UNet,32,2,False,True,0.2,1,16,2,29,0,0.0,0.4716344495100927
Only UNet,U-Net,UNet,32,2,False,True,0.2,1,16,3,28,0,0.0,0.1203878742004005
Only UNet,U-Net,UNet,32,2,False,True,0.2,1,16,4,36,41,1.1388888888888888,0.01808817967808129
Only UNet,U-Net,UNet,32,2,False,True,0.2,1,16,5,42,31,0.7380952380952381,0.0010344578063730535
Only UNet,U-Net,UNet,32,2,False,True,0.2,1,16,6,28,0,0.0,0.4219369382640488
Only UNet,U-Net,UNet,32,2,False,True,0.2,1,16,7,38,24,0.631578947368421,0.03454368566851015
Only UNet,U-Net,UNet,32,2,False,True,0.2,1,16,8,33,26,0.7878787878787878,0.00865213979233319
Only UNet,U-Net,UNet,32,2,False,True,0.2,1,16,9,28,21,0.75,0.03213534779497769
Only UNet,U-Net,UNet,32,2,False,True,0.2,1,16,10,31,0,0.0,0.44864167516780157
Only UNet,U-Net,UNet,32,2,False,True,0.2,1,16,11,29,0,0.0,0.3860248969071335
Only UNet,U-Net,UNet,32,2,False,True,0.2,1,16,12,29,7,0.2413793103448276,0.9691407012558836
Only UNet,U-Net,UNet,32,2,False,True,0.2,1,16,13,28,30,1.0714285714285714,0.018328963347215906
Only UNet,U-Net,UNet,32,2,False,True,0.2,1,16,14,29,22,0.7586206896551724,0.014151203750282641
Only UNet,U-Net,UNet,32,2,False,True,0.2,1,16,15,42,0,0.0,0.25158315723086916
Only UNet,U-Net,UNet,32,2,False,True,0.2,1,16,16,58,21,0.3620689655172414,0.009373351660835624
Only UNet,U-Net,UNet,32,2,False,True,0.2,1,16,17,35,0,0.0,0.19195370251433908
Only UNet,U-Net,UNet,32,2,False,True,0.2,1,16,18,17,0,0.0,0.18854274033916185
Only UNet,U-Net,UNet,32,2,False,True,0.2,1,16,19,17,0,0.0,0.38033341762511064
Only UNet,U-Net,UNet,32,2,False,True,0.2,1,16,20,27,16,0.5925925925925926,0.00823861814925365
Only UNet,U-Net,UNet,32,2,False,True,0.2,1,16,21,40,31,0.775,0.02419664983975588
Only UNet,U-Net,UNet,32,2,False,True,0.2,1,16,22,45,0,0.0,0.36435236337762555
Only UNet,U-Net,UNet,32,2,False,True,0.2,1,16,23,23,0,0.0,0.11875449372442347
Only UNet,U-Net,UNet,32,2,False,True,0.2,1,16,24,20,0,0.0,0.008650304156943234
Only UNet,U-Net,UNet,32,2,False,True,0.2,1,16,25,18,0,0.0,0.6063943334315058
Only UNet,U-Net,UNet,32,2,False,True,0.2,1,16,26,34,27,0.7941176470588235,0.006657030445632328
Only UNet,U-Net,UNet,32,2,False,True,0.2,1,16,27,35,27,0.7714285714285715,0.06614899039320761
Only UNet,U-Net,UNet,32,2,False,True,0.2,1,16,28,33,30,0.9090909090909091,0.005707565795120946
Only UNet,U-Net,UNet,32,2,False,True,0.2,1,16,29,40,21,0.525,0.030558211326544266
Only UNet,U-Net,UNet,32,2,False,True,0.2,1,16,30,19,0,0.0,0.5516621207363223
Only UNet,U-Net,UNet,32,2,False,True,0.2,1,16,31,37,26,0.7027027027027027,0.0009776404060502335
Only UNet,U-Net,UNet,32,2,False,True,0.2,1,16,32,37,0,0.0,0.23655143170928286
Only UNet,U-Net,UNet,32,2,False,True,0.2,1,16,33,31,0,0.0,0.6677730510231656
Only UNet,U-Net,UNet,32,2,False,True,0.2,1,16,34,25,37,1.48,0.03320572909615058
Only UNet,U-Net,UNet,32,2,False,True,0.2,1,16,35,25,0,0.0,0.4385425234663323
Only UNet,U-Net,UNet,32,2,False,True,0.2,1,16,36,26,0,0.0,0.008729306664786626
Only UNet,U-Net,UNet,32,2,False,True,0.2,1,16,37,27,0,0.0,0.04324407143968864
Only UNet,U-Net,UNet,32,2,False,True,0.2,1,16,38,44,27,0.6136363636363636,0.0012382343342969234
Only UNet,U-Net,UNet,32,2,False,True,0.2,1,16,39,19,0,0.0,0.8685407410411778
Only UNet,U-Net,UNet,32,2,False,True,0.2,1,16,40,41,27,0.6585365853658537,0.018458871153739096
Only UNet,U-Net,UNet,32,2,False,True,0.2,1,16,41,32,0,0.0,0.22125131906428103
Only UNet,U-Net,UNet,32,2,False,True,0.2,1,16,42,32,37,1.15625,0.00515989316463303
Only UNet,U-Net,UNet,32,2,False,True,0.2,1,16,43,28,0,0.0,0.2782468282351912
Only UNet,U-Net,UNet,32,2,False,True,0.2,1,16,44,41,34,0.8292682926829268,0.022145503843314856
Only UNet,U-Net,UNet,32,2,False,True,0.2,1,16,45,30,29,0.9666666666666667,0.008377174703297604
Only UNet,U-Net,UNet,32,2,False,True,0.2,1,16,46,21,0,0.0,0.1884526516564969
Only UNet,U-Net,UNet,32,2,False,True,0.2,1,16,47,28,0,0.0,0.49813559305569993
Only UNet,U-Net,UNet,32,2,False,True,0.2,1,16,48,17,0,0.0,0.7170420369043031
Only UNet,U-Net,UNet,32,2,False,True,0.2,1,16,49,20,23,1.15,0.06902059524794081
Only UNet,U-Net,UNet,32,2,False,True,0.2,1,16,50,34,0,0.0,0.8411448753659908
Only UNet,U-Net,UNet,32,2,False,True,0.2,1,16,51,41,0,0.0,0.5109694554897121
Only UNet,U-Net,UNet,32,2,False,True,0.2,1,16,52,46,25,0.5434782608695652,0.05561268925372483
Only UNet,U-Net,UNet,32,2,False,True,0.2,1,16,53,18,21,1.1666666666666667,0.001993537295250774
Only UNet,U-Net,UNet,32,2,False,True,0.2,1,16,54,30,0,0.0,0.24952318431305523
Only UNet,U-Net,UNet,32,2,False,True,0.2,1,16,55,40,22,0.55,0.04097599115296703
Only UNet,U-Net,UNet,32,2,False,True,0.2,1,16,56,29,0,0.0,0.15909698470984304
Only UNet,U-Net,UNet,32,2,False,True,0.2,1,16,57,38,25,0.6578947368421053,0.04822001544047743
Only UNet,U-Net,UNet,32,2,False,True,0.2,1,16,58,29,42,1.4482758620689655,0.010371392477403636
Only UNet,U-Net,UNet,32,2,False,True,0.2,1,16,59,25,0,0.0,0.27728840977455516
Only UNet,U-Net,UNet,32,2,False,True,0.2,1,16,60,35,25,0.7142857142857143,0.013121133096432284
Only UNet,U-Net,UNet,32,2,False,True,0.2,1,16,61,18,0,0.0,0.8365204721111934
Only UNet,U-Net,UNet,32,2,False,True,0.2,1,16,62,24,0,0.0,0.04935894276437382
Only UNet,U-Net,UNet,32,2,False,True,0.2,1,16,63,15,0,0.0,0.627262996905208
Only UNet,U-Net,UNet,32,2,False,True,0.2,1,16,64,22,0,0.0,0.7036779571549644
Only UNet,U-Net,UNet,32,2,False,True,0.2,1,16,65,20,0,0.0,0.14817212083839462
Only UNet,U-Net,UNet,32,2,False,True,0.2,1,16,66,31,0,0.0,0.3160524700005365
Only UNet,U-Net,UNet,32,2,False,True,0.2,1,16,67,46,0,0.0,0.6754514477917065
Only UNet,U-Net,UNet,32,2,False,True,0.2,1,16,68,29,0,0.0,0.5744150385658296
Only UNet,U-Net,UNet,32,2,False,True,0.2,1,16,69,50,31,0.62,0.04673845050457198
Only UNet,U-Net,UNet,32,2,False,True,0.2,1,16,70,31,38,1.2258064516129032,0.0024513628825760243
Only UNet,U-Net,UNet,32,2,False,True,0.2,1,16,71,41,0,0.0,0.3036211752165257
Only UNet,U-Net,UNet,32,2,False,True,0.2,1,16,72,38,0,0.0,1.0866087118511119
Only UNet,U-Net,UNet,32,2,False,True,0.2,1,16,73,44,21,0.4772727272727273,0.004104475346586649
Only UNet,U-Net,UNet,32,2,False,True,0.2,1,16,74,37,30,0.8108108108108109,0.0005635408401189545
Only UNet,U-Net,UNet,32,2,False,True,0.2,1,16,75,29,28,0.9655172413793104,0.06436757580823894
Only UNet,U-Net,UNet,32,2,False,True,0.2,1,16,76,28,0,0.0,0.23247310068805035
Only UNet,U-Net,UNet,32,2,False,True,0.2,1,16,77,18,0,0.0,0.04231949698047584
Only UNet,U-Net,UNet,32,2,False,True,0.2,1,16,78,37,5,0.13513513513513514,0.4277848479276705
Only UNet,U-Net,UNet,32,2,False,True,0.2,1,16,79,24,0,0.0,0.25898912084740167
Only UNet,U-Net,UNet,32,2,False,True,0.2,1,16,80,38,10,0.2631578947368421,0.01735221143402249
Only UNet,U-Net,UNet,32,2,False,True,0.2,1,16,81,25,2,0.08,2.9574341431194693
Only UNet,U-Net,UNet,32,2,False,True,0.2,1,16,82,29,11,0.3793103448275862,0.177016888697636
Only UNet,U-Net,UNet,32,2,False,True,0.2,1,16,83,34,28,0.8235294117647058,0.011005098019235207
Only UNet,U-Net,UNet,32,2,False,True,0.2,1,16,84,21,0,0.0,0.14500657249297683
Only UNet,U-Net,UNet,32,2,False,True,0.2,1,16,85,22,0,0.0,0.3264819836822392
Only UNet,U-Net,UNet,32,2,False,True,0.2,1,16,86,41,0,0.0,0.8290778012565494
Only UNet,U-Net,UNet,32,2,False,True,0.2,1,16,87,28,0,0.0,0.619008278281692
Only UNet,U-Net,UNet,32,2,False,True,0.2,1,16,88,35,0,0.0,0.6310462614155483
Only UNet,U-Net,UNet,32,2,False,True,0.2,1,16,89,32,20,0.625,0.011211292192338101
Only UNet,U-Net,UNet,32,2,False,True,0.2,1,16,90,29,4,0.13793103448275862,1.5358957486702691
Only UNet,U-Net,UNet,32,2,False,True,0.2,1,16,91,19,0,0.0,2.090601832379185
Only UNet,U-Net,UNet,32,2,False,True,0.2,1,16,92,45,0,0.0,0.420799095019529
Only UNet,U-Net,UNet,32,2,False,True,0.2,1,16,93,25,0,0.0,0.7538755266606157
Only UNet,U-Net,UNet,32,2,False,True,0.2,1,16,94,32,0,0.0,0.3307794571967772
Only UNet,U-Net,UNet,32,2,False,True,0.2,1,16,95,41,24,0.5853658536585366,0.04255253423981695
Only UNet,U-Net,UNet,32,2,False,True,0.2,1,16,96,16,0,0.0,0.7157332958509529
Only UNet,U-Net,UNet,32,2,False,True,0.2,1,16,97,26,0,0.0,0.47184278050791406
Only UNet,U-Net,UNet,32,2,False,True,0.2,1,16,98,25,0,0.0,0.09034642962380092
Only UNet,U-Net,UNet,32,2,False,True,0.2,1,16,99,61,0,0.0,0.7731669877841744
Only UNet,U-Net,UNet,32,3,True,True,0.2,1,16,0,33,0,0.0,0.45725906986521697
Only UNet,U-Net,UNet,32,3,True,True,0.2,1,16,1,34,0,0.0,0.1917519845884269
Only UNet,U-Net,UNet,32,3,True,True,0.2,1,16,2,29,11,0.3793103448275862,0.20595819929322437
Only UNet,U-Net,UNet,32,3,True,True,0.2,1,16,3,28,0,0.0,0.40924968551807817
Only UNet,U-Net,UNet,32,3,True,True,0.2,1,16,4,36,0,0.0,0.7563126310690167
Only UNet,U-Net,UNet,32,3,True,True,0.2,1,16,5,42,21,0.5,0.013071484446640242
Only UNet,U-Net,UNet,32,3,True,True,0.2,1,16,6,28,0,0.0,0.44888249906368966
Only UNet,U-Net,UNet,32,3,True,True,0.2,1,16,7,38,0,0.0,0.08577470703939749
Only UNet,U-Net,UNet,32,3,True,True,0.2,1,16,8,33,0,0.0,0.2738946691199328
Only UNet,U-Net,UNet,32,3,True,True,0.2,1,16,9,28,0,0.0,0.44968857432863035
Only UNet,U-Net,UNet,32,3,True,True,0.2,1,16,10,31,2,0.06451612903225806,4.556611094655938
Only UNet,U-Net,UNet,32,3,True,True,0.2,1,16,11,29,0,0.0,0.5487179762498516
Only UNet,U-Net,UNet,32,3,True,True,0.2,1,16,12,29,0,0.0,0.3986447465457779
Only UNet,U-Net,UNet,32,3,True,True,0.2,1,16,13,28,0,0.0,0.38033528286874835
Only UNet,U-Net,UNet,32,3,True,True,0.2,1,16,14,29,0,0.0,0.26309345371810694
Only UNet,U-Net,UNet,32,3,True,True,0.2,1,16,15,42,0,0.0,0.024443167706248315
Only UNet,U-Net,UNet,32,3,True,True,0.2,1,16,16,58,29,0.5,0.1266765245058122
Only UNet,U-Net,UNet,32,3,True,True,0.2,1,16,17,35,24,0.6857142857142857,0.0023934916822362052
Only UNet,U-Net,UNet,32,3,True,True,0.2,1,16,18,17,11,0.6470588235294118,0.005107127228017366
Only UNet,U-Net,UNet,32,3,True,True,0.2,1,16,19,17,0,0.0,0.3660198144321522
Only UNet,U-Net,UNet,32,3,True,True,0.2,1,16,20,27,0,0.0,0.4366085011538033
Only UNet,U-Net,UNet,32,3,True,True,0.2,1,16,21,40,0,0.0,0.41497556897301696
Only UNet,U-Net,UNet,32,3,True,True,0.2,1,16,22,45,0,0.0,0.4187236430319263
Only UNet,U-Net,UNet,32,3,True,True,0.2,1,16,23,23,0,0.0,0.4828848558058602
Only UNet,U-Net,UNet,32,3,True,True,0.2,1,16,24,20,0,0.0,0.5811115204202356
Only UNet,U-Net,UNet,32,3,True,True,0.2,1,16,25,18,0,0.0,0.31211058635215444
Only UNet,U-Net,UNet,32,3,True,True,0.2,1,16,26,34,19,0.5588235294117647,0.03308407714842574
Only UNet,U-Net,UNet,32,3,True,True,0.2,1,16,27,35,0,0.0,0.34259292973335775
Only UNet,U-Net,UNet,32,3,True,True,0.2,1,16,28,33,0,0.0,0.06586914796820546
Only UNet,U-Net,UNet,32,3,True,True,0.2,1,16,29,40,27,0.675,0.09062338351834565
Only UNet,U-Net,UNet,32,3,True,True,0.2,1,16,30,19,0,0.0,0.34604130647598363
Only UNet,U-Net,UNet,32,3,True,True,0.2,1,16,31,37,0,0.0,0.05330988284446604
Only UNet,U-Net,UNet,32,3,True,True,0.2,1,16,32,37,0,0.0,0.5768148786169148
Only UNet,U-Net,UNet,32,3,True,True,0.2,1,16,33,31,0,0.0,0.31396506484409314
Only UNet,U-Net,UNet,32,3,True,True,0.2,1,16,34,25,12,0.48,0.05101070989152427
Only UNet,U-Net,UNet,32,3,True,True,0.2,1,16,35,25,6,0.24,0.6813078617993383
Only UNet,U-Net,UNet,32,3,True,True,0.2,1,16,36,26,0,0.0,0.18014204616902477
Only UNet,U-Net,UNet,32,3,True,True,0.2,1,16,37,27,0,0.0,0.22586276849807344
Only UNet,U-Net,UNet,32,3,True,True,0.2,1,16,38,44,38,0.8636363636363636,0.02065972902288848
Only UNet,U-Net,UNet,32,3,True,True,0.2,1,16,39,19,12,0.631578947368421,0.01695047776955892
Only UNet,U-Net,UNet,32,3,True,True,0.2,1,16,40,41,24,0.5853658536585366,0.04324992114508931
Only UNet,U-Net,UNet,32,3,True,True,0.2,1,16,41,32,22,0.6875,0.04405207031592556
Only UNet,U-Net,UNet,32,3,True,True,0.2,1,16,42,32,25,0.78125,0.038209246795204675
Only UNet,U-Net,UNet,32,3,True,True,0.2,1,16,43,28,0,0.0,0.4064363371245455
Only UNet,U-Net,UNet,32,3,True,True,0.2,1,16,44,41,0,0.0,0.5758820339058365
Only UNet,U-Net,UNet,32,3,True,True,0.2,1,16,45,30,0,0.0,0.49424364999938103
Only UNet,U-Net,UNet,32,3,True,True,0.2,1,16,46,21,0,0.0,0.34694608253325837
Only UNet,U-Net,UNet,32,3,True,True,0.2,1,16,47,28,0,0.0,0.3524400758057553
Only UNet,U-Net,UNet,32,3,True,True,0.2,1,16,48,17,15,0.8823529411764706,0.008666319363380633
Only UNet,U-Net,UNet,32,3,True,True,0.2,1,16,49,20,0,0.0,0.07659010666219326
Only UNet,U-Net,UNet,32,3,True,True,0.2,1,16,50,34,39,1.1470588235294117,0.010208100001494887
Only UNet,U-Net,UNet,32,3,True,True,0.2,1,16,51,41,0,0.0,0.5201914480384502
Only UNet,U-Net,UNet,32,3,True,True,0.2,1,16,52,46,0,0.0,0.6874306874329089
Only UNet,U-Net,UNet,32,3,True,True,0.2,1,16,53,18,0,0.0,0.27147861092492565
Only UNet,U-Net,UNet,32,3,True,True,0.2,1,16,54,30,0,0.0,0.5223743065642249
Only UNet,U-Net,UNet,32,3,True,True,0.2,1,16,55,40,0,0.0,0.5768609468532339
Only UNet,U-Net,UNet,32,3,True,True,0.2,1,16,56,29,0,0.0,0.1863826308612815
Only UNet,U-Net,UNet,32,3,True,True,0.2,1,16,57,38,0,0.0,0.36273876611229233
Only UNet,U-Net,UNet,32,3,True,True,0.2,1,16,58,29,15,0.5172413793103449,0.0003994781405561488
Only UNet,U-Net,UNet,32,3,True,True,0.2,1,16,59,25,0,0.0,0.46328697523711837
Only UNet,U-Net,UNet,32,3,True,True,0.2,1,16,60,35,0,0.0,0.4478609823928827
Only UNet,U-Net,UNet,32,3,True,True,0.2,1,16,61,18,0,0.0,0.3087258300726801
Only UNet,U-Net,UNet,32,3,True,True,0.2,1,16,62,24,0,0.0,0.02733206035598069
Only UNet,U-Net,UNet,32,3,True,True,0.2,1,16,63,15,0,0.0,0.17767079470253824
Only UNet,U-Net,UNet,32,3,True,True,0.2,1,16,64,22,0,0.0,0.4981118190883493
Only UNet,U-Net,UNet,32,3,True,True,0.2,1,16,65,20,0,0.0,0.5758170597438721
Only UNet,U-Net,UNet,32,3,True,True,0.2,1,16,66,31,21,0.6774193548387096,0.032281411190432194
Only UNet,U-Net,UNet,32,3,True,True,0.2,1,16,67,46,0,0.0,0.6116725843088963
Only UNet,U-Net,UNet,32,3,True,True,0.2,1,16,68,29,0,0.0,0.34623296220235167
Only UNet,U-Net,UNet,32,3,True,True,0.2,1,16,69,50,0,0.0,0.3267355888636866
Only UNet,U-Net,UNet,32,3,True,True,0.2,1,16,70,31,0,0.0,0.33001287936310464
Only UNet,U-Net,UNet,32,3,True,True,0.2,1,16,71,41,0,0.0,0.4074775070564957
Only UNet,U-Net,UNet,32,3,True,True,0.2,1,16,72,38,0,0.0,0.22740855621670067
Only UNet,U-Net,UNet,32,3,True,True,0.2,1,16,73,44,29,0.6590909090909091,0.03621275224354207
Only UNet,U-Net,UNet,32,3,True,True,0.2,1,16,74,37,21,0.5675675675675675,0.00574676969294149
Only UNet,U-Net,UNet,32,3,True,True,0.2,1,16,75,29,40,1.3793103448275863,0.023241283371303646
Only UNet,U-Net,UNet,32,3,True,True,0.2,1,16,76,28,0,0.0,0.6061541388772288
Only UNet,U-Net,UNet,32,3,True,True,0.2,1,16,77,18,19,1.0555555555555556,0.014083726077430688
Only UNet,U-Net,UNet,32,3,True,True,0.2,1,16,78,37,0,0.0,0.645834704720247
Only UNet,U-Net,UNet,32,3,True,True,0.2,1,16,79,24,24,1.0,0.015425674147018363
Only UNet,U-Net,UNet,32,3,True,True,0.2,1,16,80,38,23,0.6052631578947368,0.19674861431527518
Only UNet,U-Net,UNet,32,3,True,True,0.2,1,16,81,25,9,0.36,0.3440053878056382
Only UNet,U-Net,UNet,32,3,True,True,0.2,1,16,82,29,23,0.7931034482758621,0.013277135134744156
Only UNet,U-Net,UNet,32,3,True,True,0.2,1,16,83,34,0,0.0,0.3450354253893946
Only UNet,U-Net,UNet,32,3,True,True,0.2,1,16,84,21,0,0.0,0.04327117986210071
Only UNet,U-Net,UNet,32,3,True,True,0.2,1,16,85,22,1,0.045454545454545456,12844351.281012049
Only UNet,U-Net,UNet,32,3,True,True,0.2,1,16,86,41,0,0.0,0.4631404898036454
Only UNet,U-Net,UNet,32,3,True,True,0.2,1,16,87,28,35,1.25,0.00981024190679202
Only UNet,U-Net,UNet,32,3,True,True,0.2,1,16,88,35,23,0.6571428571428571,0.03370742200500419
Only UNet,U-Net,UNet,32,3,True,True,0.2,1,16,89,32,0,0.0,0.269960196170886
Only UNet,U-Net,UNet,32,3,True,True,0.2,1,16,90,29,0,0.0,0.4321508556599575
Only UNet,U-Net,UNet,32,3,True,True,0.2,1,16,91,19,0,0.0,0.27341679706465893
Only UNet,U-Net,UNet,32,3,True,True,0.2,1,16,92,45,0,0.0,0.3077032238696315
Only UNet,U-Net,UNet,32,3,True,True,0.2,1,16,93,25,0,0.0,0.17694761714493965
Only UNet,U-Net,UNet,32,3,True,True,0.2,1,16,94,32,0,0.0,0.06568928030873952
Only UNet,U-Net,UNet,32,3,True,True,0.2,1,16,95,41,0,0.0,0.38697210189406833
Only UNet,U-Net,UNet,32,3,True,True,0.2,1,16,96,16,0,0.0,0.48781568600377245
Only UNet,U-Net,UNet,32,3,True,True,0.2,1,16,97,26,0,0.0,0.44574028339117683
Only UNet,U-Net,UNet,32,3,True,True,0.2,1,16,98,25,0,0.0,0.29614006379948987
Only UNet,U-Net,UNet,32,3,True,True,0.2,1,16,99,61,28,0.45901639344262296,0.009593256775822895
Only UNet,U-Net,UNet,32,2,True,True,0.2,0.5,16,0,33,0,0.0,0.5909375345823957
Only UNet,U-Net,UNet,32,2,True,True,0.2,0.5,16,1,34,34,1.0,0.09753885262178986
Only UNet,U-Net,UNet,32,2,True,True,0.2,0.5,16,2,29,29,1.0,0.09469636201464138
Only UNet,U-Net,UNet,32,2,True,True,0.2,0.5,16,3,28,0,0.0,0.06734748027030182
Only UNet,U-Net,UNet,32,2,True,True,0.2,0.5,16,4,36,0,0.0,0.5082287031736323
Only UNet,U-Net,UNet,32,2,True,True,0.2,0.5,16,5,42,9,0.21428571428571427,0.1741191544681366
Only UNet,U-Net,UNet,32,2,True,True,0.2,0.5,16,6,28,20,0.7142857142857143,0.0622107042260111
Only UNet,U-Net,UNet,32,2,True,True,0.2,0.5,16,7,38,0,0.0,0.18397126886196807
Only UNet,U-Net,UNet,32,2,True,True,0.2,0.5,16,8,33,0,0.0,0.23527216620819552
Only UNet,U-Net,UNet,32,2,True,True,0.2,0.5,16,9,28,29,1.0357142857142858,0.019626660092748303
Only UNet,U-Net,UNet,32,2,True,True,0.2,0.5,16,10,31,33,1.064516129032258,0.026313753283694057
Only UNet,U-Net,UNet,32,2,True,True,0.2,0.5,16,11,29,27,0.9310344827586207,0.010396850493465998
Only UNet,U-Net,UNet,32,2,True,True,0.2,0.5,16,12,29,0,0.0,0.23336306747933974
Only UNet,U-Net,UNet,32,2,True,True,0.2,0.5,16,13,28,0,0.0,0.37862544162083017
Only UNet,U-Net,UNet,32,2,True,True,0.2,0.5,16,14,29,58,2.0,0.041575502183481876
Only UNet,U-Net,UNet,32,2,True,True,0.2,0.5,16,15,42,0,0.0,0.6099764371204944
Only UNet,U-Net,UNet,32,2,True,True,0.2,0.5,16,16,58,29,0.5,0.01926544782001723
Only UNet,U-Net,UNet,32,2,True,True,0.2,0.5,16,17,35,27,0.7714285714285715,0.019917954366681
Only UNet,U-Net,UNet,32,2,True,True,0.2,0.5,16,18,17,20,1.1764705882352942,0.030449543324920007
Only UNet,U-Net,UNet,32,2,True,True,0.2,0.5,16,19,17,0,0.0,0.3274310712030939
Only UNet,U-Net,UNet,32,2,True,True,0.2,0.5,16,20,27,41,1.5185185185185186,0.04721317935223722
Only UNet,U-Net,UNet,32,2,True,True,0.2,0.5,16,21,40,0,0.0,0.06685336192230444
Only UNet,U-Net,UNet,32,2,True,True,0.2,0.5,16,22,45,28,0.6222222222222222,0.019423961223147882
Only UNet,U-Net,UNet,32,2,True,True,0.2,0.5,16,23,23,15,0.6521739130434783,0.1067462681302467
Only UNet,U-Net,UNet,32,2,True,True,0.2,0.5,16,24,20,0,0.0,0.0891763908015634
Only UNet,U-Net,UNet,32,2,True,True,0.2,0.5,16,25,18,13,0.7222222222222222,0.06494895341762102
Only UNet,U-Net,UNet,32,2,True,True,0.2,0.5,16,26,34,23,0.6764705882352942,0.057381071887383756
Only UNet,U-Net,UNet,32,2,True,True,0.2,0.5,16,27,35,24,0.6857142857142857,0.14316589034948382
Only UNet,U-Net,UNet,32,2,True,True,0.2,0.5,16,28,33,0,0.0,0.4938799979398788
Only UNet,U-Net,UNet,32,2,True,True,0.2,0.5,16,29,40,0,0.0,0.42674157027980436
Only UNet,U-Net,UNet,32,2,True,True,0.2,0.5,16,30,19,20,1.0526315789473684,0.04448989546726722
Only UNet,U-Net,UNet,32,2,True,True,0.2,0.5,16,31,37,19,0.5135135135135135,0.01527514147624157
Only UNet,U-Net,UNet,32,2,True,True,0.2,0.5,16,32,37,17,0.4594594594594595,0.04271752099389004
Only UNet,U-Net,UNet,32,2,True,True,0.2,0.5,16,33,31,0,0.0,0.34626107689599617
Only UNet,U-Net,UNet,32,2,True,True,0.2,0.5,16,34,25,18,0.72,0.010293615032619776
Only UNet,U-Net,UNet,32,2,True,True,0.2,0.5,16,35,25,0,0.0,0.009126206168032783
Only UNet,U-Net,UNet,32,2,True,True,0.2,0.5,16,36,26,20,0.7692307692307693,0.0073328814638263205
Only UNet,U-Net,UNet,32,2,True,True,0.2,0.5,16,37,27,28,1.037037037037037,0.025343622574690368
Only UNet,U-Net,UNet,32,2,True,True,0.2,0.5,16,38,44,30,0.6818181818181818,0.017268437633346304
Only UNet,U-Net,UNet,32,2,True,True,0.2,0.5,16,39,19,16,0.8421052631578947,0.026583796940873813
Only UNet,U-Net,UNet,32,2,True,True,0.2,0.5,16,40,41,22,0.5365853658536586,0.04135054475372789
Only UNet,U-Net,UNet,32,2,True,True,0.2,0.5,16,41,32,0,0.0,0.3177686541559702
Only UNet,U-Net,UNet,32,2,True,True,0.2,0.5,16,42,32,0,0.0,0.47123727296397616
Only UNet,U-Net,UNet,32,2,True,True,0.2,0.5,16,43,28,42,1.5,0.045277011318586906
Only UNet,U-Net,UNet,32,2,True,True,0.2,0.5,16,44,41,16,0.3902439024390244,0.08276954701615655
Only UNet,U-Net,UNet,32,2,True,True,0.2,0.5,16,45,30,17,0.5666666666666667,0.037476700195441366
Only UNet,U-Net,UNet,32,2,True,True,0.2,0.5,16,46,21,48,2.2857142857142856,0.008273898723292402
Only UNet,U-Net,UNet,32,2,True,True,0.2,0.5,16,47,28,1,0.03571428571428571,43955904.34236967
Only UNet,U-Net,UNet,32,2,True,True,0.2,0.5,16,48,17,15,0.8823529411764706,0.02566228564636558
Only UNet,U-Net,UNet,32,2,True,True,0.2,0.5,16,49,20,0,0.0,0.29225711312061475
Only UNet,U-Net,UNet,32,2,True,True,0.2,0.5,16,50,34,0,0.0,0.21529128753448865
Only UNet,U-Net,UNet,32,2,True,True,0.2,0.5,16,51,41,15,0.36585365853658536,0.028773025243864964
Only UNet,U-Net,UNet,32,2,True,True,0.2,0.5,16,52,46,0,0.0,0.6556732229608789
Only UNet,U-Net,UNet,32,2,True,True,0.2,0.5,16,53,18,12,0.6666666666666666,0.01685732825828031
Only UNet,U-Net,UNet,32,2,True,True,0.2,0.5,16,54,30,24,0.8,0.033099858237658944
Only UNet,U-Net,UNet,32,2,True,True,0.2,0.5,16,55,40,0,0.0,0.6682787613684257
Only UNet,U-Net,UNet,32,2,True,True,0.2,0.5,16,56,29,13,0.4482758620689655,0.14705954590636483
Only UNet,U-Net,UNet,32,2,True,True,0.2,0.5,16,57,38,54,1.4210526315789473,0.00872435299736864
Only UNet,U-Net,UNet,32,2,True,True,0.2,0.5,16,58,29,0,0.0,0.01876823500218068
Only UNet,U-Net,UNet,32,2,True,True,0.2,0.5,16,59,25,0,0.0,0.14236726193187613
Only UNet,U-Net,UNet,32,2,True,True,0.2,0.5,16,60,35,39,1.1142857142857143,0.05368191153050617
Only UNet,U-Net,UNet,32,2,True,True,0.2,0.5,16,61,18,32,1.7777777777777777,0.010188830371757352
Only UNet,U-Net,UNet,32,2,True,True,0.2,0.5,16,62,24,26,1.0833333333333333,0.03602945189260408
Only UNet,U-Net,UNet,32,2,True,True,0.2,0.5,16,63,15,19,1.2666666666666666,0.0012161387604939869
Only UNet,U-Net,UNet,32,2,True,True,0.2,0.5,16,64,22,0,0.0,0.19605768845703545
Only UNet,U-Net,UNet,32,2,True,True,0.2,0.5,16,65,20,22,1.1,0.02738912256187718
Only UNet,U-Net,UNet,32,2,True,True,0.2,0.5,16,66,31,0,0.0,0.17243794234891263
Only UNet,U-Net,UNet,32,2,True,True,0.2,0.5,16,67,46,0,0.0,0.7618463635053728
Only UNet,U-Net,UNet,32,2,True,True,0.2,0.5,16,68,29,0,0.0,0.14289077032830982
Only UNet,U-Net,UNet,32,2,True,True,0.2,0.5,16,69,50,1,0.02,17989996.24740002
Only UNet,U-Net,UNet,32,2,True,True,0.2,0.5,16,70,31,27,0.8709677419354839,0.026385500509477237
Only UNet,U-Net,UNet,32,2,True,True,0.2,0.5,16,71,41,0,0.0,0.0003701872225577844
Only UNet,U-Net,UNet,32,2,True,True,0.2,0.5,16,72,38,0,0.0,0.08703743854917327
Only UNet,U-Net,UNet,32,2,True,True,0.2,0.5,16,73,44,0,0.0,0.05561607730999584
Only UNet,U-Net,UNet,32,2,True,True,0.2,0.5,16,74,37,0,0.0,0.2885829300024498
Only UNet,U-Net,UNet,32,2,True,True,0.2,0.5,16,75,29,0,0.0,0.5406491136683582
Only UNet,U-Net,UNet,32,2,True,True,0.2,0.5,16,76,28,0,0.0,0.19436687981865497
Only UNet,U-Net,UNet,32,2,True,True,0.2,0.5,16,77,18,0,0.0,0.3522741579109482
Only UNet,U-Net,UNet,32,2,True,True,0.2,0.5,16,78,37,0,0.0,0.0015060011489838408
Only UNet,U-Net,UNet,32,2,True,True,0.2,0.5,16,79,24,18,0.75,0.004496755176625328
Only UNet,U-Net,UNet,32,2,True,True,0.2,0.5,16,80,38,24,0.631578947368421,0.06936005977915202
Only UNet,U-Net,UNet,32,2,True,True,0.2,0.5,16,81,25,26,1.04,0.026118572228832286
Only UNet,U-Net,UNet,32,2,True,True,0.2,0.5,16,82,29,0,0.0,0.4143906060051306
Only UNet,U-Net,UNet,32,2,True,True,0.2,0.5,16,83,34,25,0.7352941176470589,0.0004743615487668548
Only UNet,U-Net,UNet,32,2,True,True,0.2,0.5,16,84,21,17,0.8095238095238095,0.00971018152674837
Only UNet,U-Net,UNet,32,2,True,True,0.2,0.5,16,85,22,0,0.0,0.19264161900060975
Only UNet,U-Net,UNet,32,2,True,True,0.2,0.5,16,86,41,31,0.7560975609756098,0.019023848696530937
Only UNet,U-Net,UNet,32,2,True,True,0.2,0.5,16,87,28,19,0.6785714285714286,0.049125086433429284
Only UNet,U-Net,UNet,32,2,True,True,0.2,0.5,16,88,35,35,1.0,0.05212870864822123
Only UNet,U-Net,UNet,32,2,True,True,0.2,0.5,16,89,32,0,0.0,0.4519492626837307
Only UNet,U-Net,UNet,32,2,True,True,0.2,0.5,16,90,29,0,0.0,0.2886864784433616
Only UNet,U-Net,UNet,32,2,True,True,0.2,0.5,16,91,19,0,0.0,0.41873592614582306
Only UNet,U-Net,UNet,32,2,True,True,0.2,0.5,16,92,45,34,0.7555555555555555,0.0059559373275091775
Only UNet,U-Net,UNet,32,2,True,True,0.2,0.5,16,93,25,0,0.0,0.17505251708804742
Only UNet,U-Net,UNet,32,2,True,True,0.2,0.5,16,94,32,25,0.78125,0.10511106157191091
Only UNet,U-Net,UNet,32,2,True,True,0.2,0.5,16,95,41,0,0.0,0.6300939700408824
Only UNet,U-Net,UNet,32,2,True,True,0.2,0.5,16,96,16,0,0.0,0.28489563292794934
Only UNet,U-Net,UNet,32,2,True,True,0.2,0.5,16,97,26,0,0.0,0.4061589807285231
Only UNet,U-Net,UNet,32,2,True,True,0.2,0.5,16,98,25,16,0.64,0.005977900760157617
Only UNet,U-Net,UNet,32,2,True,True,0.2,0.5,16,99,61,0,0.0,0.5918857754402512
Only UNet,BE_UNet,UNet,32,2,False,False,0.2,1,16,0,33,30,0.9090909090909091,0.01977235283843416
Only UNet,BE_UNet,UNet,32,2,False,False,0.2,1,16,1,34,29,0.8529411764705882,0.02447751590966207
Only UNet,BE_UNet,UNet,32,2,False,False,0.2,1,16,2,29,14,0.4827586206896552,0.06289093987553805
Only UNet,BE_UNet,UNet,32,2,False,False,0.2,1,16,3,28,28,1.0,0.08354257881366298
Only UNet,BE_UNet,UNet,32,2,False,False,0.2,1,16,4,36,27,0.75,0.035911142292169886
Only UNet,BE_UNet,UNet,32,2,False,False,0.2,1,16,5,42,22,0.5238095238095238,0.0014585836355674327
Only UNet,BE_UNet,UNet,32,2,False,False,0.2,1,16,6,28,21,0.75,0.005197792683525054
Only UNet,BE_UNet,UNet,32,2,False,False,0.2,1,16,7,38,20,0.5263157894736842,0.035374100119206366
Only UNet,BE_UNet,UNet,32,2,False,False,0.2,1,16,8,33,17,0.5151515151515151,0.006448359138829681
Only UNet,BE_UNet,UNet,32,2,False,False,0.2,1,16,9,28,24,0.8571428571428571,0.005653620919952109
Only UNet,BE_UNet,UNet,32,2,False,False,0.2,1,16,10,31,19,0.6129032258064516,0.03425726062825637
Only UNet,BE_UNet,UNet,32,2,False,False,0.2,1,16,11,29,30,1.0344827586206897,0.03973777018759922
Only UNet,BE_UNet,UNet,32,2,False,False,0.2,1,16,12,29,15,0.5172413793103449,0.08519517439212199
Only UNet,BE_UNet,UNet,32,2,False,False,0.2,1,16,13,28,7,0.25,0.10027564339443967
Only UNet,BE_UNet,UNet,32,2,False,False,0.2,1,16,14,29,26,0.896551724137931,0.0493538290560803
Only UNet,BE_UNet,UNet,32,2,False,False,0.2,1,16,15,42,23,0.5476190476190477,0.06810828637454389
Only UNet,BE_UNet,UNet,32,2,False,False,0.2,1,16,16,58,34,0.5862068965517241,0.040887439442260025
Only UNet,BE_UNet,UNet,32,2,False,False,0.2,1,16,17,35,0,0.0,0.17711572094517875
Only UNet,BE_UNet,UNet,32,2,False,False,0.2,1,16,18,17,19,1.1176470588235294,0.005402452090286576
Only UNet,BE_UNet,UNet,32,2,False,False,0.2,1,16,19,17,0,0.0,0.14023400575686626
Only UNet,BE_UNet,UNet,32,2,False,False,0.2,1,16,20,27,36,1.3333333333333333,0.018869090784008963
Only UNet,BE_UNet,UNet,32,2,False,False,0.2,1,16,21,40,64,1.6,0.004308219120379341
Only UNet,BE_UNet,UNet,32,2,False,False,0.2,1,16,22,45,32,0.7111111111111111,0.010320072657013773
Only UNet,BE_UNet,UNet,32,2,False,False,0.2,1,16,23,23,23,1.0,0.0022861244999593084
Only UNet,BE_UNet,UNet,32,2,False,False,0.2,1,16,24,20,0,0.0,0.09680509590211105
Only UNet,BE_UNet,UNet,32,2,False,False,0.2,1,16,25,18,17,0.9444444444444444,0.058150991948243795
Only UNet,BE_UNet,UNet,32,2,False,False,0.2,1,16,26,34,0,0.0,0.46667009398675213
Only UNet,BE_UNet,UNet,32,2,False,False,0.2,1,16,27,35,26,0.7428571428571429,0.12673707986402843
Only UNet,BE_UNet,UNet,32,2,False,False,0.2,1,16,28,33,14,0.42424242424242425,0.004485707909148655
Only UNet,BE_UNet,UNet,32,2,False,False,0.2,1,16,29,40,24,0.6,0.03285767964305911
Only UNet,BE_UNet,UNet,32,2,False,False,0.2,1,16,30,19,28,1.4736842105263157,0.03448173609170068
Only UNet,BE_UNet,UNet,32,2,False,False,0.2,1,16,31,37,38,1.027027027027027,0.003650452952730125
Only UNet,BE_UNet,UNet,32,2,False,False,0.2,1,16,32,37,23,0.6216216216216216,0.05127117893487561
Only UNet,BE_UNet,UNet,32,2,False,False,0.2,1,16,33,31,2,0.06451612903225806,3.3676159831336165
Only UNet,BE_UNet,UNet,32,2,False,False,0.2,1,16,34,25,16,0.64,0.06875661714593023
Only UNet,BE_UNet,UNet,32,2,False,False,0.2,1,16,35,25,22,0.88,0.030090516693419406
Only UNet,BE_UNet,UNet,32,2,False,False,0.2,1,16,36,26,24,0.9230769230769231,0.005715365913289705
Only UNet,BE_UNet,UNet,32,2,False,False,0.2,1,16,37,27,30,1.1111111111111112,0.006046330220359046
Only UNet,BE_UNet,UNet,32,2,False,False,0.2,1,16,38,44,20,0.45454545454545453,0.020266686331579707
Only UNet,BE_UNet,UNet,32,2,False,False,0.2,1,16,39,19,20,1.0526315789473684,0.005083483210716642
Only UNet,BE_UNet,UNet,32,2,False,False,0.2,1,16,40,41,26,0.6341463414634146,0.011880514690726407
Only UNet,BE_UNet,UNet,32,2,False,False,0.2,1,16,41,32,0,0.0,0.5136460369464512
Only UNet,BE_UNet,UNet,32,2,False,False,0.2,1,16,42,32,30,0.9375,0.00846770278358399
Only UNet,BE_UNet,UNet,32,2,False,False,0.2,1,16,43,28,18,0.6428571428571429,0.0005493867013124349
Only UNet,BE_UNet,UNet,32,2,False,False,0.2,1,16,44,41,1,0.024390243902439025,3696640.806732635
Only UNet,BE_UNet,UNet,32,2,False,False,0.2,1,16,45,30,1,0.03333333333333333,12660181.511659186
Only UNet,BE_UNet,UNet,32,2,False,False,0.2,1,16,46,21,0,0.0,0.052692752731108114
Only UNet,BE_UNet,UNet,32,2,False,False,0.2,1,16,47,28,22,0.7857142857142857,0.014006677200948668
Only UNet,BE_UNet,UNet,32,2,False,False,0.2,1,16,48,17,43,2.5294117647058822,0.0739101121903126
Only UNet,BE_UNet,UNet,32,2,False,False,0.2,1,16,49,20,24,1.2,0.014728325086366215
Only UNet,BE_UNet,UNet,32,2,False,False,0.2,1,16,50,34,18,0.5294117647058824,0.022312874582787284
Only UNet,BE_UNet,UNet,32,2,False,False,0.2,1,16,51,41,20,0.4878048780487805,0.044454352433729166
Only UNet,BE_UNet,UNet,32,2,False,False,0.2,1,16,52,46,33,0.717391304347826,0.06073860318767805
Only UNet,BE_UNet,UNet,32,2,False,False,0.2,1,16,53,18,19,1.0555555555555556,0.0033663867469070916
Only UNet,BE_UNet,UNet,32,2,False,False,0.2,1,16,54,30,28,0.9333333333333333,0.023390935676271506
Only UNet,BE_UNet,UNet,32,2,False,False,0.2,1,16,55,40,24,0.6,0.05875528726442838
Only UNet,BE_UNet,UNet,32,2,False,False,0.2,1,16,56,29,43,1.4827586206896552,0.02356018303288734
Only UNet,BE_UNet,UNet,32,2,False,False,0.2,1,16,57,38,19,0.5,0.0028096392358961976
Only UNet,BE_UNet,UNet,32,2,False,False,0.2,1,16,58,29,0,0.0,0.33859062232114656
Only UNet,BE_UNet,UNet,32,2,False,False,0.2,1,16,59,25,18,0.72,0.027110075313215434
Only UNet,BE_UNet,UNet,32,2,False,False,0.2,1,16,60,35,22,0.6285714285714286,0.00625980812273931
Only UNet,BE_UNet,UNet,32,2,False,False,0.2,1,16,61,18,19,1.0555555555555556,0.014952144787679011
Only UNet,BE_UNet,UNet,32,2,False,False,0.2,1,16,62,24,16,0.6666666666666666,0.019642109999609744
Only UNet,BE_UNet,UNet,32,2,False,False,0.2,1,16,63,15,23,1.5333333333333334,0.0015109110927973223
Only UNet,BE_UNet,UNet,32,2,False,False,0.2,1,16,64,22,31,1.4090909090909092,0.017782605142411787
Only UNet,BE_UNet,UNet,32,2,False,False,0.2,1,16,65,20,23,1.15,0.005239237527529618
Only UNet,BE_UNet,UNet,32,2,False,False,0.2,1,16,66,31,8,0.25806451612903225,0.22462574652699419
Only UNet,BE_UNet,UNet,32,2,False,False,0.2,1,16,67,46,11,0.2391304347826087,0.07203564714233743
Only UNet,BE_UNet,UNet,32,2,False,False,0.2,1,16,68,29,16,0.5517241379310345,0.02032587244024027
Only UNet,BE_UNet,UNet,32,2,False,False,0.2,1,16,69,50,25,0.5,0.04882886613428087
Only UNet,BE_UNet,UNet,32,2,False,False,0.2,1,16,70,31,6,0.1935483870967742,0.5810994071471358
Only UNet,BE_UNet,UNet,32,2,False,False,0.2,1,16,71,41,23,0.5609756097560976,0.07813667075472316
Only UNet,BE_UNet,UNet,32,2,False,False,0.2,1,16,72,38,30,0.7894736842105263,0.022226266764732546
Only UNet,BE_UNet,UNet,32,2,False,False,0.2,1,16,73,44,0,0.0,0.29472962396322505
Only UNet,BE_UNet,UNet,32,2,False,False,0.2,1,16,74,37,16,0.43243243243243246,0.001586874007532747
Only UNet,BE_UNet,UNet,32,2,False,False,0.2,1,16,75,29,20,0.6896551724137931,0.032125161772629016
Only UNet,BE_UNet,UNet,32,2,False,False,0.2,1,16,76,28,12,0.42857142857142855,0.1828278513455788
Only UNet,BE_UNet,UNet,32,2,False,False,0.2,1,16,77,18,25,1.3888888888888888,0.017969185535043695
Only UNet,BE_UNet,UNet,32,2,False,False,0.2,1,16,78,37,0,0.0,0.11246520993406683
Only UNet,BE_UNet,UNet,32,2,False,False,0.2,1,16,79,24,18,0.75,0.020050368041892325
Only UNet,BE_UNet,UNet,32,2,False,False,0.2,1,16,80,38,32,0.8421052631578947,0.07731224035483884
Only UNet,BE_UNet,UNet,32,2,False,False,0.2,1,16,81,25,29,1.16,0.01237715468278499
Only UNet,BE_UNet,UNet,32,2,False,False,0.2,1,16,82,29,23,0.7931034482758621,0.004857083449597915
Only UNet,BE_UNet,UNet,32,2,False,False,0.2,1,16,83,34,9,0.2647058823529412,0.01728381371400142
Only UNet,BE_UNet,UNet,32,2,False,False,0.2,1,16,84,21,24,1.1428571428571428,0.02224783996571697
Only UNet,BE_UNet,UNet,32,2,False,False,0.2,1,16,85,22,20,0.9090909090909091,0.02717528527046253
Only UNet,BE_UNet,UNet,32,2,False,False,0.2,1,16,86,41,21,0.5121951219512195,0.04388184677071175
Only UNet,BE_UNet,UNet,32,2,False,False,0.2,1,16,87,28,18,0.6428571428571429,0.004038752184836188
Only UNet,BE_UNet,UNet,32,2,False,False,0.2,1,16,88,35,26,0.7428571428571429,0.004459066767586388
Only UNet,BE_UNet,UNet,32,2,False,False,0.2,1,16,89,32,20,0.625,0.008975208972097429
Only UNet,BE_UNet,UNet,32,2,False,False,0.2,1,16,90,29,23,0.7931034482758621,0.015100873815321677
Only UNet,BE_UNet,UNet,32,2,False,False,0.2,1,16,91,19,26,1.368421052631579,0.04724171617733045
Only UNet,BE_UNet,UNet,32,2,False,False,0.2,1,16,92,45,13,0.28888888888888886,0.14500186575460128
Only UNet,BE_UNet,UNet,32,2,False,False,0.2,1,16,93,25,15,0.6,0.001090721427034649
Only UNet,BE_UNet,UNet,32,2,False,False,0.2,1,16,94,32,21,0.65625,0.2061952781119668
Only UNet,BE_UNet,UNet,32,2,False,False,0.2,1,16,95,41,26,0.6341463414634146,0.006632061642782281
Only UNet,BE_UNet,UNet,32,2,False,False,0.2,1,16,96,16,0,0.0,0.016914935710153976
Only UNet,BE_UNet,UNet,32,2,False,False,0.2,1,16,97,26,21,0.8076923076923077,0.05403691538739983
Only UNet,BE_UNet,UNet,32,2,False,False,0.2,1,16,98,25,27,1.08,0.0015639808503833325
Only UNet,BE_UNet,UNet,32,2,False,False,0.2,1,16,99,61,30,0.4918032786885246,0.014759356031880378
Only UNet,BE_UNet,UNet,32,2,False,False,0.2,0.5,16,0,33,18,0.5454545454545454,0.07455540094246334
Only UNet,BE_UNet,UNet,32,2,False,False,0.2,0.5,16,1,34,30,0.8823529411764706,0.01607728768212031
Only UNet,BE_UNet,UNet,32,2,False,False,0.2,0.5,16,2,29,37,1.2758620689655173,0.14526451301661203
Only UNet,BE_UNet,UNet,32,2,False,False,0.2,0.5,16,3,28,50,1.7857142857142858,0.09451064947961327
Only UNet,BE_UNet,UNet,32,2,False,False,0.2,0.5,16,4,36,24,0.6666666666666666,0.03315618891091941
Only UNet,BE_UNet,UNet,32,2,False,False,0.2,0.5,16,5,42,37,0.8809523809523809,0.030964242181525107
Only UNet,BE_UNet,UNet,32,2,False,False,0.2,0.5,16,6,28,31,1.1071428571428572,5.870444766973682e-05
Only UNet,BE_UNet,UNet,32,2,False,False,0.2,0.5,16,7,38,28,0.7368421052631579,0.11124407326595746
Only UNet,BE_UNet,UNet,32,2,False,False,0.2,0.5,16,8,33,0,0.0,0.3711915498465046
Only UNet,BE_UNet,UNet,32,2,False,False,0.2,0.5,16,9,28,0,0.0,0.45698216571335787
Only UNet,BE_UNet,UNet,32,2,False,False,0.2,0.5,16,10,31,26,0.8387096774193549,0.028662385871551052
Only UNet,BE_UNet,UNet,32,2,False,False,0.2,0.5,16,11,29,35,1.206896551724138,0.005436474339392293
Only UNet,BE_UNet,UNet,32,2,False,False,0.2,0.5,16,12,29,50,1.7241379310344827,0.08366293950502136
Only UNet,BE_UNet,UNet,32,2,False,False,0.2,0.5,16,13,28,13,0.4642857142857143,0.03208262836849525
Only UNet,BE_UNet,UNet,32,2,False,False,0.2,0.5,16,14,29,7,0.2413793103448276,0.37515645293541655
Only UNet,BE_UNet,UNet,32,2,False,False,0.2,0.5,16,15,42,0,0.0,0.09205735303708674
Only UNet,BE_UNet,UNet,32,2,False,False,0.2,0.5,16,16,58,38,0.6551724137931034,0.04830171813623183
Only UNet,BE_UNet,UNet,32,2,False,False,0.2,0.5,16,17,35,10,0.2857142857142857,0.1922560572987663
Only UNet,BE_UNet,UNet,32,2,False,False,0.2,0.5,16,18,17,0,0.0,0.24734707896565275
Only UNet,BE_UNet,UNet,32,2,False,False,0.2,0.5,16,19,17,0,0.0,0.8293891727036362
Only UNet,BE_UNet,UNet,32,2,False,False,0.2,0.5,16,20,27,0,0.0,0.09881557327206066
Only UNet,BE_UNet,UNet,32,2,False,False,0.2,0.5,16,21,40,29,0.725,0.08161912194905584
Only UNet,BE_UNet,UNet,32,2,False,False,0.2,0.5,16,22,45,21,0.4666666666666667,0.018681717048091198
Only UNet,BE_UNet,UNet,32,2,False,False,0.2,0.5,16,23,23,29,1.2608695652173914,0.0035314573974560204
Only UNet,BE_UNet,UNet,32,2,False,False,0.2,0.5,16,24,20,34,1.7,0.014975306440213965
Only UNet,BE_UNet,UNet,32,2,False,False,0.2,0.5,16,25,18,0,0.0,2.4488627551281494
Only UNet,BE_UNet,UNet,32,2,False,False,0.2,0.5,16,26,34,37,1.088235294117647,0.0032099747439050226
Only UNet,BE_UNet,UNet,32,2,False,False,0.2,0.5,16,27,35,0,0.0,0.15744408832265422
Only UNet,BE_UNet,UNet,32,2,False,False,0.2,0.5,16,28,33,36,1.0909090909090908,0.04079918968565984
Only UNet,BE_UNet,UNet,32,2,False,False,0.2,0.5,16,29,40,0,0.0,0.3234209549983367
Only UNet,BE_UNet,UNet,32,2,False,False,0.2,0.5,16,30,19,12,0.631578947368421,0.03821868460134182
Only UNet,BE_UNet,UNet,32,2,False,False,0.2,0.5,16,31,37,0,0.0,0.04715422065508925
Only UNet,BE_UNet,UNet,32,2,False,False,0.2,0.5,16,32,37,14,0.3783783783783784,0.006280137002767132
Only UNet,BE_UNet,UNet,32,2,False,False,0.2,0.5,16,33,31,21,0.6774193548387096,0.012258792034248142
Only UNet,BE_UNet,UNet,32,2,False,False,0.2,0.5,16,34,25,25,1.0,0.047804303167298286
Only UNet,BE_UNet,UNet,32,2,False,False,0.2,0.5,16,35,25,27,1.08,0.025166738189812445
Only UNet,BE_UNet,UNet,32,2,False,False,0.2,0.5,16,36,26,30,1.1538461538461537,0.02321613586429732
Only UNet,BE_UNet,UNet,32,2,False,False,0.2,0.5,16,37,27,41,1.5185185185185186,0.0037373472397273463
Only UNet,BE_UNet,UNet,32,2,False,False,0.2,0.5,16,38,44,25,0.5681818181818182,0.03830413265675252
Only UNet,BE_UNet,UNet,32,2,False,False,0.2,0.5,16,39,19,0,0.0,0.21562343631329892
Only UNet,BE_UNet,UNet,32,2,False,False,0.2,0.5,16,40,41,25,0.6097560975609756,0.02823221043794591
Only UNet,BE_UNet,UNet,32,2,False,False,0.2,0.5,16,41,32,0,0.0,0.3468241841265056
Only UNet,BE_UNet,UNet,32,2,False,False,0.2,0.5,16,42,32,0,0.0,0.07647243620802399
Only UNet,BE_UNet,UNet,32,2,False,False,0.2,0.5,16,43,28,0,0.0,0.4404323307081528
Only UNet,BE_UNet,UNet,32,2,False,False,0.2,0.5,16,44,41,32,0.7804878048780488,0.03382473031755807
Only UNet,BE_UNet,UNet,32,2,False,False,0.2,0.5,16,45,30,0,0.0,0.42502754800499415
Only UNet,BE_UNet,UNet,32,2,False,False,0.2,0.5,16,46,21,14,0.6666666666666666,0.02298119909201924
Only UNet,BE_UNet,UNet,32,2,False,False,0.2,0.5,16,47,28,21,0.75,0.004458868217353312
Only UNet,BE_UNet,UNet,32,2,False,False,0.2,0.5,16,48,17,32,1.8823529411764706,0.010585371939226073
Only UNet,BE_UNet,UNet,32,2,False,False,0.2,0.5,16,49,20,0,0.0,0.4504325374746435
Only UNet,BE_UNet,UNet,32,2,False,False,0.2,0.5,16,50,34,45,1.3235294117647058,0.02272624016269061
Only UNet,BE_UNet,UNet,32,2,False,False,0.2,0.5,16,51,41,30,0.7317073170731707,0.004435965660693712
Only UNet,BE_UNet,UNet,32,2,False,False,0.2,0.5,16,52,46,24,0.5217391304347826,0.06403905155144941
Only UNet,BE_UNet,UNet,32,2,False,False,0.2,0.5,16,53,18,0,0.0,0.20952107876474318
Only UNet,BE_UNet,UNet,32,2,False,False,0.2,0.5,16,54,30,20,0.6666666666666666,0.013837291334310022
Only UNet,BE_UNet,UNet,32,2,False,False,0.2,0.5,16,55,40,38,0.95,0.011101054107073047
Only UNet,BE_UNet,UNet,32,2,False,False,0.2,0.5,16,56,29,29,1.0,0.0014511179873879193
Only UNet,BE_UNet,UNet,32,2,False,False,0.2,0.5,16,57,38,2,0.05263157894736842,7.955348390955187
Only UNet,BE_UNet,UNet,32,2,False,False,0.2,0.5,16,58,29,0,0.0,0.1954974583790775
Only UNet,BE_UNet,UNet,32,2,False,False,0.2,0.5,16,59,25,0,0.0,0.4374354729846125
Only UNet,BE_UNet,UNet,32,2,False,False,0.2,0.5,16,60,35,22,0.6285714285714286,0.060036460157617044
Only UNet,BE_UNet,UNet,32,2,False,False,0.2,0.5,16,61,18,0,0.0,0.5087093608115838
Only UNet,BE_UNet,UNet,32,2,False,False,0.2,0.5,16,62,24,26,1.0833333333333333,0.001984252541458704
Only UNet,BE_UNet,UNet,32,2,False,False,0.2,0.5,16,63,15,19,1.2666666666666666,0.004262589996597098
Only UNet,BE_UNet,UNet,32,2,False,False,0.2,0.5,16,64,22,0,0.0,0.019091375452814596
Only UNet,BE_UNet,UNet,32,2,False,False,0.2,0.5,16,65,20,2,0.1,7.289268086635521
Only UNet,BE_UNet,UNet,32,2,False,False,0.2,0.5,16,66,31,16,0.5161290322580645,0.013454837086158135
Only UNet,BE_UNet,UNet,32,2,False,False,0.2,0.5,16,67,46,23,0.5,0.09418253599989793
Only UNet,BE_UNet,UNet,32,2,False,False,0.2,0.5,16,68,29,8,0.27586206896551724,0.2542206659708238
Only UNet,BE_UNet,UNet,32,2,False,False,0.2,0.5,16,69,50,17,0.34,0.057773367982654804
Only UNet,BE_UNet,UNet,32,2,False,False,0.2,0.5,16,70,31,32,1.032258064516129,0.02427612048929049
Only UNet,BE_UNet,UNet,32,2,False,False,0.2,0.5,16,71,41,48,1.170731707317073,0.02458150979304822
Only UNet,BE_UNet,UNet,32,2,False,False,0.2,0.5,16,72,38,28,0.7368421052631579,0.03309006889844419
Only UNet,BE_UNet,UNet,32,2,False,False,0.2,0.5,16,73,44,35,0.7954545454545454,0.060531809778797734
Only UNet,BE_UNet,UNet,32,2,False,False,0.2,0.5,16,74,37,23,0.6216216216216216,0.0011949134924794528
Only UNet,BE_UNet,UNet,32,2,False,False,0.2,0.5,16,75,29,32,1.103448275862069,0.11191385801803531
Only UNet,BE_UNet,UNet,32,2,False,False,0.2,0.5,16,76,28,25,0.8928571428571429,0.22279014672267827
Only UNet,BE_UNet,UNet,32,2,False,False,0.2,0.5,16,77,18,27,1.5,0.0025091173111289017
Only UNet,BE_UNet,UNet,32,2,False,False,0.2,0.5,16,78,37,40,1.0810810810810811,0.09585077591942345
Only UNet,BE_UNet,UNet,32,2,False,False,0.2,0.5,16,79,24,26,1.0833333333333333,0.023513436529031522
Only UNet,BE_UNet,UNet,32,2,False,False,0.2,0.5,16,80,38,17,0.4473684210526316,0.03967690195115294
Only UNet,BE_UNet,UNet,32,2,False,False,0.2,0.5,16,81,25,32,1.28,0.07463495725240628
Only UNet,BE_UNet,UNet,32,2,False,False,0.2,0.5,16,82,29,29,1.0,0.010575721836235695
Only UNet,BE_UNet,UNet,32,2,False,False,0.2,0.5,16,83,34,22,0.6470588235294118,0.0193305890145328
Only UNet,BE_UNet,UNet,32,2,False,False,0.2,0.5,16,84,21,0,0.0,0.3842800995612177
Only UNet,BE_UNet,UNet,32,2,False,False,0.2,0.5,16,85,22,0,0.0,0.49848378386225717
Only UNet,BE_UNet,UNet,32,2,False,False,0.2,0.5,16,86,41,52,1.2682926829268293,0.014656536140434984
Only UNet,BE_UNet,UNet,32,2,False,False,0.2,0.5,16,87,28,23,0.8214285714285714,0.027538345416847545
Only UNet,BE_UNet,UNet,32,2,False,False,0.2,0.5,16,88,35,8,0.22857142857142856,0.33792945045701994
Only UNet,BE_UNet,UNet,32,2,False,False,0.2,0.5,16,89,32,27,0.84375,0.050611897108418166
Only UNet,BE_UNet,UNet,32,2,False,False,0.2,0.5,16,90,29,44,1.5172413793103448,0.009802355010100622
Only UNet,BE_UNet,UNet,32,2,False,False,0.2,0.5,16,91,19,0,0.0,0.27838269522844783
Only UNet,BE_UNet,UNet,32,2,False,False,0.2,0.5,16,92,45,15,0.3333333333333333,0.00854937997367182
Only UNet,BE_UNet,UNet,32,2,False,False,0.2,0.5,16,93,25,33,1.32,0.02692594541735482
Only UNet,BE_UNet,UNet,32,2,False,False,0.2,0.5,16,94,32,15,0.46875,0.04873333580026516
Only UNet,BE_UNet,UNet,32,2,False,False,0.2,0.5,16,95,41,31,0.7560975609756098,0.020421660667790883
Only UNet,BE_UNet,UNet,32,2,False,False,0.2,0.5,16,96,16,40,2.5,0.0633397283736677
Only UNet,BE_UNet,UNet,32,2,False,False,0.2,0.5,16,97,26,0,0.0,0.3680441453324828
Only UNet,BE_UNet,UNet,32,2,False,False,0.2,0.5,16,98,25,1,0.04,1315288.0135039687
Only UNet,BE_UNet,UNet,32,2,False,False,0.2,0.5,16,99,61,35,0.5737704918032787,0.01933972097145491
Only UNet,BE_UNet,UNet,32,2,True,False,0.2,1,16,0,33,0,0.0,0.32286182463497654
Only UNet,BE_UNet,UNet,32,2,True,False,0.2,1,16,1,34,0,0.0,0.02712071356455379
Only UNet,BE_UNet,UNet,32,2,True,False,0.2,1,16,2,29,28,0.9655172413793104,0.1783027532973063
Only UNet,BE_UNet,UNet,32,2,True,False,0.2,1,16,3,28,13,0.4642857142857143,0.02879166578613863
Only UNet,BE_UNet,UNet,32,2,True,False,0.2,1,16,4,36,28,0.7777777777777778,0.024388692473939034
Only UNet,BE_UNet,UNet,32,2,True,False,0.2,1,16,5,42,25,0.5952380952380952,0.011968595101125221
Only UNet,BE_UNet,UNet,32,2,True,False,0.2,1,16,6,28,28,1.0,0.07863325518501733
Only UNet,BE_UNet,UNet,32,2,True,False,0.2,1,16,7,38,41,1.0789473684210527,0.02214389042630063
Only UNet,BE_UNet,UNet,32,2,True,False,0.2,1,16,8,33,22,0.6666666666666666,0.03079546365416338
Only UNet,BE_UNet,UNet,32,2,True,False,0.2,1,16,9,28,23,0.8214285714285714,0.013969692721139975
Only UNet,BE_UNet,UNet,32,2,True,False,0.2,1,16,10,31,17,0.5483870967741935,0.07237833934908239
Only UNet,BE_UNet,UNet,32,2,True,False,0.2,1,16,11,29,17,0.5862068965517241,0.02408494175742937
Only UNet,BE_UNet,UNet,32,2,True,False,0.2,1,16,12,29,14,0.4827586206896552,0.030735662538229618
Only UNet,BE_UNet,UNet,32,2,True,False,0.2,1,16,13,28,31,1.1071428571428572,0.01748469525315921
Only UNet,BE_UNet,UNet,32,2,True,False,0.2,1,16,14,29,28,0.9655172413793104,0.0443810047518513
Only UNet,BE_UNet,UNet,32,2,True,False,0.2,1,16,15,42,25,0.5952380952380952,0.09259045099936328
Only UNet,BE_UNet,UNet,32,2,True,False,0.2,1,16,16,58,1,0.017241379310344827,20652074.155247353
Only UNet,BE_UNet,UNet,32,2,True,False,0.2,1,16,17,35,0,0.0,1.2213183751201278
Only UNet,BE_UNet,UNet,32,2,True,False,0.2,1,16,18,17,11,0.6470588235294118,0.0011333224858923125
Only UNet,BE_UNet,UNet,32,2,True,False,0.2,1,16,19,17,26,1.5294117647058822,0.002013922169367125
Only UNet,BE_UNet,UNet,32,2,True,False,0.2,1,16,20,27,12,0.4444444444444444,0.04781116154679547
Only UNet,BE_UNet,UNet,32,2,True,False,0.2,1,16,21,40,21,0.525,0.08469158668141623
Only UNet,BE_UNet,UNet,32,2,True,False,0.2,1,16,22,45,19,0.4222222222222222,0.10230057128973637
Only UNet,BE_UNet,UNet,32,2,True,False,0.2,1,16,23,23,19,0.8260869565217391,0.04834064846839523
Only UNet,BE_UNet,UNet,32,2,True,False,0.2,1,16,24,20,14,0.7,0.21664094058745212
Only UNet,BE_UNet,UNet,32,2,True,False,0.2,1,16,25,18,16,0.8888888888888888,0.00845956487327809
Only UNet,BE_UNet,UNet,32,2,True,False,0.2,1,16,26,34,23,0.6764705882352942,0.019518925970012934
Only UNet,BE_UNet,UNet,32,2,True,False,0.2,1,16,27,35,29,0.8285714285714286,0.10880130072952879
Only UNet,BE_UNet,UNet,32,2,True,False,0.2,1,16,28,33,13,0.3939393939393939,0.0889022644165565
Only UNet,BE_UNet,UNet,32,2,True,False,0.2,1,16,29,40,24,0.6,0.009659901648734695
Only UNet,BE_UNet,UNet,32,2,True,False,0.2,1,16,30,19,42,2.210526315789474,0.002225804854816695
Only UNet,BE_UNet,UNet,32,2,True,False,0.2,1,16,31,37,0,0.0,0.39451513383156206
Only UNet,BE_UNet,UNet,32,2,True,False,0.2,1,16,32,37,9,0.24324324324324326,0.173398713732794
Only UNet,BE_UNet,UNet,32,2,True,False,0.2,1,16,33,31,22,0.7096774193548387,0.06535885283099728
Only UNet,BE_UNet,UNet,32,2,True,False,0.2,1,16,34,25,24,0.96,0.05025460898233061
Only UNet,BE_UNet,UNet,32,2,True,False,0.2,1,16,35,25,0,0.0,0.9374511801042991
Only UNet,BE_UNet,UNet,32,2,True,False,0.2,1,16,36,26,0,0.0,0.01568154166661513
Only UNet,BE_UNet,UNet,32,2,True,False,0.2,1,16,37,27,0,0.0,0.496995654983122
Only UNet,BE_UNet,UNet,32,2,True,False,0.2,1,16,38,44,31,0.7045454545454546,0.008681301692711292
Only UNet,BE_UNet,UNet,32,2,True,False,0.2,1,16,39,19,16,0.8421052631578947,0.03134254762949816
Only UNet,BE_UNet,UNet,32,2,True,False,0.2,1,16,40,41,37,0.9024390243902439,0.0732672477013146
Only UNet,BE_UNet,UNet,32,2,True,False,0.2,1,16,41,32,24,0.75,0.014316882303512541
Only UNet,BE_UNet,UNet,32,2,True,False,0.2,1,16,42,32,13,0.40625,0.003021511188745541
Only UNet,BE_UNet,UNet,32,2,True,False,0.2,1,16,43,28,0,0.0,0.4953237202869197
Only UNet,BE_UNet,UNet,32,2,True,False,0.2,1,16,44,41,14,0.34146341463414637,0.028625037469789002
Only UNet,BE_UNet,UNet,32,2,True,False,0.2,1,16,45,30,14,0.4666666666666667,0.03171328266426061
Only UNet,BE_UNet,UNet,32,2,True,False,0.2,1,16,46,21,0,0.0,0.016314742667236412
Only UNet,BE_UNet,UNet,32,2,True,False,0.2,1,16,47,28,19,0.6785714285714286,0.025517417852929786
Only UNet,BE_UNet,UNet,32,2,True,False,0.2,1,16,48,17,19,1.1176470588235294,0.02032575563841209
Only UNet,BE_UNet,UNet,32,2,True,False,0.2,1,16,49,20,22,1.1,0.011792047446056142
Only UNet,BE_UNet,UNet,32,2,True,False,0.2,1,16,50,34,23,0.6764705882352942,0.061415162668625456
Only UNet,BE_UNet,UNet,32,2,True,False,0.2,1,16,51,41,11,0.2682926829268293,0.029497285850493857
Only UNet,BE_UNet,UNet,32,2,True,False,0.2,1,16,52,46,34,0.7391304347826086,0.04065693202132365
Only UNet,BE_UNet,UNet,32,2,True,False,0.2,1,16,53,18,0,0.0,0.437252315218058
Only UNet,BE_UNet,UNet,32,2,True,False,0.2,1,16,54,30,39,1.3,0.043022923308196986
Only UNet,BE_UNet,UNet,32,2,True,False,0.2,1,16,55,40,32,0.8,0.06879953416896471
Only UNet,BE_UNet,UNet,32,2,True,False,0.2,1,16,56,29,20,0.6896551724137931,0.013613052389168639
Only UNet,BE_UNet,UNet,32,2,True,False,0.2,1,16,57,38,0,0.0,0.24336997888982942
Only UNet,BE_UNet,UNet,32,2,True,False,0.2,1,16,58,29,0,0.0,0.015433203495104748
Only UNet,BE_UNet,UNet,32,2,True,False,0.2,1,16,59,25,19,0.76,0.05140657043118672
Only UNet,BE_UNet,UNet,32,2,True,False,0.2,1,16,60,35,31,0.8857142857142857,0.07720177518953168
Only UNet,BE_UNet,UNet,32,2,True,False,0.2,1,16,61,18,23,1.2777777777777777,0.009264086444304955
Only UNet,BE_UNet,UNet,32,2,True,False,0.2,1,16,62,24,15,0.625,0.04806728174038321
Only UNet,BE_UNet,UNet,32,2,True,False,0.2,1,16,63,15,27,1.8,0.08448512370064117
Only UNet,BE_UNet,UNet,32,2,True,False,0.2,1,16,64,22,16,0.7272727272727273,0.013084622578548416
Only UNet,BE_UNet,UNet,32,2,True,False,0.2,1,16,65,20,1,0.05,2972704.276810103
Only UNet,BE_UNet,UNet,32,2,True,False,0.2,1,16,66,31,28,0.9032258064516129,0.011329369455602667
Only UNet,BE_UNet,UNet,32,2,True,False,0.2,1,16,67,46,17,0.3695652173913043,0.015025178377311856
Only UNet,BE_UNet,UNet,32,2,True,False,0.2,1,16,68,29,12,0.41379310344827586,0.027203451821838892
Only UNet,BE_UNet,UNet,32,2,True,False,0.2,1,16,69,50,9,0.18,0.05388913048243175
Only UNet,BE_UNet,UNet,32,2,True,False,0.2,1,16,70,31,30,0.967741935483871,0.05464717116642967
Only UNet,BE_UNet,UNet,32,2,True,False,0.2,1,16,71,41,46,1.1219512195121952,0.028572385978212864
Only UNet,BE_UNet,UNet,32,2,True,False,0.2,1,16,72,38,35,0.9210526315789473,0.04405986504415613
Only UNet,BE_UNet,UNet,32,2,True,False,0.2,1,16,73,44,26,0.5909090909090909,0.021633586500195794
Only UNet,BE_UNet,UNet,32,2,True,False,0.2,1,16,74,37,25,0.6756756756756757,0.0014494535879124686
Only UNet,BE_UNet,UNet,32,2,True,False,0.2,1,16,75,29,23,0.7931034482758621,0.0749191779416916
Only UNet,BE_UNet,UNet,32,2,True,False,0.2,1,16,76,28,29,1.0357142857142858,0.0736977974705923
Only UNet,BE_UNet,UNet,32,2,True,False,0.2,1,16,77,18,0,0.0,0.08803344870428075
Only UNet,BE_UNet,UNet,32,2,True,False,0.2,1,16,78,37,37,1.0,0.09928327329945966
Only UNet,BE_UNet,UNet,32,2,True,False,0.2,1,16,79,24,13,0.5416666666666666,0.005322765118045275
Only UNet,BE_UNet,UNet,32,2,True,False,0.2,1,16,80,38,18,0.47368421052631576,0.025102079917243426
Only UNet,BE_UNet,UNet,32,2,True,False,0.2,1,16,81,25,26,1.04,0.045343175507461204
Only UNet,BE_UNet,UNet,32,2,True,False,0.2,1,16,82,29,0,0.0,0.35624985928547276
Only UNet,BE_UNet,UNet,32,2,True,False,0.2,1,16,83,34,15,0.4411764705882353,0.032842288084541406
Only UNet,BE_UNet,UNet,32,2,True,False,0.2,1,16,84,21,15,0.7142857142857143,0.005974824746678297
Only UNet,BE_UNet,UNet,32,2,True,False,0.2,1,16,85,22,9,0.4090909090909091,0.1363652623326849
Only UNet,BE_UNet,UNet,32,2,True,False,0.2,1,16,86,41,29,0.7073170731707317,0.03816772060095365
Only UNet,BE_UNet,UNet,32,2,True,False,0.2,1,16,87,28,14,0.5,0.09958784065070671
Only UNet,BE_UNet,UNet,32,2,True,False,0.2,1,16,88,35,26,0.7428571428571429,0.0022510634067317145
Only UNet,BE_UNet,UNet,32,2,True,False,0.2,1,16,89,32,0,0.0,0.06003413124492878
Only UNet,BE_UNet,UNet,32,2,True,False,0.2,1,16,90,29,20,0.6896551724137931,0.027168749848100724
Only UNet,BE_UNet,UNet,32,2,True,False,0.2,1,16,91,19,0,0.0,0.018983603438629995
Only UNet,BE_UNet,UNet,32,2,True,False,0.2,1,16,92,45,39,0.8666666666666667,0.0263017705140136
Only UNet,BE_UNet,UNet,32,2,True,False,0.2,1,16,93,25,13,0.52,7.166410641288687e-05
Only UNet,BE_UNet,UNet,32,2,True,False,0.2,1,16,94,32,2,0.0625,1.4869302854089708
Only UNet,BE_UNet,UNet,32,2,True,False,0.2,1,16,95,41,50,1.2195121951219512,0.04574405764609981
Only UNet,BE_UNet,UNet,32,2,True,False,0.2,1,16,96,16,0,0.0,1.9311135046437207
Only UNet,BE_UNet,UNet,32,2,True,False,0.2,1,16,97,26,14,0.5384615384615384,0.0047302084129783985
Only UNet,BE_UNet,UNet,32,2,True,False,0.2,1,16,98,25,62,2.48,0.033943269306159644
Only UNet,BE_UNet,UNet,32,2,True,False,0.2,1,16,99,61,26,0.4262295081967213,0.01701669942146406
Only UNet,BE_UNet,UNet,32,2,False,True,0.2,1,16,0,33,0,0.0,0.6490540478680356
Only UNet,BE_UNet,UNet,32,2,False,True,0.2,1,16,1,34,2,0.058823529411764705,8.070785275309914
Only UNet,BE_UNet,UNet,32,2,False,True,0.2,1,16,2,29,0,0.0,0.42664306876310737
Only UNet,BE_UNet,UNet,32,2,False,True,0.2,1,16,3,28,21,0.75,0.01227915022747508
Only UNet,BE_UNet,UNet,32,2,False,True,0.2,1,16,4,36,41,1.1388888888888888,0.012207008595862118
Only UNet,BE_UNet,UNet,32,2,False,True,0.2,1,16,5,42,0,0.0,0.42993159341310566
Only UNet,BE_UNet,UNet,32,2,False,True,0.2,1,16,6,28,36,1.2857142857142858,0.2338461333763589
Only UNet,BE_UNet,UNet,32,2,False,True,0.2,1,16,7,38,1,0.02631578947368421,4158862.8847157075
Only UNet,BE_UNet,UNet,32,2,False,True,0.2,1,16,8,33,0,0.0,0.19477023250834286
Only UNet,BE_UNet,UNet,32,2,False,True,0.2,1,16,9,28,0,0.0,0.5140236891129679
Only UNet,BE_UNet,UNet,32,2,False,True,0.2,1,16,10,31,30,0.967741935483871,0.04840713509789391
Only UNet,BE_UNet,UNet,32,2,False,True,0.2,1,16,11,29,0,0.0,0.39063888317716616
Only UNet,BE_UNet,UNet,32,2,False,True,0.2,1,16,12,29,0,0.0,0.5954159029781142
Only UNet,BE_UNet,UNet,32,2,False,True,0.2,1,16,13,28,32,1.1428571428571428,0.04988638525866179
Only UNet,BE_UNet,UNet,32,2,False,True,0.2,1,16,14,29,0,0.0,0.6669078692927007
Only UNet,BE_UNet,UNet,32,2,False,True,0.2,1,16,15,42,0,0.0,0.567607293634022
Only UNet,BE_UNet,UNet,32,2,False,True,0.2,1,16,16,58,0,0.0,0.48366252022585854
Only UNet,BE_UNet,UNet,32,2,False,True,0.2,1,16,17,35,0,0.0,0.08491108715834189
Only UNet,BE_UNet,UNet,32,2,False,True,0.2,1,16,18,17,19,1.1176470588235294,0.0020445567387868406
Only UNet,BE_UNet,UNet,32,2,False,True,0.2,1,16,19,17,0,0.0,0.003698757781348535
Only UNet,BE_UNet,UNet,32,2,False,True,0.2,1,16,20,27,0,0.0,0.34904783092341335
Only UNet,BE_UNet,UNet,32,2,False,True,0.2,1,16,21,40,30,0.75,0.009027588313919633
Only UNet,BE_UNet,UNet,32,2,False,True,0.2,1,16,22,45,1,0.022222222222222223,35928914.092932165
Only UNet,BE_UNet,UNet,32,2,False,True,0.2,1,16,23,23,0,0.0,0.4217022349555468
Only UNet,BE_UNet,UNet,32,2,False,True,0.2,1,16,24,20,0,0.0,0.12663640986200195
Only UNet,BE_UNet,UNet,32,2,False,True,0.2,1,16,25,18,0,0.0,0.8597899371239096
Only UNet,BE_UNet,UNet,32,2,False,True,0.2,1,16,26,34,7,0.20588235294117646,0.29645743997446117
Only UNet,BE_UNet,UNet,32,2,False,True,0.2,1,16,27,35,10,0.2857142857142857,0.28725965951277566
Only UNet,BE_UNet,UNet,32,2,False,True,0.2,1,16,28,33,48,1.4545454545454546,0.06617418324778107
Only UNet,BE_UNet,UNet,32,2,False,True,0.2,1,16,29,40,44,1.1,0.2113076678131559
Only UNet,BE_UNet,UNet,32,2,False,True,0.2,1,16,30,19,11,0.5789473684210527,0.02839119094954939
Only UNet,BE_UNet,UNet,32,2,False,True,0.2,1,16,31,37,0,0.0,0.2151137902527055
Only UNet,BE_UNet,UNet,32,2,False,True,0.2,1,16,32,37,35,0.9459459459459459,0.010159435894775599
Only UNet,BE_UNet,UNet,32,2,False,True,0.2,1,16,33,31,0,0.0,0.13331474821071373
Only UNet,BE_UNet,UNet,32,2,False,True,0.2,1,16,34,25,0,0.0,0.2753984230799853
Only UNet,BE_UNet,UNet,32,2,False,True,0.2,1,16,35,25,22,0.88,0.01274062109328684
Only UNet,BE_UNet,UNet,32,2,False,True,0.2,1,16,36,26,0,0.0,0.3823947764544653
Only UNet,BE_UNet,UNet,32,2,False,True,0.2,1,16,37,27,0,0.0,0.49280697188624445
Only UNet,BE_UNet,UNet,32,2,False,True,0.2,1,16,38,44,14,0.3181818181818182,0.07429601167962009
Only UNet,BE_UNet,UNet,32,2,False,True,0.2,1,16,39,19,0,0.0,0.1357870864005952
Only UNet,BE_UNet,UNet,32,2,False,True,0.2,1,16,40,41,0,0.0,0.712117648535254
Only UNet,BE_UNet,UNet,32,2,False,True,0.2,1,16,41,32,13,0.40625,0.166062880614721
Only UNet,BE_UNet,UNet,32,2,False,True,0.2,1,16,42,32,0,0.0,0.19807785546051457
Only UNet,BE_UNet,UNet,32,2,False,True,0.2,1,16,43,28,0,0.0,0.5749624835475331
Only UNet,BE_UNet,UNet,32,2,False,True,0.2,1,16,44,41,22,0.5365853658536586,0.024609327243563156
Only UNet,BE_UNet,UNet,32,2,False,True,0.2,1,16,45,30,0,0.0,0.5745226322082556
Only UNet,BE_UNet,UNet,32,2,False,True,0.2,1,16,46,21,20,0.9523809523809523,0.010195382956141781
Only UNet,BE_UNet,UNet,32,2,False,True,0.2,1,16,47,28,0,0.0,0.41586918303437553
Only UNet,BE_UNet,UNet,32,2,False,True,0.2,1,16,48,17,52,3.0588235294117645,0.03321131876907944
Only UNet,BE_UNet,UNet,32,2,False,True,0.2,1,16,49,20,21,1.05,0.020825144802636503
Only UNet,BE_UNet,UNet,32,2,False,True,0.2,1,16,50,34,0,0.0,0.7161882014427712
Only UNet,BE_UNet,UNet,32,2,False,True,0.2,1,16,51,41,46,1.1219512195121952,0.052616529249405596
Only UNet,BE_UNet,UNet,32,2,False,True,0.2,1,16,52,46,0,0.0,0.7145291694767112
Only UNet,BE_UNet,UNet,32,2,False,True,0.2,1,16,53,18,29,1.6111111111111112,0.03262000474434198
Only UNet,BE_UNet,UNet,32,2,False,True,0.2,1,16,54,30,40,1.3333333333333333,0.014201632403367196
Only UNet,BE_UNet,UNet,32,2,False,True,0.2,1,16,55,40,0,0.0,0.4633255499165895
Only UNet,BE_UNet,UNet,32,2,False,True,0.2,1,16,56,29,28,0.9655172413793104,0.013374074968948836
Only UNet,BE_UNet,UNet,32,2,False,True,0.2,1,16,57,38,0,0.0,0.0556743362730146
Only UNet,BE_UNet,UNet,32,2,False,True,0.2,1,16,58,29,22,0.7586206896551724,0.00900075947844134
Only UNet,BE_UNet,UNet,32,2,False,True,0.2,1,16,59,25,0,0.0,0.6940187026315345
Only UNet,BE_UNet,UNet,32,2,False,True,0.2,1,16,60,35,0,0.0,0.16596615950268062
Only UNet,BE_UNet,UNet,32,2,False,True,0.2,1,16,61,18,11,0.6111111111111112,0.07520193747640724
Only UNet,BE_UNet,UNet,32,2,False,True,0.2,1,16,62,24,26,1.0833333333333333,0.0011078821097135242
Only UNet,BE_UNet,UNet,32,2,False,True,0.2,1,16,63,15,0,0.0,0.2300939757060175
Only UNet,BE_UNet,UNet,32,2,False,True,0.2,1,16,64,22,0,0.0,0.408406373498493
Only UNet,BE_UNet,UNet,32,2,False,True,0.2,1,16,65,20,0,0.0,0.22500877412611345
Only UNet,BE_UNet,UNet,32,2,False,True,0.2,1,16,66,31,0,0.0,0.5949444378682603
Only UNet,BE_UNet,UNet,32,2,False,True,0.2,1,16,67,46,52,1.1304347826086956,0.009740224375582156
Only UNet,BE_UNet,UNet,32,2,False,True,0.2,1,16,68,29,0,0.0,0.0732535781768614
Only UNet,BE_UNet,UNet,32,2,False,True,0.2,1,16,69,50,0,0.0,0.500692024944187
Only UNet,BE_UNet,UNet,32,2,False,True,0.2,1,16,70,31,0,0.0,0.6981530229784215
Only UNet,BE_UNet,UNet,32,2,False,True,0.2,1,16,71,41,0,0.0,0.25301001746497226
Only UNet,BE_UNet,UNet,32,2,False,True,0.2,1,16,72,38,0,0.0,0.0007316779887897119
Only UNet,BE_UNet,UNet,32,2,False,True,0.2,1,16,73,44,28,0.6363636363636364,0.03381452238786337
Only UNet,BE_UNet,UNet,32,2,False,True,0.2,1,16,74,37,29,0.7837837837837838,0.037276850417678045
Only UNet,BE_UNet,UNet,32,2,False,True,0.2,1,16,75,29,6,0.20689655172413793,1.2081729478222534
Only UNet,BE_UNet,UNet,32,2,False,True,0.2,1,16,76,28,0,0.0,0.3102100180354628
Only UNet,BE_UNet,UNet,32,2,False,True,0.2,1,16,77,18,24,1.3333333333333333,0.1306531223941986
Only UNet,BE_UNet,UNet,32,2,False,True,0.2,1,16,78,37,0,0.0,0.7156234279238486
Only UNet,BE_UNet,UNet,32,2,False,True,0.2,1,16,79,24,27,1.125,0.03453965155263811
Only UNet,BE_UNet,UNet,32,2,False,True,0.2,1,16,80,38,29,0.7631578947368421,0.07950092731595323
Only UNet,BE_UNet,UNet,32,2,False,True,0.2,1,16,81,25,21,0.84,0.0744317649000317
Only UNet,BE_UNet,UNet,32,2,False,True,0.2,1,16,82,29,0,0.0,0.4768516580068018
Only UNet,BE_UNet,UNet,32,2,False,True,0.2,1,16,83,34,29,0.8529411764705882,0.0005393230813495215
Only UNet,BE_UNet,UNet,32,2,False,True,0.2,1,16,84,21,20,0.9523809523809523,0.062218795240164645
Only UNet,BE_UNet,UNet,32,2,False,True,0.2,1,16,85,22,0,0.0,0.35971690717458843
Only UNet,BE_UNet,UNet,32,2,False,True,0.2,1,16,86,41,19,0.4634146341463415,0.11085224308904666
Only UNet,BE_UNet,UNet,32,2,False,True,0.2,1,16,87,28,0,0.0,0.43943162343278613
Only UNet,BE_UNet,UNet,32,2,False,True,0.2,1,16,88,35,29,0.8285714285714286,0.002462564220304241
Only UNet,BE_UNet,UNet,32,2,False,True,0.2,1,16,89,32,9,0.28125,0.231845935485724
Only UNet,BE_UNet,UNet,32,2,False,True,0.2,1,16,90,29,0,0.0,0.22391912102645098
Only UNet,BE_UNet,UNet,32,2,False,True,0.2,1,16,91,19,0,0.0,0.4853631465745563
Only UNet,BE_UNet,UNet,32,2,False,True,0.2,1,16,92,45,0,0.0,0.3706790241057404
Only UNet,BE_UNet,UNet,32,2,False,True,0.2,1,16,93,25,22,0.88,0.0039666945377837635
Only UNet,BE_UNet,UNet,32,2,False,True,0.2,1,16,94,32,0,0.0,0.4292634222902935
Only UNet,BE_UNet,UNet,32,2,False,True,0.2,1,16,95,41,0,0.0,0.740751754771173
Only UNet,BE_UNet,UNet,32,2,False,True,0.2,1,16,96,16,0,0.0,0.0409487189584956
Only UNet,BE_UNet,UNet,32,2,False,True,0.2,1,16,97,26,12,0.46153846153846156,0.09967978005397062
Only UNet,BE_UNet,UNet,32,2,False,True,0.2,1,16,98,25,0,0.0,0.6861380626657072
Only UNet,BE_UNet,UNet,32,2,False,True,0.2,1,16,99,61,0,0.0,0.7386715474530016
