$MeshFormat
4.1 0 8
$EndMeshFormat
$PhysicalNames
9
0 1 "1"
0 2 "2"
0 3 "3"
0 4 "4"
1 5 "Abajo"
1 6 "Derecha"
1 7 "Arriba"
1 8 "Izquierda"
2 9 "Volumen"
$EndPhysicalNames
$Entities
4 4 1 0
1 -1 -1 0 1 1 
2 1 -1 0 1 2 
3 1 1 0 1 3 
4 -1 1 0 1 4 
1 -1 -1 0 1 -1 0 1 5 2 1 -2 
2 1 -1 0 1 1 0 1 6 2 2 -3 
3 -1 1 0 1 1 0 1 7 2 3 -4 
4 -1 -1 0 -1 1 0 1 8 2 4 -1 
1 -1 -1 0 1 1 0 1 9 4 1 2 3 4 
$EndEntities
$Nodes
9 4225 1 4225
0 1 0 1
1
-1 -1 0
0 2 0 1
2
1 -1 0
0 3 0 1
3
1 1 0
0 4 0 1
4
-1 1 0
1 1 0 63
5
6
7
8
9
10
11
12
13
14
15
16
17
18
19
20
21
22
23
24
25
26
27
28
29
30
31
32
33
34
35
36
37
38
39
40
41
42
43
44
45
46
47
48
49
50
51
52
53
54
55
56
57
58
59
60
61
62
63
64
65
66
67
-0.9687500000000866 -1 0
-0.9375000000001733 -1 0
-0.90625000000026 -1 0
-0.8750000000003466 -1 0
-0.8437500000004332 -1 0
-0.8125000000005199 -1 0
-0.7812500000006065 -1 0
-0.7500000000006932 -1 0
-0.7187500000007798 -1 0
-0.6875000000008665 -1 0
-0.6562500000009532 -1 0
-0.6250000000010399 -1 0
-0.5937500000011267 -1 0
-0.5625000000012133 -1 0
-0.5312500000013 -1 0
-0.5000000000013867 -1 0
-0.4687500000014733 -1 0
-0.4375000000015599 -1 0
-0.4062500000016463 -1 0
-0.3750000000017329 -1 0
-0.3437500000018195 -1 0
-0.3125000000019061 -1 0
-0.2812500000019927 -1 0
-0.2500000000020793 -1 0
-0.2187500000021658 -1 0
-0.1875000000022524 -1 0
-0.156250000002339 -1 0
-0.1250000000024256 -1 0
-0.09375000000251221 -1 0
-0.0625000000025987 -1 0
-0.0312500000026853 -1 0
-2.750244476601438e-12 -1 0
0.03124999999731481 -1 0
0.06249999999740141 -1 0
0.09374999999748801 -1 0
0.1249999999975746 -1 0
0.1562499999976612 -1 0
0.187499999997748 -1 0
0.2187499999978346 -1 0
0.2499999999979212 -1 0
0.2812499999980078 -1 0
0.3124999999980944 -1 0
0.343749999998181 -1 0
0.3749999999982676 -1 0
0.4062499999983542 -1 0
0.4374999999984408 -1 0
0.4687499999985274 -1 0
0.499999999998614 -1 0
0.5312499999987008 -1 0
0.5624999999987874 -1 0
0.593749999998874 -1 0
0.6249999999989606 -1 0
0.6562499999990472 -1 0
0.6874999999991338 -1 0
0.7187499999992204 -1 0
0.749999999999307 -1 0
0.7812499999993936 -1 0
0.8124999999994802 -1 0
0.843749999999567 -1 0
0.8749999999996536 -1 0
0.9062499999997402 -1 0
0.9374999999998268 -1 0
0.9687499999999134 -1 0
1 2 0 63
68
69
70
71
72
73
74
75
76
77
78
79
80
81
82
83
84
85
86
87
88
89
90
91
92
93
94
95
96
97
98
99
100
101
102
103
104
105
106
107
108
109
110
111
112
113
114
115
116
117
118
119
120
121
122
123
124
125
126
127
128
129
130
1 -0.9687500000000866 0
1 -0.9375000000001733 0
1 -0.90625000000026 0
1 -0.8750000000003466 0
1 -0.8437500000004332 0
1 -0.8125000000005199 0
1 -0.7812500000006065 0
1 -0.7500000000006932 0
1 -0.7187500000007798 0
1 -0.6875000000008665 0
1 -0.6562500000009532 0
1 -0.6250000000010399 0
1 -0.5937500000011267 0
1 -0.5625000000012133 0
1 -0.5312500000013 0
1 -0.5000000000013867 0
1 -0.4687500000014733 0
1 -0.4375000000015599 0
1 -0.4062500000016463 0
1 -0.3750000000017329 0
1 -0.3437500000018195 0
1 -0.3125000000019061 0
1 -0.2812500000019927 0
1 -0.2500000000020793 0
1 -0.2187500000021658 0
1 -0.1875000000022524 0
1 -0.156250000002339 0
1 -0.1250000000024256 0
1 -0.09375000000251221 0
1 -0.0625000000025987 0
1 -0.0312500000026853 0
1 -2.750244476601438e-12 0
1 0.03124999999731481 0
1 0.06249999999740141 0
1 0.09374999999748801 0
1 0.1249999999975746 0
1 0.1562499999976612 0
1 0.187499999997748 0
1 0.2187499999978346 0
1 0.2499999999979212 0
1 0.2812499999980078 0
1 0.3124999999980944 0
1 0.343749999998181 0
1 0.3749999999982676 0
1 0.4062499999983542 0
1 0.4374999999984408 0
1 0.4687499999985274 0
1 0.499999999998614 0
1 0.5312499999987008 0
1 0.5624999999987874 0
1 0.593749999998874 0
1 0.6249999999989606 0
1 0.6562499999990472 0
1 0.6874999999991338 0
1 0.7187499999992204 0
1 0.749999999999307 0
1 0.7812499999993936 0
1 0.8124999999994802 0
1 0.843749999999567 0
1 0.8749999999996536 0
1 0.9062499999997402 0
1 0.9374999999998268 0
1 0.9687499999999134 0
1 3 0 63
131
132
133
134
135
136
137
138
139
140
141
142
143
144
145
146
147
148
149
150
151
152
153
154
155
156
157
158
159
160
161
162
163
164
165
166
167
168
169
170
171
172
173
174
175
176
177
178
179
180
181
182
183
184
185
186
187
188
189
190
191
192
193
0.9687500000000866 1 0
0.9375000000001733 1 0
0.90625000000026 1 0
0.8750000000003466 1 0
0.8437500000004332 1 0
0.8125000000005199 1 0
0.7812500000006065 1 0
0.7500000000006932 1 0
0.7187500000007798 1 0
0.6875000000008665 1 0
0.6562500000009532 1 0
0.6250000000010399 1 0
0.5937500000011267 1 0
0.5625000000012133 1 0
0.5312500000013 1 0
0.5000000000013867 1 0
0.4687500000014733 1 0
0.4375000000015599 1 0
0.4062500000016463 1 0
0.3750000000017329 1 0
0.3437500000018195 1 0
0.3125000000019061 1 0
0.2812500000019927 1 0
0.2500000000020793 1 0
0.2187500000021658 1 0
0.1875000000022524 1 0
0.156250000002339 1 0
0.1250000000024256 1 0
0.09375000000251221 1 0
0.0625000000025987 1 0
0.0312500000026853 1 0
2.750244476601438e-12 1 0
-0.03124999999731481 1 0
-0.06249999999740141 1 0
-0.09374999999748801 1 0
-0.1249999999975746 1 0
-0.1562499999976612 1 0
-0.187499999997748 1 0
-0.2187499999978346 1 0
-0.2499999999979212 1 0
-0.2812499999980078 1 0
-0.3124999999980944 1 0
-0.343749999998181 1 0
-0.3749999999982676 1 0
-0.4062499999983542 1 0
-0.4374999999984408 1 0
-0.4687499999985274 1 0
-0.499999999998614 1 0
-0.5312499999987008 1 0
-0.5624999999987874 1 0
-0.593749999998874 1 0
-0.6249999999989606 1 0
-0.6562499999990472 1 0
-0.6874999999991338 1 0
-0.7187499999992204 1 0
-0.749999999999307 1 0
-0.7812499999993936 1 0
-0.8124999999994802 1 0
-0.843749999999567 1 0
-0.8749999999996536 1 0
-0.9062499999997402 1 0
-0.9374999999998268 1 0
-0.9687499999999134 1 0
1 4 0 63
194
195
196
197
198
199
200
201
202
203
204
205
206
207
208
209
210
211
212
213
214
215
216
217
218
219
220
221
222
223
224
225
226
227
228
229
230
231
232
233
234
235
236
237
238
239
240
241
242
243
244
245
246
247
248
249
250
251
252
253
254
255
256
-1 0.9687500000000866 0
-1 0.9375000000001733 0
-1 0.90625000000026 0
-1 0.8750000000003466 0
-1 0.8437500000004332 0
-1 0.8125000000005199 0
-1 0.7812500000006065 0
-1 0.7500000000006932 0
-1 0.7187500000007798 0
-1 0.6875000000008665 0
-1 0.6562500000009532 0
-1 0.6250000000010399 0
-1 0.5937500000011267 0
-1 0.5625000000012133 0
-1 0.5312500000013 0
-1 0.5000000000013867 0
-1 0.4687500000014733 0
-1 0.4375000000015599 0
-1 0.4062500000016463 0
-1 0.3750000000017329 0
-1 0.3437500000018195 0
-1 0.3125000000019061 0
-1 0.2812500000019927 0
-1 0.2500000000020793 0
-1 0.2187500000021658 0
-1 0.1875000000022524 0
-1 0.156250000002339 0
-1 0.1250000000024256 0
-1 0.09375000000251221 0
-1 0.0625000000025987 0
-1 0.0312500000026853 0
-1 2.750244476601438e-12 0
-1 -0.03124999999731481 0
-1 -0.06249999999740141 0
-1 -0.09374999999748801 0
-1 -0.1249999999975746 0
-1 -0.1562499999976612 0
-1 -0.187499999997748 0
-1 -0.2187499999978346 0
-1 -0.2499999999979212 0
-1 -0.2812499999980078 0
-1 -0.3124999999980944 0
-1 -0.343749999998181 0
-1 -0.3749999999982676 0
-1 -0.4062499999983542 0
-1 -0.4374999999984408 0
-1 -0.4687499999985274 0
-1 -0.499999999998614 0
-1 -0.5312499999987008 0
-1 -0.5624999999987874 0
-1 -0.593749999998874 0
-1 -0.6249999999989606 0
-1 -0.6562499999990472 0
-1 -0.6874999999991338 0
-1 -0.7187499999992204 0
-1 -0.749999999999307 0
-1 -0.7812499999993936 0
-1 -0.8124999999994802 0
-1 -0.843749999999567 0
-1 -0.8749999999996536 0
-1 -0.9062499999997402 0
-1 -0.9374999999998268 0
-1 -0.9687499999999134 0
2 1 0 3969
257
258
259
260
261
262
263
264
265
266
267
268
269
270
271
272
273
274
275
276
277
278
279
280
281
282
283
284
285
286
287
288
289
290
291
292
293
294
295
296
297
298
299
300
301
302
303
304
305
306
307
308
309
310
311
312
313
314
315
316
317
318
319
320
321
322
323
324
325
326
327
328
329
330
331
332
333
334
335
336
337
338
339
340
341
342
343
344
345
346
347
348
349
350
351
352
353
354
355
356
357
358
359
360
361
362
363
364
365
366
367
368
369
370
371
372
373
374
375
376
377
378
379
380
381
382
383
384
385
386
387
388
389
390
391
392
393
394
395
396
397
398
399
400
401
402
403
404
405
406
407
408
409
410
411
412
413
414
415
416
417
418
419
420
421
422
423
424
425
426
427
428
429
430
431
432
433
434
435
436
437
438
439
440
441
442
443
444
445
446
447
448
449
450
451
452
453
454
455
456
457
458
459
460
461
462
463
464
465
466
467
468
469
470
471
472
473
474
475
476
477
478
479
480
481
482
483
484
485
486
487
488
489
490
491
492
493
494
495
496
497
498
499
500
501
502
503
504
505
506
507
508
509
510
511
512
513
514
515
516
517
518
519
520
521
522
523
524
525
526
527
528
529
530
531
532
533
534
535
536
537
538
539
540
541
542
543
544
545
546
547
548
549
550
551
552
553
554
555
556
557
558
559
560
561
562
563
564
565
566
567
568
569
570
571
572
573
574
575
576
577
578
579
580
581
582
583
584
585
586
587
588
589
590
591
592
593
594
595
596
597
598
599
600
601
602
603
604
605
606
607
608
609
610
611
612
613
614
615
616
617
618
619
620
621
622
623
624
625
626
627
628
629
630
631
632
633
634
635
636
637
638
639
640
641
642
643
644
645
646
647
648
649
650
651
652
653
654
655
656
657
658
659
660
661
662
663
664
665
666
667
668
669
670
671
672
673
674
675
676
677
678
679
680
681
682
683
684
685
686
687
688
689
690
691
692
693
694
695
696
697
698
699
700
701
702
703
704
705
706
707
708
709
710
711
712
713
714
715
716
717
718
719
720
721
722
723
724
725
726
727
728
729
730
731
732
733
734
735
736
737
738
739
740
741
742
743
744
745
746
747
748
749
750
751
752
753
754
755
756
757
758
759
760
761
762
763
764
765
766
767
768
769
770
771
772
773
774
775
776
777
778
779
780
781
782
783
784
785
786
787
788
789
790
791
792
793
794
795
796
797
798
799
800
801
802
803
804
805
806
807
808
809
810
811
812
813
814
815
816
817
818
819
820
821
822
823
824
825
826
827
828
829
830
831
832
833
834
835
836
837
838
839
840
841
842
843
844
845
846
847
848
849
850
851
852
853
854
855
856
857
858
859
860
861
862
863
864
865
866
867
868
869
870
871
872
873
874
875
876
877
878
879
880
881
882
883
884
885
886
887
888
889
890
891
892
893
894
895
896
897
898
899
900
901
902
903
904
905
906
907
908
909
910
911
912
913
914
915
916
917
918
919
920
921
922
923
924
925
926
927
928
929
930
931
932
933
934
935
936
937
938
939
940
941
942
943
944
945
946
947
948
949
950
951
952
953
954
955
956
957
958
959
960
961
962
963
964
965
966
967
968
969
970
971
972
973
974
975
976
977
978
979
980
981
982
983
984
985
986
987
988
989
990
991
992
993
994
995
996
997
998
999
1000
1001
1002
1003
1004
1005
1006
1007
1008
1009
1010
1011
1012
1013
1014
1015
1016
1017
1018
1019
1020
1021
1022
1023
1024
1025
1026
1027
1028
1029
1030
1031
1032
1033
1034
1035
1036
1037
1038
1039
1040
1041
1042
1043
1044
1045
1046
1047
1048
1049
1050
1051
1052
1053
1054
1055
1056
1057
1058
1059
1060
1061
1062
1063
1064
1065
1066
1067
1068
1069
1070
1071
1072
1073
1074
1075
1076
1077
1078
1079
1080
1081
1082
1083
1084
1085
1086
1087
1088
1089
1090
1091
1092
1093
1094
1095
1096
1097
1098
1099
1100
1101
1102
1103
1104
1105
1106
1107
1108
1109
1110
1111
1112
1113
1114
1115
1116
1117
1118
1119
1120
1121
1122
1123
1124
1125
1126
1127
1128
1129
1130
1131
1132
1133
1134
1135
1136
1137
1138
1139
1140
1141
1142
1143
1144
1145
1146
1147
1148
1149
1150
1151
1152
1153
1154
1155
1156
1157
1158
1159
1160
1161
1162
1163
1164
1165
1166
1167
1168
1169
1170
1171
1172
1173
1174
1175
1176
1177
1178
1179
1180
1181
1182
1183
1184
1185
1186
1187
1188
1189
1190
1191
1192
1193
1194
1195
1196
1197
1198
1199
1200
1201
1202
1203
1204
1205
1206
1207
1208
1209
1210
1211
1212
1213
1214
1215
1216
1217
1218
1219
1220
1221
1222
1223
1224
1225
1226
1227
1228
1229
1230
1231
1232
1233
1234
1235
1236
1237
1238
1239
1240
1241
1242
1243
1244
1245
1246
1247
1248
1249
1250
1251
1252
1253
1254
1255
1256
1257
1258
1259
1260
1261
1262
1263
1264
1265
1266
1267
1268
1269
1270
1271
1272
1273
1274
1275
1276
1277
1278
1279
1280
1281
1282
1283
1284
1285
1286
1287
1288
1289
1290
1291
1292
1293
1294
1295
1296
1297
1298
1299
1300
1301
1302
1303
1304
1305
1306
1307
1308
1309
1310
1311
1312
1313
1314
1315
1316
1317
1318
1319
1320
1321
1322
1323
1324
1325
1326
1327
1328
1329
1330
1331
1332
1333
1334
1335
1336
1337
1338
1339
1340
1341
1342
1343
1344
1345
1346
1347
1348
1349
1350
1351
1352
1353
1354
1355
1356
1357
1358
1359
1360
1361
1362
1363
1364
1365
1366
1367
1368
1369
1370
1371
1372
1373
1374
1375
1376
1377
1378
1379
1380
1381
1382
1383
1384
1385
1386
1387
1388
1389
1390
1391
1392
1393
1394
1395
1396
1397
1398
1399
1400
1401
1402
1403
1404
1405
1406
1407
1408
1409
1410
1411
1412
1413
1414
1415
1416
1417
1418
1419
1420
1421
1422
1423
1424
1425
1426
1427
1428
1429
1430
1431
1432
1433
1434
1435
1436
1437
1438
1439
1440
1441
1442
1443
1444
1445
1446
1447
1448
1449
1450
1451
1452
1453
1454
1455
1456
1457
1458
1459
1460
1461
1462
1463
1464
1465
1466
1467
1468
1469
1470
1471
1472
1473
1474
1475
1476
1477
1478
1479
1480
1481
1482
1483
1484
1485
1486
1487
1488
1489
1490
1491
1492
1493
1494
1495
1496
1497
1498
1499
1500
1501
1502
1503
1504
1505
1506
1507
1508
1509
1510
1511
1512
1513
1514
1515
1516
1517
1518
1519
1520
1521
1522
1523
1524
1525
1526
1527
1528
1529
1530
1531
1532
1533
1534
1535
1536
1537
1538
1539
1540
1541
1542
1543
1544
1545
1546
1547
1548
1549
1550
1551
1552
1553
1554
1555
1556
1557
1558
1559
1560
1561
1562
1563
1564
1565
1566
1567
1568
1569
1570
1571
1572
1573
1574
1575
1576
1577
1578
1579
1580
1581
1582
1583
1584
1585
1586
1587
1588
1589
1590
1591
1592
1593
1594
1595
1596
1597
1598
1599
1600
1601
1602
1603
1604
1605
1606
1607
1608
1609
1610
1611
1612
1613
1614
1615
1616
1617
1618
1619
1620
1621
1622
1623
1624
1625
1626
1627
1628
1629
1630
1631
1632
1633
1634
1635
1636
1637
1638
1639
1640
1641
1642
1643
1644
1645
1646
1647
1648
1649
1650
1651
1652
1653
1654
1655
1656
1657
1658
1659
1660
1661
1662
1663
1664
1665
1666
1667
1668
1669
1670
1671
1672
1673
1674
1675
1676
1677
1678
1679
1680
1681
1682
1683
1684
1685
1686
1687
1688
1689
1690
1691
1692
1693
1694
1695
1696
1697
1698
1699
1700
1701
1702
1703
1704
1705
1706
1707
1708
1709
1710
1711
1712
1713
1714
1715
1716
1717
1718
1719
1720
1721
1722
1723
1724
1725
1726
1727
1728
1729
1730
1731
1732
1733
1734
1735
1736
1737
1738
1739
1740
1741
1742
1743
1744
1745
1746
1747
1748
1749
1750
1751
1752
1753
1754
1755
1756
1757
1758
1759
1760
1761
1762
1763
1764
1765
1766
1767
1768
1769
1770
1771
1772
1773
1774
1775
1776
1777
1778
1779
1780
1781
1782
1783
1784
1785
1786
1787
1788
1789
1790
1791
1792
1793
1794
1795
1796
1797
1798
1799
1800
1801
1802
1803
1804
1805
1806
1807
1808
1809
1810
1811
1812
1813
1814
1815
1816
1817
1818
1819
1820
1821
1822
1823
1824
1825
1826
1827
1828
1829
1830
1831
1832
1833
1834
1835
1836
1837
1838
1839
1840
1841
1842
1843
1844
1845
1846
1847
1848
1849
1850
1851
1852
1853
1854
1855
1856
1857
1858
1859
1860
1861
1862
1863
1864
1865
1866
1867
1868
1869
1870
1871
1872
1873
1874
1875
1876
1877
1878
1879
1880
1881
1882
1883
1884
1885
1886
1887
1888
1889
1890
1891
1892
1893
1894
1895
1896
1897
1898
1899
1900
1901
1902
1903
1904
1905
1906
1907
1908
1909
1910
1911
1912
1913
1914
1915
1916
1917
1918
1919
1920
1921
1922
1923
1924
1925
1926
1927
1928
1929
1930
1931
1932
1933
1934
1935
1936
1937
1938
1939
1940
1941
1942
1943
1944
1945
1946
1947
1948
1949
1950
1951
1952
1953
1954
1955
1956
1957
1958
1959
1960
1961
1962
1963
1964
1965
1966
1967
1968
1969
1970
1971
1972
1973
1974
1975
1976
1977
1978
1979
1980
1981
1982
1983
1984
1985
1986
1987
1988
1989
1990
1991
1992
1993
1994
1995
1996
1997
1998
1999
2000
2001
2002
2003
2004
2005
2006
2007
2008
2009
2010
2011
2012
2013
2014
2015
2016
2017
2018
2019
2020
2021
2022
2023
2024
2025
2026
2027
2028
2029
2030
2031
2032
2033
2034
2035
2036
2037
2038
2039
2040
2041
2042
2043
2044
2045
2046
2047
2048
2049
2050
2051
2052
2053
2054
2055
2056
2057
2058
2059
2060
2061
2062
2063
2064
2065
2066
2067
2068
2069
2070
2071
2072
2073
2074
2075
2076
2077
2078
2079
2080
2081
2082
2083
2084
2085
2086
2087
2088
2089
2090
2091
2092
2093
2094
2095
2096
2097
2098
2099
2100
2101
2102
2103
2104
2105
2106
2107
2108
2109
2110
2111
2112
2113
2114
2115
2116
2117
2118
2119
2120
2121
2122
2123
2124
2125
2126
2127
2128
2129
2130
2131
2132
2133
2134
2135
2136
2137
2138
2139
2140
2141
2142
2143
2144
2145
2146
2147
2148
2149
2150
2151
2152
2153
2154
2155
2156
2157
2158
2159
2160
2161
2162
2163
2164
2165
2166
2167
2168
2169
2170
2171
2172
2173
2174
2175
2176
2177
2178
2179
2180
2181
2182
2183
2184
2185
2186
2187
2188
2189
2190
2191
2192
2193
2194
2195
2196
2197
2198
2199
2200
2201
2202
2203
2204
2205
2206
2207
2208
2209
2210
2211
2212
2213
2214
2215
2216
2217
2218
2219
2220
2221
2222
2223
2224
2225
2226
2227
2228
2229
2230
2231
2232
2233
2234
2235
2236
2237
2238
2239
2240
2241
2242
2243
2244
2245
2246
2247
2248
2249
2250
2251
2252
2253
2254
2255
2256
2257
2258
2259
2260
2261
2262
2263
2264
2265
2266
2267
2268
2269
2270
2271
2272
2273
2274
2275
2276
2277
2278
2279
2280
2281
2282
2283
2284
2285
2286
2287
2288
2289
2290
2291
2292
2293
2294
2295
2296
2297
2298
2299
2300
2301
2302
2303
2304
2305
2306
2307
2308
2309
2310
2311
2312
2313
2314
2315
2316
2317
2318
2319
2320
2321
2322
2323
2324
2325
2326
2327
2328
2329
2330
2331
2332
2333
2334
2335
2336
2337
2338
2339
2340
2341
2342
2343
2344
2345
2346
2347
2348
2349
2350
2351
2352
2353
2354
2355
2356
2357
2358
2359
2360
2361
2362
2363
2364
2365
2366
2367
2368
2369
2370
2371
2372
2373
2374
2375
2376
2377
2378
2379
2380
2381
2382
2383
2384
2385
2386
2387
2388
2389
2390
2391
2392
2393
2394
2395
2396
2397
2398
2399
2400
2401
2402
2403
2404
2405
2406
2407
2408
2409
2410
2411
2412
2413
2414
2415
2416
2417
2418
2419
2420
2421
2422
2423
2424
2425
2426
2427
2428
2429
2430
2431
2432
2433
2434
2435
2436
2437
2438
2439
2440
2441
2442
2443
2444
2445
2446
2447
2448
2449
2450
2451
2452
2453
2454
2455
2456
2457
2458
2459
2460
2461
2462
2463
2464
2465
2466
2467
2468
2469
2470
2471
2472
2473
2474
2475
2476
2477
2478
2479
2480
2481
2482
2483
2484
2485
2486
2487
2488
2489
2490
2491
2492
2493
2494
2495
2496
2497
2498
2499
2500
2501
2502
2503
2504
2505
2506
2507
2508
2509
2510
2511
2512
2513
2514
2515
2516
2517
2518
2519
2520
2521
2522
2523
2524
2525
2526
2527
2528
2529
2530
2531
2532
2533
2534
2535
2536
2537
2538
2539
2540
2541
2542
2543
2544
2545
2546
2547
2548
2549
2550
2551
2552
2553
2554
2555
2556
2557
2558
2559
2560
2561
2562
2563
2564
2565
2566
2567
2568
2569
2570
2571
2572
2573
2574
2575
2576
2577
2578
2579
2580
2581
2582
2583
2584
2585
2586
2587
2588
2589
2590
2591
2592
2593
2594
2595
2596
2597
2598
2599
2600
2601
2602
2603
2604
2605
2606
2607
2608
2609
2610
2611
2612
2613
2614
2615
2616
2617
2618
2619
2620
2621
2622
2623
2624
2625
2626
2627
2628
2629
2630
2631
2632
2633
2634
2635
2636
2637
2638
2639
2640
2641
2642
2643
2644
2645
2646
2647
2648
2649
2650
2651
2652
2653
2654
2655
2656
2657
2658
2659
2660
2661
2662
2663
2664
2665
2666
2667
2668
2669
2670
2671
2672
2673
2674
2675
2676
2677
2678
2679
2680
2681
2682
2683
2684
2685
2686
2687
2688
2689
2690
2691
2692
2693
2694
2695
2696
2697
2698
2699
2700
2701
2702
2703
2704
2705
2706
2707
2708
2709
2710
2711
2712
2713
2714
2715
2716
2717
2718
2719
2720
2721
2722
2723
2724
2725
2726
2727
2728
2729
2730
2731
2732
2733
2734
2735
2736
2737
2738
2739
2740
2741
2742
2743
2744
2745
2746
2747
2748
2749
2750
2751
2752
2753
2754
2755
2756
2757
2758
2759
2760
2761
2762
2763
2764
2765
2766
2767
2768
2769
2770
2771
2772
2773
2774
2775
2776
2777
2778
2779
2780
2781
2782
2783
2784
2785
2786
2787
2788
2789
2790
2791
2792
2793
2794
2795
2796
2797
2798
2799
2800
2801
2802
2803
2804
2805
2806
2807
2808
2809
2810
2811
2812
2813
2814
2815
2816
2817
2818
2819
2820
2821
2822
2823
2824
2825
2826
2827
2828
2829
2830
2831
2832
2833
2834
2835
2836
2837
2838
2839
2840
2841
2842
2843
2844
2845
2846
2847
2848
2849
2850
2851
2852
2853
2854
2855
2856
2857
2858
2859
2860
2861
2862
2863
2864
2865
2866
2867
2868
2869
2870
2871
2872
2873
2874
2875
2876
2877
2878
2879
2880
2881
2882
2883
2884
2885
2886
2887
2888
2889
2890
2891
2892
2893
2894
2895
2896
2897
2898
2899
2900
2901
2902
2903
2904
2905
2906
2907
2908
2909
2910
2911
2912
2913
2914
2915
2916
2917
2918
2919
2920
2921
2922
2923
2924
2925
2926
2927
2928
2929
2930
2931
2932
2933
2934
2935
2936
2937
2938
2939
2940
2941
2942
2943
2944
2945
2946
2947
2948
2949
2950
2951
2952
2953
2954
2955
2956
2957
2958
2959
2960
2961
2962
2963
2964
2965
2966
2967
2968
2969
2970
2971
2972
2973
2974
2975
2976
2977
2978
2979
2980
2981
2982
2983
2984
2985
2986
2987
2988
2989
2990
2991
2992
2993
2994
2995
2996
2997
2998
2999
3000
3001
3002
3003
3004
3005
3006
3007
3008
3009
3010
3011
3012
3013
3014
3015
3016
3017
3018
3019
3020
3021
3022
3023
3024
3025
3026
3027
3028
3029
3030
3031
3032
3033
3034
3035
3036
3037
3038
3039
3040
3041
3042
3043
3044
3045
3046
3047
3048
3049
3050
3051
3052
3053
3054
3055
3056
3057
3058
3059
3060
3061
3062
3063
3064
3065
3066
3067
3068
3069
3070
3071
3072
3073
3074
3075
3076
3077
3078
3079
3080
3081
3082
3083
3084
3085
3086
3087
3088
3089
3090
3091
3092
3093
3094
3095
3096
3097
3098
3099
3100
3101
3102
3103
3104
3105
3106
3107
3108
3109
3110
3111
3112
3113
3114
3115
3116
3117
3118
3119
3120
3121
3122
3123
3124
3125
3126
3127
3128
3129
3130
3131
3132
3133
3134
3135
3136
3137
3138
3139
3140
3141
3142
3143
3144
3145
3146
3147
3148
3149
3150
3151
3152
3153
3154
3155
3156
3157
3158
3159
3160
3161
3162
3163
3164
3165
3166
3167
3168
3169
3170
3171
3172
3173
3174
3175
3176
3177
3178
3179
3180
3181
3182
3183
3184
3185
3186
3187
3188
3189
3190
3191
3192
3193
3194
3195
3196
3197
3198
3199
3200
3201
3202
3203
3204
3205
3206
3207
3208
3209
3210
3211
3212
3213
3214
3215
3216
3217
3218
3219
3220
3221
3222
3223
3224
3225
3226
3227
3228
3229
3230
3231
3232
3233
3234
3235
3236
3237
3238
3239
3240
3241
3242
3243
3244
3245
3246
3247
3248
3249
3250
3251
3252
3253
3254
3255
3256
3257
3258
3259
3260
3261
3262
3263
3264
3265
3266
3267
3268
3269
3270
3271
3272
3273
3274
3275
3276
3277
3278
3279
3280
3281
3282
3283
3284
3285
3286
3287
3288
3289
3290
3291
3292
3293
3294
3295
3296
3297
3298
3299
3300
3301
3302
3303
3304
3305
3306
3307
3308
3309
3310
3311
3312
3313
3314
3315
3316
3317
3318
3319
3320
3321
3322
3323
3324
3325
3326
3327
3328
3329
3330
3331
3332
3333
3334
3335
3336
3337
3338
3339
3340
3341
3342
3343
3344
3345
3346
3347
3348
3349
3350
3351
3352
3353
3354
3355
3356
3357
3358
3359
3360
3361
3362
3363
3364
3365
3366
3367
3368
3369
3370
3371
3372
3373
3374
3375
3376
3377
3378
3379
3380
3381
3382
3383
3384
3385
3386
3387
3388
3389
3390
3391
3392
3393
3394
3395
3396
3397
3398
3399
3400
3401
3402
3403
3404
3405
3406
3407
3408
3409
3410
3411
3412
3413
3414
3415
3416
3417
3418
3419
3420
3421
3422
3423
3424
3425
3426
3427
3428
3429
3430
3431
3432
3433
3434
3435
3436
3437
3438
3439
3440
3441
3442
3443
3444
3445
3446
3447
3448
3449
3450
3451
3452
3453
3454
3455
3456
3457
3458
3459
3460
3461
3462
3463
3464
3465
3466
3467
3468
3469
3470
3471
3472
3473
3474
3475
3476
3477
3478
3479
3480
3481
3482
3483
3484
3485
3486
3487
3488
3489
3490
3491
3492
3493
3494
3495
3496
3497
3498
3499
3500
3501
3502
3503
3504
3505
3506
3507
3508
3509
3510
3511
3512
3513
3514
3515
3516
3517
3518
3519
3520
3521
3522
3523
3524
3525
3526
3527
3528
3529
3530
3531
3532
3533
3534
3535
3536
3537
3538
3539
3540
3541
3542
3543
3544
3545
3546
3547
3548
3549
3550
3551
3552
3553
3554
3555
3556
3557
3558
3559
3560
3561
3562
3563
3564
3565
3566
3567
3568
3569
3570
3571
3572
3573
3574
3575
3576
3577
3578
3579
3580
3581
3582
3583
3584
3585
3586
3587
3588
3589
3590
3591
3592
3593
3594
3595
3596
3597
3598
3599
3600
3601
3602
3603
3604
3605
3606
3607
3608
3609
3610
3611
3612
3613
3614
3615
3616
3617
3618
3619
3620
3621
3622
3623
3624
3625
3626
3627
3628
3629
3630
3631
3632
3633
3634
3635
3636
3637
3638
3639
3640
3641
3642
3643
3644
3645
3646
3647
3648
3649
3650
3651
3652
3653
3654
3655
3656
3657
3658
3659
3660
3661
3662
3663
3664
3665
3666
3667
3668
3669
3670
3671
3672
3673
3674
3675
3676
3677
3678
3679
3680
3681
3682
3683
3684
3685
3686
3687
3688
3689
3690
3691
3692
3693
3694
3695
3696
3697
3698
3699
3700
3701
3702
3703
3704
3705
3706
3707
3708
3709
3710
3711
3712
3713
3714
3715
3716
3717
3718
3719
3720
3721
3722
3723
3724
3725
3726
3727
3728
3729
3730
3731
3732
3733
3734
3735
3736
3737
3738
3739
3740
3741
3742
3743
3744
3745
3746
3747
3748
3749
3750
3751
3752
3753
3754
3755
3756
3757
3758
3759
3760
3761
3762
3763
3764
3765
3766
3767
3768
3769
3770
3771
3772
3773
3774
3775
3776
3777
3778
3779
3780
3781
3782
3783
3784
3785
3786
3787
3788
3789
3790
3791
3792
3793
3794
3795
3796
3797
3798
3799
3800
3801
3802
3803
3804
3805
3806
3807
3808
3809
3810
3811
3812
3813
3814
3815
3816
3817
3818
3819
3820
3821
3822
3823
3824
3825
3826
3827
3828
3829
3830
3831
3832
3833
3834
3835
3836
3837
3838
3839
3840
3841
3842
3843
3844
3845
3846
3847
3848
3849
3850
3851
3852
3853
3854
3855
3856
3857
3858
3859
3860
3861
3862
3863
3864
3865
3866
3867
3868
3869
3870
3871
3872
3873
3874
3875
3876
3877
3878
3879
3880
3881
3882
3883
3884
3885
3886
3887
3888
3889
3890
3891
3892
3893
3894
3895
3896
3897
3898
3899
3900
3901
3902
3903
3904
3905
3906
3907
3908
3909
3910
3911
3912
3913
3914
3915
3916
3917
3918
3919
3920
3921
3922
3923
3924
3925
3926
3927
3928
3929
3930
3931
3932
3933
3934
3935
3936
3937
3938
3939
3940
3941
3942
3943
3944
3945
3946
3947
3948
3949
3950
3951
3952
3953
3954
3955
3956
3957
3958
3959
3960
3961
3962
3963
3964
3965
3966
3967
3968
3969
3970
3971
3972
3973
3974
3975
3976
3977
3978
3979
3980
3981
3982
3983
3984
3985
3986
3987
3988
3989
3990
3991
3992
3993
3994
3995
3996
3997
3998
3999
4000
4001
4002
4003
4004
4005
4006
4007
4008
4009
4010
4011
4012
4013
4014
4015
4016
4017
4018
4019
4020
4021
4022
4023
4024
4025
4026
4027
4028
4029
4030
4031
4032
4033
4034
4035
4036
4037
4038
4039
4040
4041
4042
4043
4044
4045
4046
4047
4048
4049
4050
4051
4052
4053
4054
4055
4056
4057
4058
4059
4060
4061
4062
4063
4064
4065
4066
4067
4068
4069
4070
4071
4072
4073
4074
4075
4076
4077
4078
4079
4080
4081
4082
4083
4084
4085
4086
4087
4088
4089
4090
4091
4092
4093
4094
4095
4096
4097
4098
4099
4100
4101
4102
4103
4104
4105
4106
4107
4108
4109
4110
4111
4112
4113
4114
4115
4116
4117
4118
4119
4120
4121
4122
4123
4124
4125
4126
4127
4128
4129
4130
4131
4132
4133
4134
4135
4136
4137
4138
4139
4140
4141
4142
4143
4144
4145
4146
4147
4148
4149
4150
4151
4152
4153
4154
4155
4156
4157
4158
4159
4160
4161
4162
4163
4164
4165
4166
4167
4168
4169
4170
4171
4172
4173
4174
4175
4176
4177
4178
4179
4180
4181
4182
4183
4184
4185
4186
4187
4188
4189
4190
4191
4192
4193
4194
4195
4196
4197
4198
4199
4200
4201
4202
4203
4204
4205
4206
4207
4208
4209
4210
4211
4212
4213
4214
4215
4216
4217
4218
4219
4220
4221
4222
4223
4224
4225
-0.9687500000000839 -0.9687499999999161 0
-0.9687500000000813 -0.9374999999998321 0
-0.9687500000000784 -0.9062499999997484 0
-0.9687500000000757 -0.8749999999996645 0
-0.9687500000000731 -0.8437499999995806 0
-0.9687500000000704 -0.8124999999994964 0
-0.9687500000000677 -0.7812499999994125 0
-0.9687500000000648 -0.7499999999993288 0
-0.9687500000000622 -0.7187499999992448 0
-0.9687500000000597 -0.6874999999991609 0
-0.9687500000000568 -0.656249999999077 0
-0.9687500000000542 -0.6249999999989932 0
-0.9687500000000515 -0.5937499999989091 0
-0.9687500000000488 -0.5624999999988254 0
-0.9687500000000462 -0.5312499999987415 0
-0.9687500000000435 -0.4999999999986573 0
-0.9687500000000409 -0.4687499999985734 0
-0.9687500000000382 -0.4374999999984895 0
-0.9687500000000351 -0.4062499999984056 0
-0.9687500000000324 -0.3749999999983217 0
-0.9687500000000298 -0.3437499999982377 0
-0.9687500000000271 -0.312499999998154 0
-0.9687500000000242 -0.2812499999980701 0
-0.9687500000000215 -0.2499999999979862 0
-0.9687500000000189 -0.2187499999979022 0
-0.9687500000000162 -0.1874999999978184 0
-0.9687500000000135 -0.1562499999977343 0
-0.9687500000000109 -0.1249999999976504 0
-0.9687500000000082 -0.0937499999975665 0
-0.9687500000000053 -0.06249999999748268 0
-0.9687500000000027 -0.03124999999739875 0
-0.96875 2.664313214495451e-12 0
-0.9687499999999973 0.03125000000260136 0
-0.9687499999999947 0.06250000000251749 0
-0.968749999999992 0.09375000000243372 0
-0.9687499999999889 0.1250000000023498 0
-0.9687499999999862 0.1562500000022659 0
-0.9687499999999836 0.187500000002182 0
-0.9687499999999809 0.2187500000020982 0
-0.9687499999999782 0.2500000000020144 0
-0.9687499999999756 0.2812500000019305 0
-0.9687499999999729 0.3125000000018465 0
-0.9687499999999702 0.3437500000017627 0
-0.9687499999999676 0.3750000000016788 0
-0.9687499999999649 0.4062500000015949 0
-0.9687499999999623 0.4375000000015111 0
-0.9687499999999596 0.4687500000014272 0
-0.9687499999999569 0.5000000000013434 0
-0.9687499999999538 0.5312500000012594 0
-0.9687499999999512 0.5625000000011753 0
-0.9687499999999485 0.5937500000010916 0
-0.9687499999999458 0.6250000000010076 0
-0.9687499999999432 0.6562500000009235 0
-0.9687499999999405 0.6875000000008393 0
-0.9687499999999378 0.7187500000007554 0
-0.9687499999999352 0.7500000000006715 0
-0.9687499999999325 0.7812500000005875 0
-0.9687499999999298 0.8125000000005036 0
-0.9687499999999267 0.8437500000004197 0
-0.9687499999999241 0.8750000000003357 0
-0.9687499999999214 0.9062500000002518 0
-0.9687499999999187 0.9375000000001679 0
-0.9687499999999161 0.9687500000000839 0
-0.9375000000001679 -0.9687499999999187 0
-0.9375000000001625 -0.9374999999998377 0
-0.937500000000157 -0.9062499999997564 0
-0.9375000000001517 -0.8749999999996754 0
-0.9375000000001463 -0.8437499999995941 0
-0.937500000000141 -0.8124999999995126 0
-0.9375000000001354 -0.7812499999994316 0
-0.9375000000001299 -0.7499999999993503 0
-0.9375000000001243 -0.718749999999269 0
-0.9375000000001192 -0.687499999999188 0
-0.9375000000001137 -0.6562499999991067 0
-0.9375000000001081 -0.6249999999990257 0
-0.937500000000103 -0.5937499999989444 0
-0.9375000000000975 -0.5624999999988631 0
-0.9375000000000919 -0.5312499999987821 0
-0.9375000000000866 -0.4999999999987006 0
-0.9375000000000813 -0.4687499999986196 0
-0.9375000000000759 -0.4374999999985383 0
-0.9375000000000706 -0.4062499999984571 0
-0.9375000000000651 -0.3749999999983759 0
-0.9375000000000595 -0.3437499999982946 0
-0.9375000000000542 -0.3124999999982135 0
-0.9375000000000486 -0.2812499999981324 0
-0.9375000000000433 -0.2499999999980511 0
-0.937500000000038 -0.21874999999797 0
-0.9375000000000326 -0.1874999999978888 0
-0.9375000000000271 -0.1562499999978073 0
-0.9375000000000218 -0.1249999999977263 0
-0.9375000000000162 -0.09374999999764499 0
-0.9375000000000111 -0.06249999999756384 0
-0.9375000000000053 -0.03124999999748268 0
-0.9375 2.578381952389464e-12 0
-0.9374999999999947 0.03125000000251749 0
-0.9374999999999893 0.06250000000243627 0
-0.937499999999984 0.09375000000235523 0
-0.9374999999999785 0.125000000002274 0
-0.9374999999999729 0.1562500000021928 0
-0.9374999999999676 0.1875000000021116 0
-0.9374999999999623 0.2187500000020305 0
-0.9374999999999569 0.2500000000019493 0
-0.9374999999999512 0.2812500000018682 0
-0.9374999999999458 0.312500000001787 0
-0.9374999999999405 0.3437500000017059 0
-0.9374999999999352 0.3750000000016247 0
-0.9374999999999298 0.4062500000015434 0
-0.9374999999999245 0.4375000000014624 0
-0.9374999999999187 0.4687500000013812 0
-0.9374999999999134 0.5000000000012998 0
-0.9374999999999081 0.5312500000012186 0
-0.9374999999999027 0.5625000000011373 0
-0.937499999999897 0.5937500000010563 0
-0.9374999999998916 0.6250000000009748 0
-0.9374999999998863 0.6562500000008937 0
-0.937499999999881 0.6875000000008122 0
-0.9374999999998757 0.718750000000731 0
-0.9374999999998703 0.7500000000006499 0
-0.9374999999998646 0.7812500000005684 0
-0.9374999999998592 0.8125000000004874 0
-0.9374999999998539 0.8437500000004061 0
-0.9374999999998486 0.8750000000003249 0
-0.937499999999843 0.9062500000002438 0
-0.9374999999998377 0.9375000000001625 0
-0.9374999999998321 0.9687500000000813 0
-0.9062500000002518 -0.9687499999999214 0
-0.9062500000002436 -0.937499999999843 0
-0.9062500000002356 -0.9062499999997646 0
-0.9062500000002276 -0.874999999999686 0
-0.9062500000002194 -0.8437499999996076 0
-0.9062500000002112 -0.8124999999995288 0
-0.9062500000002032 -0.7812499999994504 0
-0.906250000000195 -0.7499999999993721 0
-0.9062500000001867 -0.7187499999992935 0
-0.9062500000001787 -0.6874999999992151 0
-0.9062500000001705 -0.6562499999991365 0
-0.9062500000001625 -0.6249999999990581 0
-0.9062500000001545 -0.5937499999989795 0
-0.9062500000001463 -0.5624999999989011 0
-0.9062500000001383 -0.5312499999988227 0
-0.9062500000001301 -0.4999999999987439 0
-0.9062500000001221 -0.4687499999986656 0
-0.9062500000001137 -0.4374999999985872 0
-0.9062500000001057 -0.4062499999985086 0
-0.9062500000000977 -0.37499999999843 0
-0.9062500000000895 -0.3437499999983514 0
-0.9062500000000813 -0.312499999998273 0
-0.9062500000000731 -0.2812499999981946 0
-0.9062500000000651 -0.2499999999981161 0
-0.9062500000000568 -0.2187499999980377 0
-0.9062500000000488 -0.1874999999979592 0
-0.9062500000000406 -0.1562499999978805 0
-0.9062500000000324 -0.124999999997802 0
-0.9062500000000244 -0.09374999999772349 0
-0.9062500000000164 -0.06249999999764499 0
-0.9062500000000082 -0.0312499999975665 0
-0.9062500000000002 2.492395179132245e-12 0
-0.906249999999992 0.03125000000243355 0
-0.906249999999984 0.06250000000235506 0
-0.9062499999999756 0.09375000000227673 0
-0.9062499999999676 0.1250000000021983 0
-0.9062499999999596 0.1562500000021198 0
-0.9062499999999516 0.1875000000020413 0
-0.9062499999999434 0.2187500000019628 0
-0.9062499999999352 0.2500000000018844 0
-0.9062499999999272 0.2812500000018059 0
-0.9062499999999187 0.3125000000017276 0
-0.9062499999999107 0.3437500000016491 0
-0.9062499999999027 0.3750000000015706 0
-0.9062499999998948 0.4062500000014921 0
-0.9062499999998863 0.4375000000014137 0
-0.9062499999998783 0.4687500000013352 0
-0.9062499999998703 0.5000000000012568 0
-0.9062499999998619 0.5312500000011782 0
-0.9062499999998539 0.5625000000010996 0
-0.9062499999998459 0.593750000001021 0
-0.9062499999998379 0.6250000000009424 0
-0.9062499999998295 0.6562500000008638 0
-0.9062499999998215 0.6875000000007851 0
-0.9062499999998135 0.7187500000007068 0
-0.906249999999805 0.7500000000006282 0
-0.9062499999997971 0.7812500000005498 0
-0.9062499999997891 0.8125000000004712 0
-0.9062499999997808 0.8437500000003926 0
-0.9062499999997726 0.875000000000314 0
-0.9062499999997646 0.9062500000002356 0
-0.9062499999997564 0.937500000000157 0
-0.9062499999997484 0.9687500000000784 0
-0.8750000000003357 -0.9687499999999241 0
-0.8750000000003249 -0.9374999999998486 0
-0.8750000000003142 -0.9062499999997726 0
-0.8750000000003033 -0.8749999999996969 0
-0.8750000000002924 -0.8437499999996212 0
-0.8750000000002816 -0.8124999999995453 0
-0.8750000000002707 -0.7812499999994693 0
-0.87500000000026 -0.7499999999993936 0
-0.8750000000002491 -0.7187499999993179 0
-0.8750000000002385 -0.6874999999992419 0
-0.8750000000002274 -0.6562499999991662 0
-0.8750000000002167 -0.6249999999990905 0
-0.8750000000002061 -0.5937499999990148 0
-0.875000000000195 -0.5624999999989391 0
-0.8750000000001843 -0.5312499999988634 0
-0.8750000000001734 -0.4999999999987872 0
-0.8750000000001625 -0.4687499999987115 0
-0.8750000000001519 -0.4374999999986358 0
-0.8750000000001408 -0.4062499999985599 0
-0.8750000000001301 -0.3749999999984842 0
-0.8750000000001192 -0.3437499999984083 0
-0.8750000000001084 -0.3124999999983327 0
-0.8750000000000975 -0.2812499999982568 0
-0.8750000000000866 -0.2499999999981811 0
-0.8750000000000759 -0.2187499999981053 0
-0.8750000000000653 -0.1874999999980296 0
-0.8750000000000542 -0.1562499999979535 0
-0.8750000000000433 -0.1249999999978778 0
-0.8750000000000326 -0.09374999999780198 0
-0.8750000000000218 -0.06249999999772626 0
-0.8750000000000111 -0.03124999999765044 0
-0.875 2.406463917026258e-12 0
-0.8749999999999893 0.03125000000234962 0
-0.8749999999999785 0.06250000000227385 0
-0.8749999999999676 0.09375000000219819 0
-0.8749999999999569 0.1250000000021224 0
-0.8749999999999458 0.1562500000020467 0
-0.8749999999999352 0.1875000000019709 0
-0.8749999999999245 0.2187500000018952 0
-0.8749999999999136 0.2500000000018195 0
-0.8749999999999027 0.2812500000017438 0
-0.8749999999998916 0.3125000000016679 0
-0.874999999999881 0.3437500000015921 0
-0.8749999999998703 0.3750000000015164 0
-0.8749999999998594 0.4062500000014407 0
-0.8749999999998486 0.437500000001365 0
-0.8749999999998379 0.4687500000012892 0
-0.8749999999998268 0.5000000000012133 0
-0.8749999999998161 0.5312500000011373 0
-0.8749999999998053 0.5625000000010616 0
-0.8749999999997944 0.5937500000009859 0
-0.8749999999997837 0.6250000000009099 0
-0.8749999999997726 0.656250000000834 0
-0.874999999999762 0.6875000000007581 0
-0.8749999999997511 0.7187500000006823 0
-0.8749999999997402 0.7500000000006066 0
-0.8749999999997295 0.7812500000005307 0
-0.8749999999997184 0.8125000000004547 0
-0.8749999999997078 0.843750000000379 0
-0.8749999999996969 0.8750000000003033 0
-0.874999999999686 0.9062500000002274 0
-0.8749999999996754 0.9375000000001514 0
-0.8749999999996645 0.9687500000000757 0
-0.8437500000004197 -0.9687499999999269 0
-0.8437500000004061 -0.9374999999998539 0
-0.8437500000003926 -0.9062499999997808 0
-0.843750000000379 -0.8749999999997078 0
-0.8437500000003653 -0.8437499999996345 0
-0.8437500000003519 -0.8124999999995615 0
-0.8437500000003386 -0.7812499999994884 0
-0.8437500000003249 -0.7499999999994151 0
-0.8437500000003113 -0.7187499999993423 0
-0.8437500000002978 -0.687499999999269 0
-0.8437500000002842 -0.656249999999196 0
-0.8437500000002709 -0.6249999999991229 0
-0.8437500000002573 -0.5937499999990499 0
-0.8437500000002438 -0.5624999999989768 0
-0.84375000000023 -0.5312499999989038 0
-0.8437500000002167 -0.4999999999988305 0
-0.8437500000002032 -0.4687499999987575 0
-0.8437500000001896 -0.4374999999986844 0
-0.8437500000001761 -0.4062499999986114 0
-0.8437500000001625 -0.3749999999985384 0
-0.8437500000001492 -0.3437499999984651 0
-0.8437500000001354 -0.3124999999983922 0
-0.8437500000001219 -0.2812499999983191 0
-0.8437500000001084 -0.2499999999982461 0
-0.843750000000095 -0.218749999998173 0
-0.8437500000000813 -0.1874999999981 0
-0.8437500000000677 -0.1562499999980267 0
-0.8437500000000544 -0.1249999999979536 0
-0.8437500000000406 -0.09374999999788047 0
-0.8437500000000271 -0.06249999999780742 0
-0.8437500000000138 -0.03124999999773437 0
-0.8437500000000002 2.320532654920271e-12 0
-0.8437499999999867 0.03125000000226574 0
-0.8437499999999729 0.06250000000219269 0
-0.8437499999999596 0.09375000000211969 0
-0.843749999999946 0.1250000000020466 0
-0.8437499999999325 0.1562500000019736 0
-0.8437499999999187 0.1875000000019005 0
-0.8437499999999054 0.2187500000018275 0
-0.8437499999998919 0.2500000000017545 0
-0.8437499999998783 0.2812500000016814 0
-0.843749999999865 0.3125000000016083 0
-0.8437499999998512 0.3437500000015353 0
-0.8437499999998379 0.3750000000014622 0
-0.8437499999998241 0.4062500000013892 0
-0.8437499999998108 0.4375000000013162 0
-0.8437499999997971 0.4687500000012432 0
-0.8437499999997837 0.50000000000117 0
-0.84374999999977 0.5312500000010969 0
-0.8437499999997566 0.5625000000010236 0
-0.8437499999997429 0.5937500000009506 0
-0.8437499999997295 0.6250000000008775 0
-0.8437499999997158 0.6562500000008042 0
-0.8437499999997025 0.687500000000731 0
-0.8437499999996887 0.7187500000006579 0
-0.8437499999996754 0.7500000000005849 0
-0.8437499999996618 0.7812500000005116 0
-0.8437499999996483 0.8125000000004388 0
-0.8437499999996347 0.8437500000003655 0
-0.8437499999996212 0.8750000000002924 0
-0.8437499999996076 0.9062500000002194 0
-0.8437499999995941 0.9375000000001461 0
-0.8437499999995806 0.9687500000000731 0
-0.8125000000005036 -0.9687499999999296 0
-0.8125000000004874 -0.9374999999998592 0
-0.8125000000004712 -0.9062499999997888 0
-0.8125000000004547 -0.8749999999997184 0
-0.8125000000004385 -0.8437499999996483 0
-0.8125000000004223 -0.8124999999995777 0
-0.8125000000004063 -0.7812499999995073 0
-0.8125000000003899 -0.7499999999994369 0
-0.8125000000003737 -0.7187499999993665 0
-0.8125000000003575 -0.6874999999992959 0
-0.8125000000003413 -0.6562499999992257 0
-0.8125000000003251 -0.6249999999991558 0
-0.8125000000003085 -0.5937499999990853 0
-0.8125000000002923 -0.5624999999990149 0
-0.8125000000002764 -0.5312499999989446 0
-0.8125000000002599 -0.4999999999988741 0
-0.8125000000002437 -0.4687499999988037 0
-0.8125000000002276 -0.4374999999987333 0
-0.8125000000002114 -0.4062499999986627 0
-0.812500000000195 -0.3749999999985926 0
-0.812500000000179 -0.3437499999985222 0
-0.8125000000001625 -0.3124999999984518 0
-0.8125000000001461 -0.2812499999983814 0
-0.8125000000001301 -0.249999999998311 0
-0.8125000000001137 -0.2187499999982406 0
-0.8125000000000977 -0.1874999999981702 0
-0.8125000000000813 -0.1562499999980997 0
-0.8125000000000648 -0.1249999999980294 0
-0.8125000000000486 -0.09374999999795908 0
-0.8125000000000326 -0.06249999999788869 0
-0.8125000000000162 -0.0312499999978183 0
-0.8125 2.234545881663053e-12 0
-0.8124999999999838 0.03125000000218181 0
-0.8124999999999676 0.06250000000211142 0
-0.8124999999999514 0.0937500000020412 0
-0.8124999999999349 0.1250000000019709 0
-0.8124999999999187 0.1562500000019005 0
-0.8124999999999025 0.1875000000018301 0
-0.8124999999998863 0.2187500000017598 0
-0.8124999999998701 0.2500000000016895 0
-0.8124999999998539 0.2812500000016191 0
-0.8124999999998375 0.3125000000015488 0
-0.8124999999998213 0.3437500000014784 0
-0.812499999999805 0.375000000001408 0
-0.8124999999997888 0.4062500000013377 0
-0.8124999999997726 0.4375000000012674 0
-0.8124999999997564 0.468750000001197 0
-0.81249999999974 0.5000000000011267 0
-0.8124999999997238 0.5312500000010563 0
-0.8124999999997076 0.5625000000009859 0
-0.8124999999996914 0.5937500000009155 0
-0.8124999999996751 0.6250000000008451 0
-0.8124999999996589 0.6562500000007745 0
-0.8124999999996427 0.6875000000007039 0
-0.8124999999996263 0.7187500000006337 0
-0.8124999999996101 0.7500000000005633 0
-0.8124999999995939 0.7812500000004929 0
-0.8124999999995777 0.8125000000004223 0
-0.8124999999995615 0.8437500000003519 0
-0.8124999999995453 0.8750000000002816 0
-0.8124999999995288 0.9062500000002112 0
-0.8124999999995126 0.9375000000001408 0
-0.8124999999994964 0.9687500000000704 0
-0.7812500000005875 -0.9687499999999323 0
-0.7812500000005687 -0.9374999999998648 0
-0.7812500000005498 -0.9062499999997971 0
-0.7812500000005307 -0.8749999999997293 0
-0.7812500000005116 -0.8437499999996618 0
-0.7812500000004929 -0.8124999999995939 0
-0.7812500000004736 -0.7812499999995262 0
-0.7812500000004547 -0.7499999999994587 0
-0.7812500000004361 -0.7187499999993909 0
-0.781250000000417 -0.687499999999323 0
-0.7812500000003979 -0.6562499999992555 0
-0.7812500000003793 -0.6249999999991882 0
-0.7812500000003603 -0.5937499999991206 0
-0.7812500000003412 -0.5624999999990529 0
-0.7812500000003222 -0.531249999998985 0
-0.7812500000003034 -0.4999999999989174 0
-0.7812500000002841 -0.4687499999988497 0
-0.7812500000002653 -0.4374999999987819 0
-0.7812500000002465 -0.4062499999987143 0
-0.7812500000002274 -0.3749999999986465 0
-0.7812500000002087 -0.343749999998579 0
-0.7812500000001896 -0.3124999999985113 0
-0.7812500000001705 -0.2812499999984436 0
-0.7812500000001519 -0.2499999999983761 0
-0.7812500000001328 -0.2187499999983084 0
-0.7812500000001137 -0.1874999999982406 0
-0.7812500000000948 -0.1562499999981728 0
-0.7812500000000757 -0.1249999999981052 0
-0.7812500000000568 -0.09374999999803757 0
-0.781250000000038 -0.06249999999796985 0
-0.7812500000000189 -0.03124999999790223 0
-0.78125 2.148614619557065e-12 0
-0.7812499999999811 0.03125000000209788 0
-0.781249999999962 0.06250000000203026 0
-0.7812499999999432 0.09375000000196265 0
-0.7812499999999243 0.125000000001895 0
-0.7812499999999052 0.1562500000018274 0
-0.7812499999998863 0.1875000000017598 0
-0.7812499999998674 0.2187500000016921 0
-0.7812499999998483 0.2500000000016245 0
-0.7812499999998295 0.281250000001557 0
-0.7812499999998106 0.3125000000014893 0
-0.7812499999997915 0.3437500000014215 0
-0.7812499999997726 0.3750000000013539 0
-0.7812499999997538 0.4062500000012863 0
-0.7812499999997347 0.4375000000012188 0
-0.7812499999997158 0.4687500000011511 0
-0.7812499999996969 0.5000000000010834 0
-0.7812499999996778 0.5312500000010156 0
-0.7812499999996589 0.5625000000009479 0
-0.7812499999996398 0.5937500000008802 0
-0.781249999999621 0.6250000000008125 0
-0.7812499999996021 0.6562500000007447 0
-0.781249999999583 0.687500000000677 0
-0.7812499999995641 0.7187500000006093 0
-0.7812499999995453 0.7500000000005416 0
-0.7812499999995262 0.7812500000004738 0
-0.7812499999995073 0.8125000000004063 0
-0.7812499999994884 0.8437500000003384 0
-0.7812499999994693 0.8750000000002709 0
-0.7812499999994504 0.9062500000002032 0
-0.7812499999994316 0.9375000000001354 0
-0.7812499999994125 0.9687500000000677 0
-0.7500000000006715 -0.9687499999999352 0
-0.7500000000006497 -0.9374999999998701 0
-0.7500000000006284 -0.906249999999805 0
-0.7500000000006066 -0.8749999999997402 0
-0.7500000000005849 -0.8437499999996754 0
-0.7500000000005633 -0.8124999999996101 0
-0.7500000000005416 -0.7812499999995453 0
-0.75000000000052 -0.7499999999994802 0
-0.7500000000004983 -0.7187499999994154 0
-0.7500000000004765 -0.6874999999993501 0
-0.750000000000455 -0.6562499999992852 0
-0.7500000000004332 -0.6249999999992206 0
-0.7500000000004116 -0.5937499999991557 0
-0.75000000000039 -0.5624999999990908 0
-0.7500000000003684 -0.5312499999990257 0
-0.7500000000003465 -0.4999999999989607 0
-0.750000000000325 -0.4687499999988957 0
-0.7500000000003032 -0.4374999999988308 0
-0.7500000000002818 -0.4062499999987658 0
-0.75000000000026 -0.3749999999987007 0
-0.7500000000002385 -0.3437499999986359 0
-0.7500000000002167 -0.3124999999985708 0
-0.750000000000195 -0.281249999998506 0
-0.7500000000001734 -0.2499999999984409 0
-0.7500000000001519 -0.2187499999983761 0
-0.7500000000001301 -0.187499999998311 0
-0.7500000000001084 -0.156249999998246 0
-0.7500000000000866 -0.124999999998181 0
-0.7500000000000648 -0.09374999999811601 0
-0.7500000000000433 -0.06249999999805111 0
-0.7500000000000218 -0.03124999999798617 0
-0.75 2.062683357451078e-12 0
-0.7499999999999785 0.031250000002014 0
-0.7499999999999569 0.06250000000194905 0
-0.7499999999999352 0.09375000000188416 0
-0.7499999999999134 0.1250000000018192 0
-0.7499999999998919 0.1562500000017543 0
-0.7499999999998701 0.1875000000016894 0
-0.7499999999998486 0.2187500000016244 0
-0.7499999999998268 0.2500000000015596 0
-0.749999999999805 0.2812500000014946 0
-0.7499999999997835 0.3125000000014298 0
-0.749999999999762 0.3437500000013647 0
-0.7499999999997402 0.3750000000012999 0
-0.7499999999997184 0.4062500000012348 0
-0.7499999999996969 0.43750000000117 0
-0.7499999999996751 0.4687500000011051 0
-0.7499999999996536 0.5000000000010401 0
-0.7499999999996319 0.531250000000975 0
-0.7499999999996101 0.5625000000009099 0
-0.7499999999995886 0.5937500000008451 0
-0.749999999999567 0.62500000000078 0
-0.7499999999995453 0.656250000000715 0
-0.7499999999995235 0.6875000000006497 0
-0.749999999999502 0.7187500000005849 0
-0.7499999999994802 0.75000000000052 0
-0.7499999999994587 0.7812500000004547 0
-0.7499999999994369 0.8125000000003899 0
-0.7499999999994154 0.8437500000003249 0
-0.7499999999993936 0.87500000000026 0
-0.7499999999993721 0.906250000000195 0
-0.7499999999993503 0.9375000000001299 0
-0.7499999999993288 0.9687500000000648 0
-0.7187500000007554 -0.9687499999999378 0
-0.718750000000731 -0.9374999999998754 0
-0.7187500000007068 -0.9062499999998133 0
-0.7187500000006821 -0.8749999999997511 0
-0.7187500000006581 -0.8437499999996887 0
-0.7187500000006337 -0.8124999999996263 0
-0.7187500000006093 -0.7812499999995641 0
-0.7187500000005849 -0.749999999999502 0
-0.7187500000005604 -0.7187499999994396 0
-0.7187500000005362 -0.6874999999993772 0
-0.7187500000005116 -0.656249999999315 0
-0.7187500000004874 -0.624999999999253 0
-0.7187500000004631 -0.5937499999991908 0
-0.7187500000004384 -0.5624999999991286 0
-0.7187500000004143 -0.5312499999990663 0
-0.7187500000003898 -0.499999999999004 0
-0.7187500000003656 -0.4687499999989416 0
-0.7187500000003412 -0.4374999999988795 0
-0.7187500000003169 -0.4062499999988171 0
-0.7187500000002927 -0.3749999999987549 0
-0.7187500000002682 -0.3437499999986927 0
-0.7187500000002438 -0.3124999999986304 0
-0.7187500000002194 -0.2812499999985681 0
-0.718750000000195 -0.249999999998506 0
-0.7187500000001705 -0.2187499999984437 0
-0.7187500000001463 -0.1874999999983814 0
-0.7187500000001217 -0.156249999998319 0
-0.7187500000000977 -0.1249999999982567 0
-0.7187500000000731 -0.09374999999819456 0
-0.7187500000000488 -0.06249999999813227 0
-0.7187500000000244 -0.03124999999806999 0
-0.71875 1.976752095345091e-12 0
-0.7187499999999758 0.03125000000193007 0
-0.7187499999999514 0.06250000000186784 0
-0.7187499999999272 0.09375000000180567 0
-0.7187499999999025 0.1250000000017434 0
-0.7187499999998783 0.1562500000016812 0
-0.7187499999998539 0.187500000001619 0
-0.7187499999998295 0.2187500000015568 0
-0.718749999999805 0.2500000000014946 0
-0.7187499999997808 0.2812500000014325 0
-0.7187499999997564 0.3125000000013701 0
-0.7187499999997322 0.3437500000013079 0
-0.7187499999997078 0.3750000000012457 0
-0.7187499999996834 0.4062500000011833 0
-0.7187499999996589 0.4375000000011213 0
-0.7187499999996345 0.468750000001059 0
-0.7187499999996103 0.5000000000009968 0
-0.7187499999995859 0.5312500000009344 0
-0.7187499999995615 0.5625000000008722 0
-0.7187499999995373 0.5937500000008098 0
-0.7187499999995128 0.6250000000007474 0
-0.7187499999994884 0.6562500000006852 0
-0.718749999999464 0.6875000000006228 0
-0.7187499999994396 0.7187500000005604 0
-0.7187499999994154 0.7500000000004983 0
-0.7187499999993909 0.7812500000004359 0
-0.7187499999993665 0.8125000000003735 0
-0.7187499999993423 0.8437500000003113 0
-0.7187499999993179 0.8750000000002491 0
-0.7187499999992935 0.906250000000187 0
-0.718749999999269 0.9375000000001243 0
-0.7187499999992448 0.9687500000000622 0
-0.6875000000008393 -0.9687499999999405 0
-0.6875000000008125 -0.937499999999881 0
-0.6875000000007851 -0.9062499999998215 0
-0.6875000000007583 -0.874999999999762 0
-0.687500000000731 -0.8437499999997025 0
-0.6875000000007041 -0.8124999999996425 0
-0.6875000000006768 -0.781249999999583 0
-0.6875000000006499 -0.7499999999995235 0
-0.6875000000006226 -0.718749999999464 0
-0.6875000000005957 -0.6874999999994045 0
-0.6875000000005688 -0.6562499999993451 0
-0.6875000000005417 -0.6249999999992853 0
-0.6875000000005148 -0.5937499999992261 0
-0.6875000000004875 -0.5624999999991666 0
-0.6875000000004606 -0.531249999999107 0
-0.6875000000004332 -0.4999999999990473 0
-0.6875000000004063 -0.4687499999989878 0
-0.687500000000379 -0.4374999999989283 0
-0.6875000000003519 -0.4062499999988685 0
-0.6875000000003251 -0.374999999998809 0
-0.687500000000298 -0.3437499999987495 0
-0.6875000000002709 -0.31249999999869 0
-0.687500000000244 -0.2812499999986306 0
-0.6875000000002167 -0.249999999998571 0
-0.68750000000019 -0.2187499999985115 0
-0.6875000000001626 -0.1874999999984517 0
-0.6875000000001354 -0.1562499999983922 0
-0.6875000000001084 -0.1249999999983326 0
-0.6875000000000813 -0.09374999999827305 0
-0.6875000000000544 -0.06249999999821354 0
-0.6875000000000273 -0.03124999999815392 0
-0.6875000000000002 1.890820833239104e-12 0
-0.6874999999999731 0.03125000000184619 0
-0.687499999999946 0.06250000000178663 0
-0.687499999999919 0.09375000000172717 0
-0.6874999999998919 0.1250000000016677 0
-0.6874999999998648 0.1562500000016081 0
-0.6874999999998377 0.1875000000015486 0
-0.6874999999998106 0.218750000001489 0
-0.6874999999997835 0.2500000000014296 0
-0.6874999999997564 0.2812500000013701 0
-0.6874999999997293 0.3125000000013105 0
-0.6874999999997022 0.3437500000012509 0
-0.6874999999996751 0.3750000000011914 0
-0.6874999999996481 0.4062500000011319 0
-0.6874999999996212 0.4375000000010724 0
-0.6874999999995939 0.4687500000010129 0
-0.6874999999995668 0.5000000000009535 0
-0.6874999999995399 0.531250000000894 0
-0.6874999999995128 0.5625000000008342 0
-0.687499999999486 0.5937500000007747 0
-0.6874999999994589 0.625000000000715 0
-0.6874999999994318 0.6562500000006555 0
-0.6874999999994047 0.6875000000005957 0
-0.6874999999993776 0.718750000000536 0
-0.6874999999993505 0.7500000000004765 0
-0.6874999999993234 0.781250000000417 0
-0.6874999999992963 0.8125000000003575 0
-0.6874999999992693 0.843750000000298 0
-0.6874999999992422 0.8750000000002385 0
-0.6874999999992151 0.906250000000179 0
-0.687499999999188 0.9375000000001192 0
-0.6874999999991609 0.9687500000000595 0
-0.6562500000009235 -0.9687499999999432 0
-0.6562500000008937 -0.9374999999998863 0
-0.656250000000864 -0.9062499999998295 0
-0.6562500000008342 -0.8749999999997726 0
-0.6562500000008042 -0.8437499999997158 0
-0.6562500000007747 -0.8124999999996589 0
-0.6562500000007447 -0.7812499999996021 0
-0.656250000000715 -0.7499999999995453 0
-0.656250000000685 -0.7187499999994884 0
-0.6562500000006555 -0.6874999999994316 0
-0.6562500000006255 -0.6562499999993749 0
-0.656250000000596 -0.6249999999993181 0
-0.656250000000566 -0.5937499999992614 0
-0.6562500000005365 -0.5624999999992045 0
-0.6562500000005066 -0.5312499999991476 0
-0.656250000000477 -0.4999999999990906 0
-0.656250000000447 -0.4687499999990338 0
-0.6562500000004172 -0.4374999999989768 0
-0.6562500000003875 -0.40624999999892 0
-0.6562500000003577 -0.3749999999988632 0
-0.656250000000328 -0.3437499999988063 0
-0.656250000000298 -0.3124999999987497 0
-0.6562500000002685 -0.2812499999986929 0
-0.6562500000002383 -0.249999999998636 0
-0.6562500000002089 -0.2187499999985792 0
-0.6562500000001787 -0.1874999999985221 0
-0.656250000000149 -0.1562499999984653 0
-0.6562500000001192 -0.1249999999984084 0
-0.6562500000000895 -0.09374999999835154 0
-0.6562500000000597 -0.0624999999982947 0
-0.65625000000003 -0.03124999999823785 0
-0.6562500000000002 1.804834059981886e-12 0
-0.6562499999999705 0.03125000000176226 0
-0.6562499999999407 0.06250000000170541 0
-0.6562499999999107 0.09375000000164868 0
-0.656249999999881 0.1250000000015918 0
-0.6562499999998512 0.156250000001535 0
-0.6562499999998215 0.1875000000014783 0
-0.6562499999997917 0.2187500000014214 0
-0.656249999999762 0.2500000000013646 0
-0.6562499999997322 0.2812500000013078 0
-0.6562499999997023 0.3125000000012509 0
-0.6562499999996725 0.3437500000011941 0
-0.6562499999996427 0.3750000000011373 0
-0.656249999999613 0.4062500000010805 0
-0.6562499999995832 0.4375000000010237 0
-0.6562499999995535 0.4687500000009669 0
-0.6562499999995237 0.5000000000009102 0
-0.656249999999494 0.5312500000008531 0
-0.6562499999994642 0.5625000000007963 0
-0.6562499999994345 0.5937500000007394 0
-0.6562499999994047 0.6250000000006826 0
-0.6562499999993749 0.6562500000006257 0
-0.6562499999993452 0.6875000000005687 0
-0.6562499999993152 0.7187500000005116 0
-0.6562499999992855 0.750000000000455 0
-0.6562499999992557 0.7812500000003981 0
-0.656249999999226 0.8125000000003413 0
-0.656249999999196 0.8437500000002842 0
-0.6562499999991662 0.8750000000002274 0
-0.6562499999991365 0.9062500000001705 0
-0.6562499999991067 0.9375000000001137 0
-0.656249999999077 0.9687500000000568 0
-0.6250000000010076 -0.9687499999999458 0
-0.625000000000975 -0.9374999999998916 0
-0.6250000000009424 -0.9062499999998377 0
-0.6250000000009099 -0.8749999999997835 0
-0.6250000000008773 -0.8437499999997293 0
-0.6250000000008451 -0.8124999999996751 0
-0.6250000000008125 -0.781249999999621 0
-0.62500000000078 -0.749999999999567 0
-0.6250000000007476 -0.7187499999995128 0
-0.6250000000007149 -0.6874999999994584 0
-0.6250000000006825 -0.6562499999994047 0
-0.6250000000006498 -0.6249999999993507 0
-0.6250000000006177 -0.5937499999992963 0
-0.6250000000005851 -0.5624999999992422 0
-0.6250000000005527 -0.531249999999188 0
-0.62500000000052 -0.4999999999991338 0
-0.6250000000004876 -0.4687499999990796 0
-0.6250000000004552 -0.4374999999990257 0
-0.6250000000004224 -0.4062499999989713 0
-0.62500000000039 -0.3749999999989171 0
-0.6250000000003577 -0.3437499999988633 0
-0.6250000000003253 -0.3124999999988091 0
-0.6250000000002929 -0.2812499999987551 0
-0.62500000000026 -0.249999999998701 0
-0.6250000000002276 -0.2187499999986467 0
-0.6250000000001952 -0.1874999999985925 0
-0.6250000000001628 -0.1562499999985383 0
-0.6250000000001303 -0.1249999999984842 0
-0.6250000000000977 -0.09374999999843003 0
-0.6250000000000653 -0.06249999999837585 0
-0.6250000000000329 -0.03124999999832179 0
-0.6250000000000002 1.718902797875899e-12 0
-0.6249999999999678 0.03125000000167832 0
-0.6249999999999354 0.0625000000016242 0
-0.6249999999999027 0.09375000000157019 0
-0.6249999999998703 0.1250000000015161 0
-0.6249999999998379 0.156250000001462 0
-0.6249999999998055 0.1875000000014079 0
-0.6249999999997728 0.2187500000013538 0
-0.6249999999997403 0.2500000000012996 0
-0.6249999999997077 0.2812500000012456 0
-0.6249999999996753 0.3125000000011915 0
-0.6249999999996428 0.3437500000011373 0
-0.6249999999996102 0.3750000000010831 0
-0.6249999999995779 0.4062500000010291 0
-0.6249999999995455 0.437500000000975 0
-0.6249999999995131 0.4687500000009209 0
-0.6249999999994804 0.5000000000008669 0
-0.624999999999448 0.5312500000008127 0
-0.6249999999994154 0.5625000000007585 0
-0.6249999999993829 0.5937500000007043 0
-0.6249999999993505 0.6250000000006501 0
-0.6249999999993181 0.656250000000596 0
-0.6249999999992857 0.6875000000005416 0
-0.624999999999253 0.7187500000004874 0
-0.6249999999992204 0.7500000000004334 0
-0.624999999999188 0.781250000000379 0
-0.6249999999991556 0.8125000000003251 0
-0.6249999999991231 0.8437500000002709 0
-0.6249999999990905 0.8750000000002167 0
-0.6249999999990581 0.9062500000001625 0
-0.6249999999990257 0.9375000000001084 0
-0.624999999998993 0.9687500000000542 0
-0.5937500000010913 -0.9687499999999485 0
-0.5937500000010563 -0.9374999999998974 0
-0.593750000001021 -0.9062499999998459 0
-0.5937500000009859 -0.8749999999997944 0
-0.5937500000009508 -0.8437499999997429 0
-0.5937500000009156 -0.8124999999996912 0
-0.5937500000008803 -0.78124999999964 0
-0.5937500000008452 -0.7499999999995884 0
-0.5937500000008099 -0.7187499999995371 0
-0.5937500000007748 -0.6874999999994856 0
-0.5937500000007395 -0.6562499999994345 0
-0.5937500000007044 -0.6249999999993832 0
-0.5937500000006692 -0.5937499999993316 0
-0.5937500000006339 -0.5624999999992801 0
-0.5937500000005989 -0.5312499999992288 0
-0.5937500000005635 -0.4999999999991773 0
-0.5937500000005285 -0.4687499999991258 0
-0.5937500000004932 -0.4374999999990743 0
-0.593750000000458 -0.4062499999990229 0
-0.5937500000004229 -0.3749999999989716 0
-0.5937500000003875 -0.3437499999989201 0
-0.5937500000003522 -0.3124999999988687 0
-0.5937500000003171 -0.2812499999988173 0
-0.593750000000282 -0.2499999999987659 0
-0.5937500000002467 -0.2187499999987145 0
-0.5937500000002116 -0.187499999998663 0
-0.5937500000001763 -0.1562499999986113 0
-0.5937500000001411 -0.12499999999856 0
-0.593750000000106 -0.09374999999850853 0
-0.5937500000000706 -0.06249999999845712 0
-0.5937500000000355 -0.03124999999840572 0
-0.5937500000000004 1.632971535769911e-12 0
-0.5937499999999651 0.03125000000159439 0
-0.5937499999999298 0.06250000000154299 0
-0.5937499999998948 0.09375000000149175 0
-0.5937499999998597 0.1250000000014403 0
-0.5937499999998244 0.1562500000013889 0
-0.5937499999997892 0.1875000000013375 0
-0.5937499999997541 0.2187500000012861 0
-0.5937499999997189 0.2500000000012348 0
-0.5937499999996837 0.2812500000011833 0
-0.5937499999996484 0.312500000001132 0
-0.5937499999996133 0.3437500000010805 0
-0.593749999999578 0.3750000000010291 0
-0.5937499999995429 0.4062500000009777 0
-0.5937499999995076 0.4375000000009264 0
-0.5937499999994725 0.4687500000008749 0
-0.5937499999994371 0.5000000000008235 0
-0.5937499999994018 0.5312500000007719 0
-0.5937499999993667 0.5625000000007205 0
-0.5937499999993316 0.5937500000006692 0
-0.5937499999992963 0.6250000000006177 0
-0.593749999999261 0.6562500000005661 0
-0.593749999999226 0.6875000000005146 0
-0.5937499999991909 0.7187500000004631 0
-0.5937499999991556 0.7500000000004116 0
-0.5937499999991203 0.78125000000036 0
-0.5937499999990852 0.8125000000003085 0
-0.5937499999990501 0.8437500000002573 0
-0.5937499999990148 0.8750000000002061 0
-0.5937499999989795 0.9062500000001545 0
-0.5937499999989444 0.937500000000103 0
-0.5937499999989093 0.9687500000000515 0
-0.5625000000011753 -0.9687499999999514 0
-0.5625000000011373 -0.9374999999999027 0
-0.5625000000010996 -0.9062499999998539 0
-0.5625000000010616 -0.8749999999998053 0
-0.5625000000010236 -0.8437499999997566 0
-0.562500000000986 -0.8124999999997077 0
-0.562500000000948 -0.7812499999996588 0
-0.56250000000091 -0.7499999999996102 0
-0.5625000000008723 -0.7187499999995614 0
-0.5625000000008341 -0.6874999999995127 0
-0.5625000000007964 -0.6562499999994642 0
-0.5625000000007586 -0.6249999999994156 0
-0.5625000000007205 -0.5937499999993667 0
-0.5625000000006826 -0.5624999999993181 0
-0.5625000000006448 -0.5312499999992695 0
-0.5625000000006068 -0.4999999999992206 0
-0.5625000000005689 -0.4687499999991718 0
-0.5625000000005311 -0.4374999999991232 0
-0.5625000000004931 -0.4062499999990744 0
-0.5625000000004553 -0.3749999999990256 0
-0.5625000000004172 -0.3437499999989769 0
-0.5625000000003793 -0.3124999999989283 0
-0.5625000000003415 -0.2812499999988795 0
-0.5625000000003035 -0.2499999999988308 0
-0.5625000000002656 -0.2187499999987821 0
-0.5625000000002278 -0.1874999999987333 0
-0.56250000000019 -0.1562499999986845 0
-0.562500000000152 -0.1249999999986358 0
-0.562500000000114 -0.09374999999858702 0
-0.5625000000000762 -0.06249999999853828 0
-0.5625000000000382 -0.03124999999848965 0
-0.5625000000000004 1.547040273663924e-12 0
-0.5624999999999625 0.03125000000151051 0
-0.5624999999999245 0.06250000000146183 0
-0.5624999999998868 0.09375000000141326 0
-0.5624999999998489 0.1250000000013645 0
-0.5624999999998109 0.1562500000013157 0
-0.5624999999997731 0.1875000000012672 0
-0.5624999999997351 0.2187500000012184 0
-0.5624999999996971 0.2500000000011698 0
-0.5624999999996593 0.2812500000011211 0
-0.5624999999996213 0.3125000000010724 0
-0.5624999999995836 0.3437500000010236 0
-0.5624999999995456 0.375000000000975 0
-0.5624999999995076 0.4062500000009261 0
-0.5624999999994699 0.4375000000008776 0
-0.5624999999994319 0.4687500000008289 0
-0.5624999999993938 0.5000000000007802 0
-0.5624999999993561 0.5312500000007313 0
-0.5624999999993179 0.5625000000006826 0
-0.5624999999992801 0.5937500000006339 0
-0.5624999999992424 0.6250000000005851 0
-0.5624999999992042 0.6562500000005363 0
-0.5624999999991664 0.6875000000004875 0
-0.5624999999991287 0.7187500000004386 0
-0.5624999999990905 0.75000000000039 0
-0.5624999999990528 0.7812500000003412 0
-0.5624999999990148 0.8125000000002923 0
-0.5624999999989768 0.8437500000002438 0
-0.5624999999989391 0.875000000000195 0
-0.5624999999989011 0.9062500000001465 0
-0.5624999999988631 0.9375000000000975 0
-0.5624999999988254 0.9687500000000488 0
-0.5312500000012594 -0.968749999999954 0
-0.5312500000012188 -0.9374999999999081 0
-0.5312500000011782 -0.9062499999998619 0
-0.5312500000011373 -0.8749999999998161 0
-0.5312500000010969 -0.84374999999977 0
-0.5312500000010563 -0.8124999999997238 0
-0.5312500000010156 -0.781249999999678 0
-0.5312500000009752 -0.7499999999996319 0
-0.5312500000009344 -0.7187499999995859 0
-0.5312500000008941 -0.6874999999995398 0
-0.5312500000008534 -0.656249999999494 0
-0.5312500000008128 -0.624999999999448 0
-0.531250000000772 -0.593749999999402 0
-0.5312500000007314 -0.5624999999993558 0
-0.5312500000006908 -0.5312499999993101 0
-0.5312500000006501 -0.4999999999992639 0
-0.5312500000006095 -0.4687499999992178 0
-0.5312500000005689 -0.4374999999991721 0
-0.5312500000005285 -0.4062499999991259 0
-0.5312500000004876 -0.3749999999990797 0
-0.5312500000004472 -0.3437499999990338 0
-0.5312500000004063 -0.3124999999989878 0
-0.5312500000003659 -0.2812499999989418 0
-0.5312500000003253 -0.2499999999988958 0
-0.5312500000002847 -0.2187499999988497 0
-0.531250000000244 -0.1874999999988037 0
-0.5312500000002034 -0.1562499999987575 0
-0.5312500000001628 -0.1249999999987116 0
-0.5312500000001223 -0.09374999999866551 0
-0.5312500000000815 -0.06249999999861955 0
-0.5312500000000411 -0.03124999999857347 0
-0.5312500000000004 1.461053500406706e-12 0
-0.5312499999999598 0.03125000000142658 0
-0.5312499999999192 0.06250000000138056 0
-0.5312499999998785 0.09375000000133465 0
-0.5312499999998379 0.1250000000012886 0
-0.5312499999997975 0.1562500000012427 0
-0.5312499999997566 0.1875000000011967 0
-0.5312499999997162 0.2187500000011507 0
-0.5312499999996754 0.2500000000011048 0
-0.531249999999635 0.2812500000010587 0
-0.5312499999995944 0.3125000000010127 0
-0.5312499999995538 0.3437500000009668 0
-0.5312499999995132 0.3750000000009208 0
-0.5312499999994725 0.4062500000008749 0
-0.5312499999994319 0.4375000000008289 0
-0.5312499999993913 0.4687500000007829 0
-0.5312499999993505 0.5000000000007366 0
-0.5312499999993099 0.5312500000006907 0
-0.5312499999992695 0.5625000000006447 0
-0.5312499999992286 0.5937500000005986 0
-0.5312499999991882 0.6250000000005527 0
-0.5312499999991476 0.6562500000005065 0
-0.5312499999991069 0.6875000000004605 0
-0.5312499999990663 0.7187500000004143 0
-0.5312499999990257 0.7500000000003684 0
-0.5312499999989853 0.7812500000003222 0
-0.5312499999989444 0.8125000000002762 0
-0.531249999998904 0.8437500000002303 0
-0.5312499999988634 0.8750000000001843 0
-0.5312499999988227 0.9062500000001381 0
-0.5312499999987821 0.9375000000000921 0
-0.5312499999987415 0.968750000000046 0
-0.5000000000013434 -0.9687499999999567 0
-0.5000000000013002 -0.9374999999999134 0
-0.5000000000012567 -0.9062499999998703 0
-0.5000000000012136 -0.8749999999998268 0
-0.50000000000117 -0.8437499999997837 0
-0.5000000000011268 -0.8124999999997401 0
-0.5000000000010835 -0.7812499999996968 0
-0.5000000000010402 -0.7499999999996535 0
-0.5000000000009969 -0.7187499999996102 0
-0.5000000000009536 -0.6874999999995669 0
-0.5000000000009103 -0.6562499999995237 0
-0.5000000000008668 -0.6249999999994804 0
-0.5000000000008236 -0.5937499999994371 0
-0.5000000000007803 -0.562499999999394 0
-0.500000000000737 -0.5312499999993505 0
-0.5000000000006934 -0.4999999999993072 0
-0.5000000000006504 -0.468749999999264 0
-0.5000000000006068 -0.4374999999992207 0
-0.5000000000005635 -0.4062499999991772 0
-0.5000000000005203 -0.3749999999991339 0
-0.500000000000477 -0.3437499999990906 0
-0.5000000000004337 -0.3124999999990473 0
-0.5000000000003904 -0.281249999999004 0
-0.5000000000003468 -0.2499999999989607 0
-0.5000000000003038 -0.2187499999989174 0
-0.5000000000002602 -0.1874999999988741 0
-0.500000000000217 -0.1562499999988307 0
-0.5000000000001737 -0.1249999999987874 0
-0.5000000000001302 -0.09374999999874412 0
-0.500000000000087 -0.06249999999870071 0
-0.5000000000000435 -0.03124999999865741 0
-0.5000000000000004 1.375122238300719e-12 0
-0.499999999999957 0.0312500000013427 0
-0.4999999999999137 0.06250000000129941 0
-0.4999999999998705 0.09375000000125616 0
-0.4999999999998271 0.1250000000012129 0
-0.4999999999997838 0.1562500000011696 0
-0.4999999999997404 0.1875000000011264 0
-0.4999999999996971 0.2187500000010831 0
-0.4999999999996538 0.2500000000010399 0
-0.4999999999996103 0.2812500000009965 0
-0.4999999999995672 0.3125000000009532 0
-0.4999999999995238 0.3437500000009099 0
-0.4999999999994805 0.3750000000008666 0
-0.4999999999994372 0.4062500000008233 0
-0.4999999999993939 0.4375000000007802 0
-0.4999999999993506 0.4687500000007369 0
-0.4999999999993071 0.5000000000006936 0
-0.4999999999992638 0.53125000000065 0
-0.4999999999992205 0.5625000000006068 0
-0.4999999999991772 0.5937500000005635 0
-0.4999999999991339 0.62500000000052 0
-0.4999999999990905 0.6562500000004766 0
-0.4999999999990472 0.6875000000004333 0
-0.4999999999990039 0.7187500000003898 0
-0.4999999999989606 0.7500000000003467 0
-0.4999999999989173 0.7812500000003032 0
-0.499999999998874 0.81250000000026 0
-0.4999999999988307 0.8437500000002167 0
-0.4999999999987873 0.8750000000001734 0
-0.4999999999987439 0.9062500000001301 0
-0.4999999999987006 0.9375000000000868 0
-0.4999999999986573 0.9687500000000433 0
-0.4687500000014272 -0.9687499999999594 0
-0.4687500000013812 -0.9374999999999187 0
-0.4687500000013353 -0.9062499999998783 0
-0.4687500000012892 -0.8749999999998377 0
-0.468750000001243 -0.8437499999997971 0
-0.4687500000011972 -0.8124999999997563 0
-0.4687500000011511 -0.7812499999997157 0
-0.4687500000011049 -0.7499999999996753 0
-0.468750000001059 -0.7187499999996346 0
-0.468750000001013 -0.687499999999594 0
-0.468750000000967 -0.6562499999995535 0
-0.4687500000009209 -0.6249999999995131 0
-0.4687500000008749 -0.5937499999994724 0
-0.4687500000008289 -0.5624999999994318 0
-0.4687500000007827 -0.5312499999993914 0
-0.4687500000007368 -0.4999999999993505 0
-0.4687500000006908 -0.4687499999993099 0
-0.4687500000006447 -0.4374999999992693 0
-0.4687500000005986 -0.4062499999992287 0
-0.4687500000005527 -0.3749999999991881 0
-0.4687500000005066 -0.3437499999991475 0
-0.4687500000004605 -0.3124999999991069 0
-0.4687500000004146 -0.2812499999990663 0
-0.4687500000003686 -0.2499999999990258 0
-0.4687500000003224 -0.2187499999989851 0
-0.4687500000002764 -0.1874999999989445 0
-0.4687500000002305 -0.1562499999989038 0
-0.4687500000001845 -0.1249999999988631 0
-0.4687500000001384 -0.09374999999882261 0
-0.4687500000000924 -0.06249999999878197 0
-0.4687500000000464 -0.03124999999874134 0
-0.4687500000000003 1.289190976194732e-12 0
-0.4687499999999543 0.03125000000125877 0
-0.4687499999999084 0.06250000000121814 0
-0.4687499999998622 0.09375000000117767 0
-0.4687499999998163 0.1250000000011371 0
-0.4687499999997703 0.1562500000010965 0
-0.4687499999997241 0.187500000001056 0
-0.4687499999996781 0.2187500000010155 0
-0.4687499999996321 0.2500000000009748 0
-0.4687499999995861 0.2812500000009342 0
-0.46874999999954 0.3125000000008937 0
-0.468749999999494 0.343750000000853 0
-0.468749999999448 0.3750000000008125 0
-0.468749999999402 0.4062500000007719 0
-0.468749999999356 0.4375000000007314 0
-0.4687499999993099 0.4687500000006908 0
-0.4687499999992638 0.50000000000065 0
-0.4687499999992178 0.5312500000006096 0
-0.4687499999991718 0.5625000000005689 0
-0.4687499999991257 0.5937500000005285 0
-0.4687499999990797 0.6250000000004876 0
-0.4687499999990337 0.6562500000004469 0
-0.4687499999989877 0.6875000000004062 0
-0.4687499999989416 0.7187500000003656 0
-0.4687499999988956 0.750000000000325 0
-0.4687499999988496 0.7812500000002842 0
-0.4687499999988037 0.8125000000002438 0
-0.4687499999987574 0.8437500000002032 0
-0.4687499999987115 0.8750000000001625 0
-0.4687499999986655 0.9062500000001221 0
-0.4687499999986194 0.9375000000000813 0
-0.4687499999985734 0.9687500000000406 0
-0.4375000000015112 -0.9687499999999623 0
-0.4375000000014623 -0.9374999999999243 0
-0.4375000000014136 -0.9062499999998865 0
-0.437500000001365 -0.8749999999998486 0
-0.4375000000013162 -0.8437499999998108 0
-0.4375000000012674 -0.8124999999997726 0
-0.4375000000012187 -0.7812499999997349 0
-0.43750000000117 -0.7499999999996968 0
-0.4375000000011213 -0.7187499999996588 0
-0.4375000000010725 -0.6874999999996211 0
-0.4375000000010238 -0.6562499999995832 0
-0.4375000000009751 -0.6249999999995457 0
-0.4375000000009263 -0.5937499999995077 0
-0.4375000000008776 -0.5624999999994698 0
-0.4375000000008289 -0.5312499999994318 0
-0.4375000000007801 -0.4999999999993938 0
-0.4375000000007313 -0.4687499999993559 0
-0.4375000000006826 -0.4374999999993182 0
-0.4375000000006339 -0.40624999999928 0
-0.4375000000005852 -0.3749999999992423 0
-0.4375000000005365 -0.3437499999992043 0
-0.4375000000004876 -0.3124999999991664 0
-0.4375000000004388 -0.2812499999991286 0
-0.4375000000003901 -0.2499999999990906 0
-0.4375000000003415 -0.2187499999990528 0
-0.4375000000002927 -0.1874999999990148 0
-0.437500000000244 -0.1562499999989768 0
-0.4375000000001953 -0.124999999998939 0
-0.4375000000001465 -0.0937499999989011 0
-0.4375000000000979 -0.06249999999886313 0
-0.4375000000000491 -0.03124999999882527 0
-0.4375000000000003 1.203259714088745e-12 0
-0.4374999999999516 0.03125000000117484 0
-0.4374999999999029 0.06250000000113698 0
-0.4374999999998542 0.09375000000109918 0
-0.4374999999998054 0.1250000000010613 0
-0.4374999999997568 0.1562500000010234 0
-0.4374999999997078 0.1875000000009857 0
-0.4374999999996592 0.2187500000009477 0
-0.4374999999996104 0.25000000000091 0
-0.4374999999995617 0.2812500000008719 0
-0.4374999999995128 0.3125000000008341 0
-0.4374999999994642 0.3437500000007962 0
-0.4374999999994155 0.3750000000007582 0
-0.4374999999993668 0.4062500000007204 0
-0.4374999999993181 0.4375000000006827 0
-0.4374999999992694 0.4687500000006448 0
-0.4374999999992205 0.5000000000006067 0
-0.4374999999991718 0.5312500000005688 0
-0.437499999999123 0.5625000000005311 0
-0.4374999999990743 0.5937500000004932 0
-0.4374999999990256 0.6250000000004552 0
-0.4374999999989768 0.6562500000004171 0
-0.4374999999989282 0.6875000000003791 0
-0.4374999999988793 0.7187500000003412 0
-0.4374999999988307 0.7500000000003032 0
-0.4374999999987819 0.7812500000002656 0
-0.4374999999987331 0.8125000000002276 0
-0.4374999999986844 0.8437500000001896 0
-0.4374999999986358 0.8750000000001519 0
-0.4374999999985869 0.9062500000001139 0
-0.4374999999985383 0.9375000000000759 0
-0.4374999999984895 0.968750000000038 0
-0.4062500000015949 -0.9687499999999649 0
-0.4062500000015435 -0.9374999999999296 0
-0.4062500000014921 -0.9062499999998945 0
-0.4062500000014406 -0.8749999999998592 0
-0.4062500000013891 -0.8437499999998241 0
-0.4062500000013377 -0.8124999999997888 0
-0.4062500000012863 -0.7812499999997535 0
-0.4062500000012349 -0.7499999999997184 0
-0.4062500000011834 -0.7187499999996834 0
-0.4062500000011319 -0.6874999999996481 0
-0.4062500000010804 -0.656249999999613 0
-0.4062500000010291 -0.6249999999995779 0
-0.4062500000009777 -0.5937499999995428 0
-0.4062500000009263 -0.5624999999995077 0
-0.4062500000008747 -0.5312499999994724 0
-0.4062500000008232 -0.4999999999994371 0
-0.4062500000007719 -0.468749999999402 0
-0.4062500000007204 -0.4374999999993667 0
-0.406250000000669 -0.4062499999993315 0
-0.4062500000006176 -0.3749999999992964 0
-0.4062500000005662 -0.3437499999992611 0
-0.4062500000005147 -0.3124999999992261 0
-0.4062500000004632 -0.2812499999991908 0
-0.4062500000004117 -0.2499999999991556 0
-0.4062500000003604 -0.2187499999991205 0
-0.4062500000003089 -0.1874999999990852 0
-0.4062500000002575 -0.1562499999990499 0
-0.406250000000206 -0.1249999999990148 0
-0.4062500000001547 -0.09374999999897959 0
-0.4062500000001031 -0.0624999999989444 0
-0.4062500000000517 -0.03124999999890921 0
-0.4062500000000002 1.117272940831526e-12 0
-0.4062499999999489 0.03125000000109091 0
-0.4062499999998974 0.06250000000105577 0
-0.406249999999846 0.09375000000102063 0
-0.4062499999997946 0.1250000000009855 0
-0.4062499999997431 0.1562500000009503 0
-0.4062499999996916 0.1875000000009152 0
-0.4062499999996401 0.21875000000088 0
-0.4062499999995888 0.2500000000008449 0
-0.4062499999995373 0.2812500000008098 0
-0.406249999999486 0.3125000000007745 0
-0.4062499999994345 0.3437500000007394 0
-0.4062499999993829 0.3750000000007042 0
-0.4062499999993315 0.406250000000669 0
-0.4062499999992801 0.4375000000006339 0
-0.4062499999992286 0.4687500000005987 0
-0.4062499999991772 0.5000000000005635 0
-0.4062499999991258 0.5312500000005285 0
-0.4062499999990744 0.5625000000004932 0
-0.4062499999990229 0.5937500000004579 0
-0.4062499999989715 0.6250000000004228 0
-0.4062499999989201 0.6562500000003872 0
-0.4062499999988686 0.6875000000003522 0
-0.4062499999988172 0.7187500000003169 0
-0.4062499999987657 0.7500000000002816 0
-0.4062499999987144 0.7812500000002465 0
-0.4062499999986628 0.8125000000002114 0
-0.4062499999986113 0.8437500000001761 0
-0.40624999999856 0.8750000000001408 0
-0.4062499999985085 0.9062500000001057 0
-0.406249999998457 0.9375000000000706 0
-0.4062499999984056 0.9687500000000351 0
-0.3750000000016788 -0.9687499999999676 0
-0.3750000000016246 -0.9374999999999352 0
-0.3750000000015706 -0.9062499999999027 0
-0.3750000000015165 -0.8749999999998701 0
-0.3750000000014623 -0.8437499999998377 0
-0.3750000000014081 -0.812499999999805 0
-0.3750000000013539 -0.7812499999997726 0
-0.3750000000012997 -0.7499999999997402 0
-0.3750000000012457 -0.7187499999997078 0
-0.3750000000011914 -0.6874999999996751 0
-0.3750000000011373 -0.6562499999996427 0
-0.3750000000010831 -0.6249999999996103 0
-0.3750000000010291 -0.5937499999995779 0
-0.375000000000975 -0.5624999999995455 0
-0.3750000000009208 -0.5312499999995131 0
-0.3750000000008666 -0.4999999999994804 0
-0.3750000000008126 -0.468749999999448 0
-0.3750000000007584 -0.4374999999994154 0
-0.3750000000007042 -0.406249999999383 0
-0.37500000000065 -0.3749999999993506 0
-0.375000000000596 -0.343749999999318 0
-0.3750000000005418 -0.3124999999992856 0
-0.3750000000004876 -0.2812499999992532 0
-0.3750000000004334 -0.2499999999992206 0
-0.3750000000003793 -0.218749999999188 0
-0.3750000000003251 -0.1874999999991556 0
-0.3750000000002711 -0.156249999999123 0
-0.3750000000002169 -0.1249999999990905 0
-0.3750000000001627 -0.09374999999905809 0
-0.3750000000001086 -0.06249999999902556 0
-0.3750000000000544 -0.03124999999899314 0
-0.3750000000000002 1.031341678725539e-12 0
-0.374999999999946 0.03125000000100703 0
-0.3749999999998921 0.06250000000097455 0
-0.3749999999998379 0.09375000000094214 0
-0.3749999999997837 0.1250000000009097 0
-0.3749999999997295 0.1562500000008772 0
-0.3749999999996754 0.1875000000008448 0
-0.3749999999996212 0.2187500000008124 0
-0.3749999999995672 0.2500000000007799 0
-0.3749999999995131 0.2812500000007474 0
-0.3749999999994589 0.312500000000715 0
-0.3749999999994047 0.3437500000006826 0
-0.3749999999993505 0.37500000000065 0
-0.3749999999992963 0.4062500000006175 0
-0.3749999999992422 0.4375000000005852 0
-0.3749999999991881 0.4687500000005527 0
-0.3749999999991339 0.5000000000005203 0
-0.3749999999990798 0.5312500000004876 0
-0.3749999999990257 0.5625000000004552 0
-0.3749999999989715 0.5937500000004228 0
-0.3749999999989174 0.6250000000003901 0
-0.3749999999988632 0.6562500000003575 0
-0.3749999999988091 0.6875000000003251 0
-0.374999999998755 0.7187500000002924 0
-0.3749999999987008 0.7500000000002602 0
-0.3749999999986466 0.7812500000002274 0
-0.3749999999985925 0.812500000000195 0
-0.3749999999985383 0.8437500000001625 0
-0.3749999999984841 0.8750000000001301 0
-0.37499999999843 0.9062500000000977 0
-0.374999999998376 0.9375000000000651 0
-0.3749999999983218 0.9687500000000324 0
-0.3437500000017627 -0.9687499999999702 0
-0.3437500000017059 -0.9374999999999405 0
-0.3437500000016491 -0.9062499999999107 0
-0.3437500000015921 -0.874999999999881 0
-0.3437500000015352 -0.8437499999998512 0
-0.3437500000014784 -0.8124999999998215 0
-0.3437500000014215 -0.7812499999997917 0
-0.3437500000013647 -0.749999999999762 0
-0.3437500000013078 -0.7187499999997322 0
-0.3437500000012509 -0.6874999999997022 0
-0.3437500000011941 -0.6562499999996725 0
-0.3437500000011374 -0.624999999999643 0
-0.3437500000010805 -0.5937499999996132 0
-0.3437500000010236 -0.5624999999995834 0
-0.3437500000009667 -0.5312499999995537 0
-0.3437500000009099 -0.4999999999995237 0
-0.3437500000008531 -0.468749999999494 0
-0.3437500000007963 -0.4374999999994642 0
-0.3437500000007394 -0.4062499999994345 0
-0.3437500000006826 -0.3749999999994048 0
-0.3437500000006257 -0.3437499999993748 0
-0.3437500000005689 -0.3124999999993451 0
-0.343750000000512 -0.2812499999993153 0
-0.3437500000004552 -0.2499999999992855 0
-0.3437500000003983 -0.2187499999992558 0
-0.3437500000003414 -0.187499999999226 0
-0.3437500000002846 -0.1562499999991961 0
-0.3437500000002278 -0.1249999999991663 0
-0.3437500000001709 -0.09374999999913658 0
-0.343750000000114 -0.06249999999910671 0
-0.3437500000000571 -0.03124999999907696 0
-0.3437500000000002 9.454104166195521e-13 0
-0.3437499999999434 0.03125000000092309 0
-0.3437499999998865 0.06250000000089334 0
-0.3437499999998297 0.09375000000086364 0
-0.3437499999997728 0.1250000000008339 0
-0.343749999999716 0.1562500000008041 0
-0.3437499999996592 0.1875000000007744 0
-0.3437499999996023 0.2187500000007446 0
-0.3437499999995455 0.250000000000715 0
-0.3437499999994886 0.2812500000006852 0
-0.3437499999994318 0.3125000000006555 0
-0.3437499999993749 0.3437500000006257 0
-0.3437499999993181 0.3750000000005959 0
-0.3437499999992613 0.4062500000005661 0
-0.3437499999992044 0.4375000000005365 0
-0.3437499999991476 0.4687500000005067 0
-0.3437499999990906 0.500000000000477 0
-0.3437499999990337 0.5312500000004472 0
-0.3437499999989769 0.5625000000004174 0
-0.34374999999892 0.5937500000003875 0
-0.3437499999988632 0.6250000000003577 0
-0.3437499999988064 0.6562500000003277 0
-0.3437499999987496 0.687500000000298 0
-0.3437499999986926 0.7187500000002682 0
-0.3437499999986358 0.7500000000002385 0
-0.3437499999985789 0.7812500000002085 0
-0.3437499999985221 0.8125000000001787 0
-0.3437499999984652 0.843750000000149 0
-0.3437499999984084 0.8750000000001192 0
-0.3437499999983515 0.9062500000000895 0
-0.3437499999982947 0.9375000000000595 0
-0.3437499999982379 0.9687500000000298 0
-0.3125000000018465 -0.9687499999999729 0
-0.312500000001787 -0.9374999999999458 0
-0.3125000000017275 -0.9062499999999187 0
-0.3125000000016679 -0.8749999999998919 0
-0.3125000000016084 -0.8437499999998648 0
-0.3125000000015489 -0.8124999999998375 0
-0.3125000000014893 -0.7812499999998104 0
-0.3125000000014296 -0.7499999999997835 0
-0.31250000000137 -0.7187499999997564 0
-0.3125000000013105 -0.6874999999997293 0
-0.3125000000012511 -0.6562499999997025 0
-0.3125000000011914 -0.6249999999996754 0
-0.3125000000011319 -0.5937499999996485 0
-0.3125000000010724 -0.5624999999996214 0
-0.3125000000010129 -0.5312499999995943 0
-0.3125000000009532 -0.4999999999995672 0
-0.3125000000008936 -0.4687499999995401 0
-0.3125000000008341 -0.4374999999995131 0
-0.3125000000007745 -0.4062499999994859 0
-0.312500000000715 -0.3749999999994588 0
-0.3125000000006555 -0.3437499999994317 0
-0.312500000000596 -0.3124999999994047 0
-0.3125000000005362 -0.2812499999993776 0
-0.3125000000004767 -0.2499999999993506 0
-0.3125000000004172 -0.2187499999993235 0
-0.3125000000003576 -0.1874999999992964 0
-0.3125000000002982 -0.1562499999992693 0
-0.3125000000002385 -0.1249999999992422 0
-0.312500000000179 -0.09374999999921507 0
-0.3125000000001195 -0.06249999999918798 0
-0.3125000000000598 -0.03124999999916089 0
-0.3125000000000002 8.594791545135649e-13 0
-0.3124999999999407 0.03125000000083922 0
-0.3124999999998812 0.06250000000081213 0
-0.3124999999998217 0.09375000000078515 0
-0.3124999999997621 0.1250000000007581 0
-0.3124999999997025 0.156250000000731 0
-0.312499999999643 0.187500000000704 0
-0.3124999999995833 0.218750000000677 0
-0.3124999999995238 0.2500000000006499 0
-0.3124999999994642 0.2812500000006229 0
-0.3124999999994047 0.3125000000005959 0
-0.3124999999993452 0.3437500000005689 0
-0.3124999999992856 0.3750000000005418 0
-0.312499999999226 0.4062500000005147 0
-0.3124999999991664 0.4375000000004877 0
-0.312499999999107 0.4687500000004606 0
-0.3124999999990473 0.5000000000004334 0
-0.3124999999989878 0.5312500000004066 0
-0.3124999999989281 0.5625000000003793 0
-0.3124999999988686 0.5937500000003522 0
-0.312499999998809 0.6250000000003251 0
-0.3124999999987496 0.656250000000298 0
-0.3124999999986899 0.6875000000002709 0
-0.3124999999986304 0.7187500000002438 0
-0.3124999999985709 0.7500000000002167 0
-0.3124999999985114 0.7812500000001896 0
-0.3124999999984517 0.8125000000001625 0
-0.3124999999983922 0.8437500000001354 0
-0.3124999999983327 0.8750000000001084 0
-0.3124999999982732 0.9062500000000813 0
-0.3124999999982135 0.9375000000000542 0
-0.3124999999981539 0.9687500000000271 0
-0.2812500000019305 -0.9687499999999756 0
-0.2812500000018682 -0.9374999999999514 0
-0.2812500000018061 -0.9062499999999269 0
-0.2812500000017436 -0.8749999999999027 0
-0.2812500000016813 -0.8437499999998783 0
-0.2812500000016191 -0.8124999999998539 0
-0.2812500000015569 -0.7812499999998295 0
-0.2812500000014947 -0.749999999999805 0
-0.2812500000014324 -0.7187499999997808 0
-0.2812500000013702 -0.6874999999997566 0
-0.2812500000013079 -0.6562499999997322 0
-0.2812500000012456 -0.624999999999708 0
-0.2812500000011834 -0.5937499999996836 0
-0.281250000001121 -0.5624999999996592 0
-0.2812500000010588 -0.531249999999635 0
-0.2812500000009965 -0.4999999999996103 0
-0.2812500000009343 -0.4687499999995861 0
-0.281250000000872 -0.4374999999995617 0
-0.2812500000008097 -0.4062499999995374 0
-0.2812500000007474 -0.3749999999995129 0
-0.2812500000006852 -0.3437499999994887 0
-0.2812500000006228 -0.3124999999994642 0
-0.2812500000005607 -0.2812499999994399 0
-0.2812500000004984 -0.2499999999994156 0
-0.2812500000004361 -0.2187499999993911 0
-0.2812500000003739 -0.1874999999993668 0
-0.2812500000003117 -0.1562499999993423 0
-0.2812500000002493 -0.1249999999993179 0
-0.2812500000001871 -0.09374999999929351 0
-0.2812500000001248 -0.06249999999926914 0
-0.2812500000000626 -0.03124999999924483 0
-0.2812500000000002 7.734923812563466e-13 0
-0.281249999999938 0.03125000000075528 0
-0.2812499999998758 0.06250000000073092 0
-0.2812499999998135 0.09375000000070666 0
-0.2812499999997513 0.1250000000006823 0
-0.2812499999996889 0.1562500000006579 0
-0.2812499999996267 0.1875000000006337 0
-0.2812499999995645 0.2187500000006093 0
-0.2812499999995022 0.2500000000005851 0
-0.2812499999994399 0.2812500000005607 0
-0.2812499999993776 0.3125000000005362 0
-0.2812499999993154 0.3437500000005119 0
-0.281249999999253 0.3750000000004876 0
-0.2812499999991909 0.4062500000004632 0
-0.2812499999991286 0.437500000000439 0
-0.2812499999990664 0.4687500000004146 0
-0.281249999999004 0.5000000000003904 0
-0.2812499999989417 0.5312500000003659 0
-0.2812499999988795 0.5625000000003415 0
-0.2812499999988172 0.5937500000003171 0
-0.2812499999987549 0.6250000000002927 0
-0.2812499999986927 0.6562500000002682 0
-0.2812499999986304 0.6875000000002438 0
-0.2812499999985683 0.7187500000002194 0
-0.2812499999985059 0.750000000000195 0
-0.2812499999984437 0.7812500000001708 0
-0.2812499999983813 0.8125000000001463 0
-0.2812499999983191 0.8437500000001219 0
-0.2812499999982569 0.8750000000000977 0
-0.2812499999981946 0.9062500000000733 0
-0.2812499999981324 0.9375000000000488 0
-0.2812499999980701 0.9687500000000244 0
-0.2500000000020143 -0.9687499999999782 0
-0.2500000000019494 -0.9374999999999567 0
-0.2500000000018844 -0.9062499999999352 0
-0.2500000000018194 -0.8749999999999134 0
-0.2500000000017545 -0.8437499999998919 0
-0.2500000000016895 -0.8124999999998701 0
-0.2500000000016245 -0.7812499999998486 0
-0.2500000000015595 -0.7499999999998268 0
-0.2500000000014946 -0.7187499999998053 0
-0.2500000000014297 -0.6874999999997837 0
-0.2500000000013647 -0.656249999999762 0
-0.2500000000012997 -0.6249999999997407 0
-0.2500000000012347 -0.5937499999997187 0
-0.2500000000011697 -0.5624999999996971 0
-0.2500000000011048 -0.5312499999996756 0
-0.2500000000010398 -0.4999999999996538 0
-0.2500000000009749 -0.4687499999996321 0
-0.2500000000009099 -0.4374999999996103 0
-0.2500000000008448 -0.4062499999995887 0
-0.2500000000007799 -0.3749999999995671 0
-0.2500000000007149 -0.3437499999995456 0
-0.2500000000006499 -0.3124999999995238 0
-0.250000000000585 -0.2812499999995022 0
-0.25000000000052 -0.2499999999994805 0
-0.2500000000004551 -0.2187499999994587 0
-0.2500000000003901 -0.1874999999994372 0
-0.2500000000003252 -0.1562499999994154 0
-0.2500000000002602 -0.1249999999993937 0
-0.2500000000001952 -0.093749999999372 0
-0.2500000000001302 -0.06249999999935041 0
-0.2500000000000653 -0.03124999999932876 0
-0.2500000000000002 6.875611191503594e-13 0
-0.2499999999999353 0.03125000000067135 0
-0.2499999999998703 0.0625000000006497 0
-0.2499999999998054 0.09375000000062816 0
-0.2499999999997404 0.1250000000006065 0
-0.2499999999996754 0.1562500000005849 0
-0.2499999999996104 0.1875000000005633 0
-0.2499999999995455 0.2187500000005416 0
-0.2499999999994805 0.25000000000052 0
-0.2499999999994156 0.2812500000004984 0
-0.2499999999993506 0.3125000000004767 0
-0.2499999999992856 0.3437500000004551 0
-0.2499999999992207 0.3750000000004334 0
-0.2499999999991557 0.4062500000004118 0
-0.2499999999990907 0.4375000000003901 0
-0.2499999999990258 0.4687500000003686 0
-0.2499999999989607 0.5000000000003468 0
-0.2499999999988957 0.5312500000003253 0
-0.2499999999988308 0.5625000000003035 0
-0.2499999999987658 0.593750000000282 0
-0.2499999999987008 0.6250000000002602 0
-0.2499999999986359 0.6562500000002385 0
-0.2499999999985709 0.6875000000002167 0
-0.249999999998506 0.718750000000195 0
-0.249999999998441 0.7500000000001734 0
-0.249999999998376 0.7812500000001517 0
-0.2499999999983111 0.8125000000001301 0
-0.2499999999982461 0.8437500000001084 0
-0.2499999999981811 0.8750000000000866 0
-0.2499999999981162 0.9062500000000651 0
-0.2499999999980512 0.9375000000000435 0
-0.2499999999979862 0.9687500000000215 0
-0.2187500000020981 -0.9687499999999811 0
-0.2187500000020305 -0.9374999999999623 0
-0.2187500000019628 -0.9062499999999432 0
-0.2187500000018952 -0.8749999999999243 0
-0.2187500000018274 -0.8437499999999054 0
-0.2187500000017597 -0.8124999999998863 0
-0.218750000001692 -0.7812499999998674 0
-0.2187500000016244 -0.7499999999998486 0
-0.2187500000015568 -0.7187499999998295 0
-0.2187500000014891 -0.6874999999998108 0
-0.2187500000014214 -0.6562499999997917 0
-0.2187500000013537 -0.624999999999773 0
-0.2187500000012861 -0.593749999999754 0
-0.2187500000012184 -0.5624999999997351 0
-0.2187500000011507 -0.531249999999716 0
-0.218750000001083 -0.4999999999996971 0
-0.2187500000010154 -0.468749999999678 0
-0.2187500000009477 -0.4374999999996592 0
-0.21875000000088 -0.4062499999996402 0
-0.2187500000008123 -0.3749999999996213 0
-0.2187500000007446 -0.3437499999996024 0
-0.2187500000006768 -0.3124999999995833 0
-0.2187500000006092 -0.2812499999995645 0
-0.2187500000005417 -0.2499999999995455 0
-0.218750000000474 -0.2187499999995265 0
-0.2187500000004063 -0.1874999999995076 0
-0.2187500000003386 -0.1562499999994884 0
-0.2187500000002709 -0.1249999999994695 0
-0.2187500000002033 -0.0937499999994505 0
-0.2187500000001356 -0.06249999999943157 0
-0.2187500000000679 -0.03124999999941269 0
-0.2187500000000002 6.016298570443723e-13 0
-0.2187499999999325 0.03125000000058747 0
-0.2187499999998649 0.06250000000056849 0
-0.2187499999997972 0.09375000000054967 0
-0.2187499999997295 0.1250000000005307 0
-0.2187499999996618 0.1562500000005118 0
-0.2187499999995942 0.1875000000004929 0
-0.2187499999995265 0.218750000000474 0
-0.2187499999994588 0.2500000000004551 0
-0.2187499999993912 0.2812500000004361 0
-0.2187499999993235 0.3125000000004172 0
-0.2187499999992559 0.3437500000003982 0
-0.2187499999991881 0.3750000000003793 0
-0.2187499999991205 0.4062500000003604 0
-0.2187499999990528 0.4375000000003415 0
-0.2187499999989852 0.4687500000003225 0
-0.2187499999989174 0.5000000000003035 0
-0.2187499999988496 0.5312500000002847 0
-0.218749999998782 0.5625000000002656 0
-0.2187499999987143 0.5937500000002467 0
-0.2187499999986467 0.6250000000002278 0
-0.218749999998579 0.6562500000002087 0
-0.2187499999985114 0.6875000000001896 0
-0.2187499999984437 0.7187500000001708 0
-0.218749999998376 0.7500000000001517 0
-0.2187499999983084 0.7812500000001328 0
-0.2187499999982407 0.8125000000001137 0
-0.218749999998173 0.8437500000000948 0
-0.2187499999981053 0.8750000000000759 0
-0.2187499999980377 0.9062500000000568 0
-0.21874999999797 0.937500000000038 0
-0.2187499999979023 0.9687500000000189 0
-0.187500000002182 -0.9687499999999838 0
-0.1875000000021116 -0.9374999999999676 0
-0.1875000000020413 -0.9062499999999514 0
-0.1875000000019709 -0.8749999999999352 0
-0.1875000000019005 -0.843749999999919 0
-0.1875000000018301 -0.8124999999999025 0
-0.1875000000017597 -0.7812499999998863 0
-0.1875000000016894 -0.7499999999998701 0
-0.187500000001619 -0.7187499999998539 0
-0.1875000000015486 -0.6874999999998379 0
-0.1875000000014782 -0.6562499999998213 0
-0.1875000000014078 -0.6249999999998055 0
-0.1875000000013375 -0.5937499999997893 0
-0.1875000000012671 -0.5624999999997728 0
-0.1875000000011967 -0.5312499999997569 0
-0.1875000000011263 -0.4999999999997404 0
-0.187500000001056 -0.4687499999997242 0
-0.1875000000009855 -0.4374999999997081 0
-0.1875000000009151 -0.4062499999996917 0
-0.1875000000008447 -0.3749999999996753 0
-0.1875000000007743 -0.3437499999996593 0
-0.1875000000007039 -0.312499999999643 0
-0.1875000000006337 -0.2812499999996266 0
-0.1875000000005633 -0.2499999999996104 0
-0.1875000000004929 -0.2187499999995942 0
-0.1875000000004225 -0.1874999999995779 0
-0.1875000000003522 -0.1562499999995616 0
-0.1875000000002817 -0.1249999999995453 0
-0.1875000000002114 -0.09374999999952899 0
-0.187500000000141 -0.06249999999951283 0
-0.1875000000000706 -0.03124999999949662 0
-0.1875000000000002 5.156985949383852e-13 0
-0.1874999999999298 0.03125000000050354 0
-0.1874999999998594 0.06250000000048728 0
-0.1874999999997891 0.09375000000047112 0
-0.1874999999997187 0.1250000000004549 0
-0.1874999999996483 0.1562500000004386 0
-0.1874999999995779 0.1875000000004226 0
-0.1874999999995076 0.2187500000004062 0
-0.1874999999994372 0.2500000000003901 0
-0.1874999999993668 0.2812500000003739 0
-0.1874999999992965 0.3125000000003576 0
-0.1874999999992261 0.3437500000003414 0
-0.1874999999991557 0.3750000000003252 0
-0.1874999999990853 0.4062500000003089 0
-0.187499999999015 0.4375000000002928 0
-0.1874999999989446 0.4687500000002764 0
-0.1874999999988741 0.5000000000002602 0
-0.1874999999988037 0.531250000000244 0
-0.1874999999987333 0.5625000000002278 0
-0.1874999999986629 0.5937500000002114 0
-0.1874999999985925 0.6250000000001952 0
-0.1874999999985222 0.656250000000179 0
-0.1874999999984518 0.6875000000001625 0
-0.1874999999983815 0.7187500000001463 0
-0.1874999999983111 0.7500000000001301 0
-0.1874999999982407 0.7812500000001137 0
-0.1874999999981703 0.8125000000000975 0
-0.1874999999981 0.8437500000000813 0
-0.1874999999980296 0.8750000000000651 0
-0.1874999999979592 0.9062500000000488 0
-0.1874999999978888 0.9375000000000326 0
-0.1874999999978184 0.9687500000000162 0
-0.1562500000022659 -0.9687499999999865 0
-0.1562500000021928 -0.9374999999999729 0
-0.1562500000021197 -0.9062499999999594 0
-0.1562500000020467 -0.8749999999999458 0
-0.1562500000019735 -0.8437499999999325 0
-0.1562500000019005 -0.8124999999999187 0
-0.1562500000018274 -0.7812499999999054 0
-0.1562500000017543 -0.7499999999998919 0
-0.1562500000016812 -0.7187499999998783 0
-0.1562500000016082 -0.687499999999865 0
-0.156250000001535 -0.6562499999998511 0
-0.1562500000014619 -0.6249999999998379 0
-0.1562500000013888 -0.5937499999998244 0
-0.1562500000013157 -0.5624999999998108 0
-0.1562500000012427 -0.5312499999997973 0
-0.1562500000011696 -0.4999999999997837 0
-0.1562500000010965 -0.4687499999997702 0
-0.1562500000010234 -0.4374999999997566 0
-0.1562500000009503 -0.4062499999997434 0
-0.1562500000008772 -0.3749999999997296 0
-0.1562500000008041 -0.3437499999997163 0
-0.156250000000731 -0.3124999999997026 0
-0.156250000000658 -0.281249999999689 0
-0.1562500000005848 -0.2499999999996756 0
-0.1562500000005118 -0.2187499999996619 0
-0.1562500000004386 -0.1874999999996484 0
-0.1562500000003655 -0.1562499999996346 0
-0.1562500000002925 -0.124999999999621 0
-0.1562500000002194 -0.09374999999960759 0
-0.1562500000001463 -0.06249999999959399 0
-0.1562500000000732 -0.03124999999958045 0
-0.1562500000000001 4.297118216811668e-13 0
-0.156249999999927 0.03125000000041961 0
-0.156249999999854 0.06250000000040615 0
-0.1562499999997808 0.09375000000039266 0
-0.1562499999997077 0.1250000000003791 0
-0.1562499999996347 0.1562500000003656 0
-0.1562499999995615 0.1875000000003522 0
-0.1562499999994884 0.2187500000003386 0
-0.1562499999994154 0.2500000000003251 0
-0.1562499999993423 0.2812500000003116 0
-0.1562499999992692 0.312500000000298 0
-0.1562499999991961 0.3437500000002846 0
-0.156249999999123 0.3750000000002711 0
-0.1562499999990499 0.4062500000002575 0
-0.1562499999989769 0.4375000000002441 0
-0.1562499999989038 0.4687500000002305 0
-0.1562499999988307 0.5000000000002169 0
-0.1562499999987575 0.5312500000002034 0
-0.1562499999986844 0.5625000000001898 0
-0.1562499999986114 0.5937500000001763 0
-0.1562499999985383 0.6250000000001628 0
-0.1562499999984652 0.6562500000001492 0
-0.1562499999983921 0.6875000000001354 0
-0.1562499999983191 0.7187500000001219 0
-0.1562499999982459 0.7500000000001084 0
-0.1562499999981729 0.7812500000000948 0
-0.1562499999980997 0.8125000000000813 0
-0.1562499999980266 0.8437500000000677 0
-0.1562499999979536 0.8750000000000542 0
-0.1562499999978805 0.9062500000000406 0
-0.1562499999978074 0.9375000000000271 0
-0.1562499999977343 0.9687500000000135 0
-0.1250000000023498 -0.9687499999999891 0
-0.125000000002274 -0.9374999999999782 0
-0.1250000000021982 -0.9062499999999676 0
-0.1250000000021224 -0.8749999999999567 0
-0.1250000000020466 -0.8437499999999458 0
-0.1250000000019708 -0.8124999999999352 0
-0.125000000001895 -0.7812499999999241 0
-0.1250000000018192 -0.7499999999999134 0
-0.1250000000017434 -0.7187499999999025 0
-0.1250000000016677 -0.6874999999998921 0
-0.1250000000015918 -0.656249999999881 0
-0.125000000001516 -0.6249999999998703 0
-0.1250000000014403 -0.5937499999998594 0
-0.1250000000013645 -0.5624999999998488 0
-0.1250000000012886 -0.5312499999998379 0
-0.1250000000012129 -0.499999999999827 0
-0.1250000000011371 -0.4687499999998161 0
-0.1250000000010613 -0.4374999999998053 0
-0.1250000000009855 -0.4062499999997947 0
-0.1250000000009097 -0.3749999999997838 0
-0.1250000000008339 -0.3437499999997731 0
-0.1250000000007581 -0.3124999999997622 0
-0.1250000000006823 -0.2812499999997513 0
-0.1250000000006065 -0.2499999999997404 0
-0.1250000000005307 -0.2187499999997295 0
-0.1250000000004549 -0.1874999999997187 0
-0.1250000000003791 -0.1562499999997078 0
-0.1250000000003033 -0.1249999999996969 0
-0.1250000000002275 -0.09374999999968597 0
-0.1250000000001517 -0.06249999999967526 0
-0.1250000000000759 -0.03124999999966438 0
-0.1250000000000001 3.437805595751797e-13 0
-0.1249999999999243 0.03125000000033573 0
-0.1249999999998485 0.06250000000032488 0
-0.1249999999997727 0.09375000000031411 0
-0.1249999999996969 0.1250000000003033 0
-0.1249999999996211 0.1562500000002925 0
-0.1249999999995453 0.1875000000002818 0
-0.1249999999994695 0.2187500000002709 0
-0.1249999999993937 0.2500000000002602 0
-0.1249999999993179 0.2812500000002494 0
-0.1249999999992421 0.3125000000002385 0
-0.1249999999991663 0.3437500000002277 0
-0.1249999999990905 0.3750000000002169 0
-0.1249999999990147 0.4062500000002061 0
-0.124999999998939 0.4375000000001952 0
-0.1249999999988632 0.4687500000001845 0
-0.1249999999987874 0.5000000000001736 0
-0.1249999999987115 0.5312500000001628 0
-0.1249999999986358 0.5625000000001519 0
-0.12499999999856 0.593750000000141 0
-0.1249999999984842 0.6250000000001301 0
-0.1249999999984084 0.6562500000001192 0
-0.1249999999983326 0.6875000000001084 0
-0.1249999999982568 0.7187500000000975 0
-0.124999999998181 0.7500000000000866 0
-0.1249999999981052 0.7812500000000759 0
-0.1249999999980294 0.8125000000000648 0
-0.1249999999979536 0.8437500000000542 0
-0.1249999999978778 0.8750000000000433 0
-0.124999999997802 0.9062500000000324 0
-0.1249999999977262 0.9375000000000218 0
-0.1249999999976504 0.9687500000000109 0
-0.09375000000243372 -0.9687499999999918 0
-0.09375000000235523 -0.9374999999999838 0
-0.09375000000227668 -0.9062499999999758 0
-0.09375000000219819 -0.8749999999999676 0
-0.09375000000211969 -0.8437499999999594 0
-0.09375000000204117 -0.8124999999999512 0
-0.09375000000196268 -0.7812499999999432 0
-0.09375000000188419 -0.7499999999999352 0
-0.09375000000180569 -0.7187499999999269 0
-0.09375000000172717 -0.6874999999999192 0
-0.09375000000164868 -0.6562499999999107 0
-0.09375000000157019 -0.6249999999999027 0
-0.09375000000149171 -0.5937499999998948 0
-0.09375000000141322 -0.5624999999998865 0
-0.09375000000133467 -0.5312499999998785 0
-0.09375000000125616 -0.4999999999998703 0
-0.09375000000117764 -0.4687499999998621 0
-0.09375000000109915 -0.4374999999998541 0
-0.09375000000102066 -0.406249999999846 0
-0.09375000000094216 -0.374999999999838 0
-0.09375000000086364 -0.34374999999983 0
-0.09375000000078515 -0.3124999999998218 0
-0.09375000000070663 -0.2812499999998135 0
-0.09375000000062811 -0.2499999999998054 0
-0.09375000000054959 -0.2187499999997972 0
-0.0937500000004711 -0.1874999999997891 0
-0.0937500000003926 -0.1562499999997808 0
-0.09375000000031408 -0.1249999999997727 0
-0.09375000000023562 -0.0937499999997646 0
-0.0937500000001571 -0.06249999999975642 0
-0.0937500000000786 -0.03124999999974831 0
-0.09375000000000011 2.578492974691926e-13 0
-0.09374999999992162 0.0312500000002518 0
-0.09374999999984313 0.06250000000024372 0
-0.09374999999976458 0.09375000000023562 0
-0.09374999999968606 0.1250000000002275 0
-0.09374999999960756 0.1562500000002194 0
-0.09374999999952904 0.1875000000002114 0
-0.09374999999945055 0.2187500000002033 0
-0.09374999999937206 0.2500000000001952 0
-0.09374999999929354 0.2812500000001871 0
-0.09374999999921504 0.312500000000179 0
-0.09374999999913652 0.3437500000001708 0
-0.09374999999905803 0.3750000000001628 0
-0.09374999999897954 0.4062500000001546 0
-0.09374999999890099 0.4375000000001466 0
-0.09374999999882255 0.4687500000001384 0
-0.09374999999874406 0.5000000000001303 0
-0.09374999999866557 0.5312500000001221 0
-0.09374999999858707 0.5625000000001139 0
-0.09374999999850853 0.5937500000001059 0
-0.09374999999843003 0.6250000000000977 0
-0.09374999999835154 0.6562500000000895 0
-0.09374999999827305 0.6875000000000813 0
-0.09374999999819453 0.7187500000000733 0
-0.09374999999811603 0.7500000000000651 0
-0.09374999999803754 0.7812500000000568 0
-0.09374999999795902 0.8125000000000488 0
-0.09374999999788053 0.8437500000000406 0
-0.09374999999780204 0.8750000000000326 0
-0.09374999999772354 0.9062500000000244 0
-0.09374999999764499 0.9375000000000162 0
-0.0937499999975665 0.968750000000008 0
-0.06250000000251749 -0.9687499999999947 0
-0.06250000000243627 -0.9374999999999891 0
-0.06250000000235506 -0.906249999999984 0
-0.06250000000227385 -0.8749999999999785 0
-0.06250000000219263 -0.8437499999999729 0
-0.06250000000211145 -0.8124999999999676 0
-0.06250000000203024 -0.7812499999999623 0
-0.06250000000194902 -0.7499999999999569 0
-0.06250000000186784 -0.7187499999999514 0
-0.06250000000178663 -0.6874999999999462 0
-0.06250000000170541 -0.6562499999999407 0
-0.0625000000016242 -0.6249999999999355 0
-0.06250000000154299 -0.5937499999999301 0
-0.0625000000014618 -0.5624999999999245 0
-0.06250000000138059 -0.5312499999999192 0
-0.06250000000129938 -0.4999999999999136 0
-0.06250000000121816 -0.4687499999999083 0
-0.06250000000113698 -0.437499999999903 0
-0.06250000000105577 -0.4062499999998972 0
-0.06250000000097455 -0.3749999999998919 0
-0.06250000000089334 -0.3437499999998866 0
-0.06250000000081213 -0.3124999999998811 0
-0.06250000000073094 -0.2812499999998758 0
-0.06250000000064973 -0.2499999999998703 0
-0.06250000000056852 -0.2187499999998649 0
-0.0625000000004873 -0.1874999999998594 0
-0.06250000000040609 -0.1562499999998539 0
-0.06250000000032488 -0.1249999999998486 0
-0.06250000000024369 -0.09374999999984315 0
-0.06250000000016248 -0.06249999999983769 0
-0.06250000000008127 -0.03124999999983225 0
-0.06250000000000006 1.718625242119742e-13 0
-0.06249999999991884 0.03125000000016787 0
-0.06249999999983763 0.06250000000016248 0
-0.06249999999975643 0.0937500000001571 0
-0.06249999999967522 0.1250000000001517 0
-0.06249999999959401 0.1562500000001463 0
-0.06249999999951281 0.187500000000141 0
-0.06249999999943161 0.2187500000001356 0
-0.06249999999935039 0.2500000000001302 0
-0.06249999999926918 0.2812500000001248 0
-0.06249999999918798 0.3125000000001195 0
-0.06249999999910678 0.343750000000114 0
-0.06249999999902557 0.3750000000001086 0
-0.06249999999894436 0.4062500000001031 0
-0.06249999999886316 0.4375000000000978 0
-0.06249999999878195 0.4687500000000924 0
-0.06249999999870073 0.500000000000087 0
-0.06249999999861952 0.5312500000000817 0
-0.06249999999853831 0.5625000000000762 0
-0.06249999999845711 0.5937500000000706 0
-0.0624999999983759 0.6250000000000653 0
-0.0624999999982947 0.6562500000000597 0
-0.06249999999821348 0.6875000000000544 0
-0.06249999999813229 0.7187500000000488 0
-0.06249999999805107 0.7500000000000435 0
-0.06249999999796986 0.781250000000038 0
-0.06249999999788866 0.8125000000000326 0
-0.06249999999780745 0.8437500000000271 0
-0.06249999999772625 0.8750000000000218 0
-0.06249999999764504 0.9062500000000164 0
-0.06249999999756384 0.9375000000000109 0
-0.06249999999748262 0.9687500000000053 0
-0.03125000000260138 -0.9687499999999973 0
-0.03125000000251746 -0.9374999999999947 0
-0.03125000000243355 -0.906249999999992 0
-0.03125000000234963 -0.8749999999999893 0
-0.03125000000226573 -0.8437499999999867 0
-0.03125000000218181 -0.8124999999999838 0
-0.03125000000209791 -0.7812499999999811 0
-0.03125000000201399 -0.7499999999999785 0
-0.03125000000193007 -0.7187499999999758 0
-0.03125000000184616 -0.6874999999999732 0
-0.03125000000176224 -0.6562499999999705 0
-0.03125000000167834 -0.6249999999999679 0
-0.03125000000159442 -0.5937499999999651 0
-0.0312500000015105 -0.5624999999999625 0
-0.03125000000142659 -0.5312499999999598 0
-0.03125000000134268 -0.4999999999999571 0
-0.03125000000125876 -0.4687499999999543 0
-0.03125000000117485 -0.4374999999999516 0
-0.03125000000109093 -0.4062499999999488 0
-0.03125000000100703 -0.3749999999999461 0
-0.03125000000092311 -0.3437499999999434 0
-0.03125000000083919 -0.3124999999999407 0
-0.03125000000075528 -0.2812499999999379 0
-0.03125000000067137 -0.2499999999999353 0
-0.03125000000058745 -0.2187499999999326 0
-0.03125000000050354 -0.1874999999999298 0
-0.03125000000041962 -0.156249999999927 0
-0.0312500000003357 -0.1249999999999243 0
-0.0312500000002518 -0.09374999999992165 0
-0.03125000000016789 -0.06249999999991884 0
-0.03125000000008397 -0.03124999999991618 0
-0.03125000000000006 8.593126210598712e-14 0
-0.03124999999991614 0.03125000000008399 0
-0.03124999999983222 0.06250000000008127 0
-0.03124999999974831 0.0937500000000786 0
-0.0312499999996644 0.1250000000000759 0
-0.03124999999958049 0.1562500000000732 0
-0.03124999999949658 0.1875000000000706 0
-0.03124999999941266 0.2187500000000679 0
-0.03124999999932875 0.2500000000000653 0
-0.03124999999924483 0.2812500000000626 0
-0.03124999999916091 0.3125000000000598 0
-0.031249999999077 0.3437500000000571 0
-0.03124999999899309 0.3750000000000544 0
-0.03124999999890918 0.4062500000000517 0
-0.03124999999882527 0.4375000000000491 0
-0.03124999999874135 0.4687500000000464 0
-0.03124999999865744 0.5000000000000435 0
-0.03124999999857352 0.5312500000000411 0
-0.0312499999984896 0.5625000000000382 0
-0.03124999999840569 0.5937500000000355 0
-0.03124999999832178 0.6250000000000329 0
-0.03124999999823787 0.65625000000003 0
-0.03124999999815396 0.6875000000000273 0
-0.03124999999807004 0.7187500000000244 0
-0.03124999999798612 0.7500000000000218 0
-0.03124999999790221 0.7812500000000191 0
-0.03124999999781829 0.8125000000000162 0
-0.03124999999773438 0.8437500000000138 0
-0.03124999999765047 0.8750000000000111 0
-0.03124999999756656 0.9062500000000082 0
-0.03124999999748265 0.9375000000000056 0
-0.03124999999739873 0.9687500000000027 0
-2.664299336707643e-12 -0.96875 0
-2.578354196813848e-12 -0.9375 0
-2.492409056920053e-12 -0.90625 0
-2.406463917026258e-12 -0.875 0
-2.320518777132463e-12 -0.84375 0
-2.234573637238668e-12 -0.8125 0
-2.148628497344873e-12 -0.78125 0
-2.062683357451078e-12 -0.75 0
-1.976738217557283e-12 -0.71875 0
-1.890793077663489e-12 -0.6875000000000003 0
-1.804847937769694e-12 -0.6562500000000002 0
-1.718902797875899e-12 -0.6250000000000003 0
-1.632957657982105e-12 -0.5937500000000002 0
-1.54701251808831e-12 -0.5625000000000002 0
-1.461067378194515e-12 -0.5312500000000004 0
-1.37512223830072e-12 -0.5000000000000002 0
-1.289177098406925e-12 -0.4687500000000002 0
-1.20323195851313e-12 -0.4375000000000002 0
-1.117286818619335e-12 -0.4062500000000003 0
-1.03134167872554e-12 -0.3750000000000003 0
-9.45396538831745e-13 -0.3437500000000003 0
-8.594513989379501e-13 -0.3125000000000003 0
-7.735062590441552e-13 -0.2812500000000003 0
-6.875611191503603e-13 -0.2500000000000003 0
-6.016159792565653e-13 -0.2187500000000002 0
-5.156708393627704e-13 -0.1875000000000002 0
-4.297256994689749e-13 -0.1562500000000001 0
-3.437805595751799e-13 -0.1250000000000001 0
-2.57835419681385e-13 -0.09375000000000014 0
-1.718902797875899e-13 -0.0625 0
-8.594513989379493e-14 -0.03125 0
0 0 0
8.594513989379493e-14 0.03125000000000006 0
1.718902797875899e-13 0.06250000000000006 0
2.578354196813848e-13 0.09375000000000011 0
3.437805595751797e-13 0.1250000000000001 0
4.297256994689747e-13 0.1562500000000001 0
5.156708393627696e-13 0.1875000000000002 0
6.016159792565645e-13 0.2187500000000002 0
6.875611191503594e-13 0.2500000000000002 0
7.735062590441544e-13 0.2812500000000002 0
8.594513989379493e-13 0.3125000000000002 0
9.453965388317442e-13 0.3437500000000002 0
1.031341678725539e-12 0.3750000000000002 0
1.117286818619334e-12 0.4062500000000002 0
1.203231958513129e-12 0.4375000000000003 0
1.289177098406924e-12 0.4687500000000003 0
1.375122238300719e-12 0.5000000000000004 0
1.461067378194514e-12 0.5312500000000004 0
1.547012518088309e-12 0.5625000000000004 0
1.632957657982104e-12 0.5937500000000004 0
1.718902797875899e-12 0.6250000000000002 0
1.804847937769694e-12 0.6562500000000002 0
1.890793077663488e-12 0.6875000000000002 0
1.976738217557283e-12 0.71875 0
2.062683357451078e-12 0.75 0
2.148628497344873e-12 0.78125 0
2.234573637238668e-12 0.8125 0
2.320518777132463e-12 0.84375 0
2.406463917026258e-12 0.875 0
2.492409056920053e-12 0.90625 0
2.578354196813848e-12 0.9375 0
2.664299336707643e-12 0.96875 0
0.03124999999739873 -0.9687500000000027 0
0.03124999999748264 -0.9375000000000056 0
0.03124999999756656 -0.9062500000000082 0
0.03124999999765047 -0.8750000000000111 0
0.03124999999773438 -0.8437500000000138 0
0.03124999999781829 -0.8125000000000162 0
0.03124999999790221 -0.7812500000000191 0
0.03124999999798612 -0.7500000000000218 0
0.03124999999807003 -0.7187500000000244 0
0.03124999999815396 -0.6875000000000274 0
0.03124999999823787 -0.65625000000003 0
0.03124999999832177 -0.6250000000000328 0
0.0312499999984057 -0.5937500000000355 0
0.03124999999848961 -0.5625000000000382 0
0.03124999999857353 -0.5312500000000411 0
0.03124999999865744 -0.5000000000000437 0
0.03124999999874135 -0.4687500000000464 0
0.03124999999882527 -0.4375000000000491 0
0.03124999999890918 -0.4062500000000518 0
0.03124999999899308 -0.3750000000000545 0
0.031249999999077 -0.3437500000000571 0
0.03124999999916092 -0.3125000000000598 0
0.03124999999924483 -0.2812500000000625 0
0.03124999999932875 -0.2500000000000653 0
0.03124999999941266 -0.2187500000000678 0
0.03124999999949658 -0.1875000000000706 0
0.03124999999958049 -0.1562500000000733 0
0.0312499999996644 -0.125000000000076 0
0.03124999999974828 -0.09375000000007863 0
0.03124999999983223 -0.06250000000008127 0
0.03124999999991614 -0.03125000000008393 0
0.03125000000000006 -8.593126210598712e-14 0
0.03125000000008396 0.03124999999991612 0
0.03125000000016788 0.06249999999991884 0
0.0312500000002518 0.09374999999992162 0
0.0312500000003357 0.1249999999999243 0
0.03125000000041962 0.156249999999927 0
0.03125000000050354 0.1874999999999298 0
0.03125000000058745 0.2187499999999326 0
0.03125000000067137 0.2499999999999353 0
0.03125000000075528 0.281249999999938 0
0.03125000000083919 0.3124999999999407 0
0.03125000000092311 0.3437499999999434 0
0.03125000000100703 0.3749999999999462 0
0.03125000000109093 0.4062499999999488 0
0.03125000000117485 0.4374999999999516 0
0.03125000000125877 0.4687499999999543 0
0.03125000000134268 0.499999999999957 0
0.03125000000142658 0.5312499999999598 0
0.0312500000015105 0.5624999999999625 0
0.03125000000159442 0.5937499999999651 0
0.03125000000167832 0.6249999999999678 0
0.03125000000176224 0.6562499999999705 0
0.03125000000184616 0.6874999999999731 0
0.03125000000193007 0.7187499999999758 0
0.03125000000201399 0.7499999999999785 0
0.03125000000209791 0.7812499999999811 0
0.03125000000218181 0.8124999999999838 0
0.03125000000226573 0.8437499999999867 0
0.03125000000234965 0.8749999999999893 0
0.03125000000243355 0.906249999999992 0
0.03125000000251747 0.9374999999999947 0
0.03125000000260139 0.9687499999999973 0
0.06249999999748262 -0.9687500000000053 0
0.06249999999756384 -0.9375000000000109 0
0.06249999999764502 -0.9062500000000164 0
0.06249999999772624 -0.8750000000000218 0
0.06249999999780745 -0.8437500000000271 0
0.06249999999788865 -0.8125000000000326 0
0.06249999999796986 -0.781250000000038 0
0.06249999999805107 -0.7500000000000435 0
0.06249999999813229 -0.7187500000000488 0
0.0624999999982135 -0.6875000000000545 0
0.0624999999982947 -0.6562500000000597 0
0.0624999999983759 -0.6250000000000652 0
0.06249999999845712 -0.5937500000000708 0
0.06249999999853834 -0.5625000000000762 0
0.06249999999861953 -0.5312500000000815 0
0.06249999999870073 -0.500000000000087 0
0.06249999999878193 -0.4687500000000924 0
0.06249999999886315 -0.4375000000000979 0
0.06249999999894436 -0.4062500000001031 0
0.06249999999902557 -0.3750000000001086 0
0.06249999999910677 -0.343750000000114 0
0.06249999999918798 -0.3125000000001193 0
0.06249999999926917 -0.2812500000001248 0
0.06249999999935038 -0.2500000000001302 0
0.06249999999943159 -0.2187500000001356 0
0.06249999999951281 -0.187500000000141 0
0.06249999999959398 -0.1562500000001464 0
0.06249999999967519 -0.1250000000001517 0
0.0624999999997564 -0.09375000000015712 0
0.06249999999983763 -0.06250000000016254 0
0.06249999999991884 -0.03125000000016787 0
0.06250000000000006 -1.718625242119742e-13 0
0.06250000000008127 0.03124999999983225 0
0.06250000000016248 0.06249999999983763 0
0.06250000000024367 0.09374999999984313 0
0.06250000000032488 0.1249999999998485 0
0.06250000000040609 0.156249999999854 0
0.06250000000048728 0.1874999999998594 0
0.06250000000056849 0.2187499999998649 0
0.0625000000006497 0.2499999999998703 0
0.06250000000073092 0.2812499999998758 0
0.06250000000081213 0.3124999999998812 0
0.06250000000089334 0.3437499999998865 0
0.06250000000097455 0.374999999999892 0
0.06250000000105577 0.4062499999998974 0
0.06250000000113695 0.4374999999999029 0
0.06250000000121816 0.4687499999999083 0
0.06250000000129938 0.4999999999999137 0
0.06250000000138059 0.5312499999999192 0
0.0625000000014618 0.5624999999999245 0
0.06250000000154299 0.5937499999999298 0
0.0625000000016242 0.6249999999999354 0
0.06250000000170541 0.6562499999999407 0
0.06250000000178663 0.687499999999946 0
0.06250000000186784 0.7187499999999514 0
0.06250000000194905 0.7499999999999569 0
0.06250000000203026 0.7812499999999623 0
0.06250000000211148 0.8124999999999676 0
0.06250000000219266 0.8437499999999729 0
0.06250000000227388 0.8749999999999785 0
0.06250000000235509 0.906249999999984 0
0.06250000000243627 0.9374999999999891 0
0.06250000000251749 0.9687499999999947 0
0.0937499999975665 -0.9687500000000082 0
0.09374999999764499 -0.9375000000000164 0
0.09374999999772352 -0.9062500000000244 0
0.09374999999780201 -0.8750000000000326 0
0.0937499999978805 -0.8437500000000409 0
0.09374999999795901 -0.8125000000000488 0
0.09374999999803753 -0.7812500000000568 0
0.09374999999811603 -0.7500000000000651 0
0.09374999999819453 -0.7187500000000733 0
0.09374999999827306 -0.6875000000000814 0
0.09374999999835154 -0.6562500000000895 0
0.09374999999843002 -0.6250000000000976 0
0.0937499999985086 -0.5937500000001059 0
0.09374999999858709 -0.5625000000001139 0
0.09374999999866557 -0.5312500000001223 0
0.09374999999874405 -0.5000000000001303 0
0.09374999999882259 -0.4687500000001384 0
0.09374999999890107 -0.4375000000001465 0
0.09374999999897954 -0.4062500000001546 0
0.09374999999905809 -0.3750000000001628 0
0.09374999999913658 -0.3437500000001709 0
0.09374999999921507 -0.312500000000179 0
0.09374999999929357 -0.2812500000001871 0
0.09374999999937206 -0.2500000000001952 0
0.09374999999945061 -0.2187500000002033 0
0.0937499999995291 -0.1875000000002114 0
0.09374999999960756 -0.1562500000002194 0
0.09374999999968608 -0.1250000000002275 0
0.09374999999976458 -0.09375000000023562 0
0.09374999999984313 -0.06250000000024369 0
0.09374999999992162 -0.0312500000002518 0
0.09375000000000011 -2.577937863179613e-13 0
0.0937500000000786 0.03124999999974831 0
0.0937500000001571 0.06249999999975642 0
0.09375000000023562 0.09374999999976463 0
0.09375000000031411 0.1249999999997727 0
0.0937500000003926 0.1562499999997808 0
0.09375000000047112 0.1874999999997891 0
0.09375000000054964 0.2187499999997972 0
0.09375000000062814 0.2499999999998054 0
0.09375000000070663 0.2812499999998135 0
0.09375000000078515 0.3124999999998216 0
0.09375000000086364 0.3437499999998297 0
0.09375000000094214 0.3749999999998378 0
0.09375000000102063 0.4062499999998459 0
0.09375000000109918 0.4374999999998541 0
0.09375000000117767 0.4687499999998622 0
0.09375000000125616 0.4999999999998703 0
0.09375000000133465 0.5312499999998785 0
0.09375000000141315 0.5624999999998868 0
0.0937500000014917 0.5937499999998948 0
0.09375000000157019 0.6249999999999027 0
0.09375000000164868 0.6562499999999107 0
0.09375000000172717 0.687499999999919 0
0.09375000000180569 0.7187499999999272 0
0.09375000000188419 0.7499999999999352 0
0.09375000000196268 0.7812499999999432 0
0.0937500000020412 0.8124999999999514 0
0.09375000000211969 0.8437499999999596 0
0.09375000000219819 0.8749999999999676 0
0.09375000000227668 0.9062499999999758 0
0.09375000000235523 0.9374999999999838 0
0.09375000000243372 0.9687499999999918 0
0.1249999999976504 -0.9687500000000109 0
0.1249999999977262 -0.9375000000000218 0
0.124999999997802 -0.9062500000000324 0
0.1249999999978778 -0.8750000000000435 0
0.1249999999979536 -0.8437500000000542 0
0.1249999999980294 -0.8125000000000651 0
0.1249999999981052 -0.7812500000000759 0
0.124999999998181 -0.7500000000000866 0
0.1249999999982568 -0.7187500000000977 0
0.1249999999983326 -0.6875000000001085 0
0.1249999999984084 -0.6562500000001192 0
0.1249999999984842 -0.6250000000001303 0
0.12499999999856 -0.593750000000141 0
0.1249999999986358 -0.5625000000001519 0
0.1249999999987116 -0.5312500000001628 0
0.1249999999987874 -0.5000000000001736 0
0.1249999999988632 -0.4687500000001846 0
0.124999999998939 -0.4375000000001952 0
0.1249999999990147 -0.4062500000002059 0
0.1249999999990906 -0.3750000000002168 0
0.1249999999991664 -0.3437500000002277 0
0.1249999999992421 -0.3125000000002385 0
0.1249999999993179 -0.2812500000002494 0
0.1249999999993938 -0.2500000000002601 0
0.1249999999994695 -0.2187500000002709 0
0.1249999999995453 -0.1875000000002818 0
0.1249999999996211 -0.1562500000002925 0
0.1249999999996969 -0.1250000000003033 0
0.1249999999997727 -0.09375000000031405 0
0.1249999999998485 -0.06250000000032485 0
0.1249999999999243 -0.03125000000033573 0
0.1250000000000001 -3.437250484239485e-13 0
0.1250000000000759 0.03124999999966438 0
0.1250000000001517 0.0624999999996752 0
0.1250000000002275 0.09374999999968608 0
0.1250000000003033 0.1249999999996969 0
0.1250000000003791 0.1562499999997077 0
0.1250000000004549 0.1874999999997187 0
0.1250000000005307 0.2187499999997295 0
0.1250000000006065 0.2499999999997404 0
0.1250000000006823 0.2812499999997512 0
0.1250000000007581 0.3124999999997621 0
0.1250000000008339 0.3437499999997728 0
0.1250000000009097 0.3749999999997837 0
0.1250000000009855 0.4062499999997945 0
0.1250000000010613 0.4374999999998054 0
0.125000000001137 0.4687499999998161 0
0.1250000000012129 0.499999999999827 0
0.1250000000012886 0.5312499999998379 0
0.1250000000013645 0.5624999999998488 0
0.1250000000014402 0.5937499999998597 0
0.1250000000015161 0.6249999999998703 0
0.1250000000015918 0.656249999999881 0
0.1250000000016677 0.6874999999998919 0
0.1250000000017434 0.7187499999999027 0
0.1250000000018192 0.7499999999999134 0
0.125000000001895 0.7812499999999243 0
0.1250000000019709 0.8124999999999352 0
0.1250000000020466 0.8437499999999458 0
0.1250000000021224 0.8749999999999569 0
0.1250000000021982 0.9062499999999676 0
0.125000000002274 0.9374999999999782 0
0.1250000000023498 0.9687499999999891 0
0.1562499999977343 -0.9687500000000135 0
0.1562499999978074 -0.9375000000000271 0
0.1562499999978805 -0.9062500000000409 0
0.1562499999979535 -0.8750000000000542 0
0.1562499999980267 -0.8437500000000677 0
0.1562499999980997 -0.8125000000000813 0
0.1562499999981729 -0.7812500000000948 0
0.1562499999982459 -0.7500000000001084 0
0.156249999998319 -0.7187500000001219 0
0.1562499999983922 -0.6875000000001356 0
0.1562499999984652 -0.656250000000149 0
0.1562499999985383 -0.625000000000163 0
0.1562499999986114 -0.5937500000001763 0
0.1562499999986845 -0.5625000000001898 0
0.1562499999987576 -0.5312500000002036 0
0.1562499999988308 -0.5000000000002169 0
0.1562499999989038 -0.4687500000002305 0
0.1562499999989769 -0.4375000000002441 0
0.1562499999990499 -0.4062500000002574 0
0.156249999999123 -0.3750000000002709 0
0.1562499999991961 -0.3437500000002846 0
0.1562499999992692 -0.3125000000002981 0
0.1562499999993423 -0.2812500000003116 0
0.1562499999994154 -0.2500000000003252 0
0.1562499999994885 -0.2187500000003386 0
0.1562499999995616 -0.1875000000003522 0
0.1562499999996346 -0.1562500000003656 0
0.1562499999997078 -0.125000000000379 0
0.1562499999997809 -0.09375000000039255 0
0.156249999999854 -0.06250000000040612 0
0.1562499999999271 -0.03125000000041966 0
0.1562500000000001 -4.297673328323981e-13 0
0.1562500000000732 0.0312499999995805 0
0.1562500000001463 0.06249999999959399 0
0.1562500000002194 0.09374999999960759 0
0.1562500000002924 0.1249999999996211 0
0.1562500000003656 0.1562499999996346 0
0.1562500000004386 0.1874999999996483 0
0.1562500000005117 0.2187499999996618 0
0.1562500000005849 0.2499999999996754 0
0.1562500000006579 0.2812499999996889 0
0.156250000000731 0.3124999999997025 0
0.1562500000008041 0.343749999999716 0
0.1562500000008772 0.3749999999997295 0
0.1562500000009503 0.4062499999997431 0
0.1562500000010234 0.4374999999997566 0
0.1562500000010965 0.4687499999997702 0
0.1562500000011696 0.4999999999997837 0
0.1562500000012427 0.5312499999997975 0
0.1562500000013157 0.5624999999998108 0
0.1562500000013888 0.5937499999998244 0
0.1562500000014619 0.6249999999998379 0
0.156250000001535 0.6562499999998512 0
0.1562500000016081 0.6874999999998648 0
0.1562500000016812 0.7187499999998783 0
0.1562500000017543 0.7499999999998919 0
0.1562500000018274 0.7812499999999054 0
0.1562500000019005 0.8124999999999187 0
0.1562500000019735 0.8437499999999325 0
0.1562500000020467 0.8749999999999458 0
0.1562500000021197 0.9062499999999596 0
0.1562500000021928 0.9374999999999729 0
0.1562500000022659 0.9687499999999865 0
0.1874999999978184 -0.9687500000000162 0
0.1874999999978888 -0.9375000000000324 0
0.1874999999979592 -0.9062500000000488 0
0.1874999999980296 -0.8750000000000651 0
0.1874999999981 -0.8437500000000813 0
0.1874999999981703 -0.8125000000000975 0
0.1874999999982407 -0.7812500000001137 0
0.1874999999983111 -0.7500000000001301 0
0.1874999999983815 -0.7187500000001463 0
0.1874999999984518 -0.6875000000001623 0
0.1874999999985222 -0.6562500000001787 0
0.1874999999985926 -0.6250000000001954 0
0.187499999998663 -0.5937500000002116 0
0.1874999999987334 -0.5625000000002278 0
0.1874999999988038 -0.531250000000244 0
0.1874999999988741 -0.5000000000002602 0
0.1874999999989445 -0.4687500000002765 0
0.1874999999990149 -0.4375000000002927 0
0.1874999999990853 -0.4062500000003089 0
0.1874999999991557 -0.3750000000003251 0
0.1874999999992261 -0.3437500000003414 0
0.1874999999992965 -0.3125000000003576 0
0.1874999999993668 -0.2812500000003738 0
0.1874999999994371 -0.25000000000039 0
0.1874999999995075 -0.2187500000004062 0
0.1874999999995779 -0.1875000000004224 0
0.1874999999996483 -0.1562500000004386 0
0.1874999999997187 -0.1250000000004548 0
0.1874999999997891 -0.09375000000047115 0
0.1874999999998594 -0.06250000000048728 0
0.1874999999999298 -0.0312500000005036 0
0.1875000000000002 -5.156985949383852e-13 0
0.1875000000000706 0.03124999999949657 0
0.187500000000141 0.06249999999951283 0
0.1875000000002114 0.0937499999995291 0
0.1875000000002818 0.1249999999995454 0
0.1875000000003522 0.1562499999995616 0
0.1875000000004225 0.1874999999995779 0
0.1875000000004929 0.2187499999995942 0
0.1875000000005633 0.2499999999996104 0
0.1875000000006337 0.2812499999996267 0
0.187500000000704 0.312499999999643 0
0.1875000000007744 0.3437499999996592 0
0.1875000000008448 0.3749999999996754 0
0.1875000000009152 0.4062499999996916 0
0.1875000000009855 0.4374999999997079 0
0.1875000000010559 0.4687499999997242 0
0.1875000000011263 0.4999999999997404 0
0.1875000000011967 0.5312499999997566 0
0.1875000000012671 0.5624999999997728 0
0.1875000000013375 0.5937499999997891 0
0.1875000000014079 0.6249999999998055 0
0.1875000000014783 0.6562499999998215 0
0.1875000000015486 0.6874999999998377 0
0.187500000001619 0.7187499999998539 0
0.1875000000016894 0.7499999999998701 0
0.1875000000017598 0.7812499999998863 0
0.1875000000018301 0.8124999999999025 0
0.1875000000019005 0.8437499999999187 0
0.1875000000019709 0.8749999999999352 0
0.1875000000020413 0.9062499999999514 0
0.1875000000021116 0.9374999999999676 0
0.187500000002182 0.9687499999999838 0
0.2187499999979023 -0.9687500000000189 0
0.21874999999797 -0.937500000000038 0
0.2187499999980376 -0.9062500000000568 0
0.2187499999981053 -0.8750000000000759 0
0.218749999998173 -0.8437500000000948 0
0.2187499999982407 -0.8125000000001137 0
0.2187499999983083 -0.7812500000001328 0
0.218749999998376 -0.7500000000001517 0
0.2187499999984437 -0.7187500000001705 0
0.2187499999985114 -0.6875000000001894 0
0.218749999998579 -0.6562500000002084 0
0.2187499999986467 -0.6250000000002278 0
0.2187499999987144 -0.5937500000002467 0
0.2187499999987821 -0.5625000000002656 0
0.2187499999988499 -0.5312500000002847 0
0.2187499999989175 -0.5000000000003035 0
0.2187499999989851 -0.4687500000003227 0
0.2187499999990529 -0.4375000000003416 0
0.2187499999991205 -0.4062500000003604 0
0.2187499999991881 -0.3750000000003794 0
0.2187499999992558 -0.3437500000003982 0
0.2187499999993235 -0.3125000000004171 0
0.2187499999993912 -0.2812500000004362 0
0.2187499999994588 -0.2500000000004551 0
0.2187499999995265 -0.218750000000474 0
0.2187499999995942 -0.1875000000004928 0
0.2187499999996619 -0.1562500000005118 0
0.2187499999997295 -0.1250000000005307 0
0.2187499999997972 -0.09375000000054964 0
0.2187499999998649 -0.06250000000056855 0
0.2187499999999325 -0.03125000000058742 0
0.2187500000000002 -6.016298570443723e-13 0
0.2187500000000679 0.03124999999941264 0
0.2187500000001356 0.06249999999943162 0
0.2187500000002032 0.09374999999945055 0
0.2187500000002709 0.1249999999994695 0
0.2187500000003386 0.1562499999994885 0
0.2187500000004063 0.1874999999995076 0
0.218750000000474 0.2187499999995265 0
0.2187500000005416 0.2499999999995455 0
0.2187500000006093 0.2812499999995645 0
0.218750000000677 0.3124999999995834 0
0.2187500000007446 0.3437499999996023 0
0.2187500000008124 0.3749999999996212 0
0.21875000000088 0.4062499999996402 0
0.2187500000009477 0.4374999999996592 0
0.2187500000010153 0.468749999999678 0
0.218750000001083 0.4999999999996971 0
0.2187500000011507 0.5312499999997162 0
0.2187500000012184 0.5624999999997349 0
0.218750000001286 0.593749999999754 0
0.2187500000013537 0.6249999999997728 0
0.2187500000014214 0.6562499999997917 0
0.2187500000014891 0.6874999999998106 0
0.2187500000015568 0.7187499999998295 0
0.2187500000016244 0.7499999999998486 0
0.2187500000016921 0.7812499999998674 0
0.2187500000017598 0.8124999999998863 0
0.2187500000018274 0.8437499999999054 0
0.2187500000018952 0.8749999999999243 0
0.2187500000019628 0.9062499999999432 0
0.2187500000020305 0.9374999999999623 0
0.2187500000020982 0.9687499999999811 0
0.2499999999979862 -0.9687500000000218 0
0.2499999999980511 -0.9375000000000435 0
0.2499999999981162 -0.9062500000000651 0
0.2499999999981811 -0.8750000000000866 0
0.2499999999982461 -0.8437500000001084 0
0.2499999999983111 -0.8125000000001301 0
0.249999999998376 -0.7812500000001517 0
0.249999999998441 -0.7500000000001734 0
0.2499999999985059 -0.718750000000195 0
0.2499999999985709 -0.6875000000002165 0
0.2499999999986359 -0.6562500000002381 0
0.2499999999987008 -0.62500000000026 0
0.2499999999987659 -0.5937500000002818 0
0.2499999999988308 -0.5625000000003035 0
0.2499999999988958 -0.5312500000003253 0
0.2499999999989608 -0.5000000000003468 0
0.2499999999990258 -0.4687500000003686 0
0.2499999999990907 -0.4375000000003902 0
0.2499999999991557 -0.4062500000004117 0
0.2499999999992206 -0.3750000000004333 0
0.2499999999992856 -0.3437500000004551 0
0.2499999999993506 -0.3125000000004767 0
0.2499999999994155 -0.2812500000004984 0
0.2499999999994805 -0.25000000000052 0
0.2499999999995455 -0.2187500000005417 0
0.2499999999996105 -0.1875000000005632 0
0.2499999999996754 -0.1562500000005848 0
0.2499999999997405 -0.1250000000006065 0
0.2499999999998054 -0.09375000000062814 0
0.2499999999998703 -0.0625000000006497 0
0.2499999999999353 -0.03125000000067135 0
0.2500000000000002 -6.875611191503594e-13 0
0.2500000000000653 0.03124999999932876 0
0.2500000000001302 0.06249999999935041 0
0.2500000000001952 0.09374999999937206 0
0.2500000000002601 0.1249999999993937 0
0.2500000000003252 0.1562499999994154 0
0.2500000000003901 0.1874999999994372 0
0.2500000000004551 0.2187499999994588 0
0.25000000000052 0.2499999999994805 0
0.250000000000585 0.2812499999995022 0
0.2500000000006499 0.3124999999995238 0
0.250000000000715 0.3437499999995455 0
0.2500000000007799 0.3749999999995671 0
0.2500000000008449 0.4062499999995888 0
0.2500000000009099 0.4374999999996104 0
0.2500000000009748 0.4687499999996321 0
0.2500000000010398 0.4999999999996537 0
0.2500000000011048 0.5312499999996754 0
0.2500000000011697 0.5624999999996971 0
0.2500000000012347 0.5937499999997187 0
0.2500000000012996 0.6249999999997404 0
0.2500000000013647 0.656249999999762 0
0.2500000000014296 0.6874999999997837 0
0.2500000000014946 0.718749999999805 0
0.2500000000015596 0.7499999999998268 0
0.2500000000016245 0.7812499999998483 0
0.2500000000016895 0.8124999999998701 0
0.2500000000017545 0.8437499999998916 0
0.2500000000018194 0.8749999999999134 0
0.2500000000018845 0.9062499999999352 0
0.2500000000019494 0.9374999999999567 0
0.2500000000020144 0.9687499999999782 0
0.28124999999807 -0.9687500000000244 0
0.2812499999981324 -0.9375000000000488 0
0.2812499999981946 -0.9062500000000733 0
0.281249999998257 -0.8750000000000977 0
0.2812499999983192 -0.8437500000001219 0
0.2812499999983814 -0.8125000000001463 0
0.2812499999984436 -0.7812500000001705 0
0.2812499999985059 -0.750000000000195 0
0.2812499999985683 -0.7187500000002194 0
0.2812499999986304 -0.6875000000002436 0
0.2812499999986927 -0.6562500000002679 0
0.2812499999987549 -0.6250000000002924 0
0.2812499999988173 -0.5937500000003171 0
0.2812499999988796 -0.5625000000003415 0
0.2812499999989417 -0.5312500000003659 0
0.281249999999004 -0.5000000000003901 0
0.2812499999990662 -0.4687500000004146 0
0.2812499999991285 -0.437500000000439 0
0.2812499999991909 -0.4062500000004632 0
0.2812499999992532 -0.3750000000004874 0
0.2812499999993153 -0.3437500000005119 0
0.2812499999993776 -0.3125000000005363 0
0.2812499999994399 -0.2812500000005607 0
0.2812499999995022 -0.250000000000585 0
0.2812499999995645 -0.2187500000006093 0
0.2812499999996267 -0.1875000000006336 0
0.2812499999996889 -0.1562500000006579 0
0.2812499999997512 -0.1250000000006823 0
0.2812499999998135 -0.09375000000070663 0
0.2812499999998757 -0.06250000000073097 0
0.281249999999938 -0.03125000000075528 0
0.2812500000000002 -7.734923812563466e-13 0
0.2812500000000626 0.03124999999924483 0
0.2812500000001248 0.0624999999992692 0
0.2812500000001871 0.09374999999929357 0
0.2812500000002494 0.1249999999993179 0
0.2812500000003116 0.1562499999993423 0
0.2812500000003738 0.1874999999993668 0
0.2812500000004361 0.2187499999993912 0
0.2812500000004984 0.2499999999994156 0
0.2812500000005607 0.2812499999994399 0
0.2812500000006229 0.3124999999994642 0
0.2812500000006852 0.3437499999994886 0
0.2812500000007474 0.3749999999995129 0
0.2812500000008098 0.4062499999995374 0
0.281250000000872 0.4374999999995617 0
0.2812500000009343 0.4687499999995861 0
0.2812500000009965 0.4999999999996104 0
0.2812500000010588 0.531249999999635 0
0.2812500000011211 0.5624999999996592 0
0.2812500000011833 0.5937499999996836 0
0.2812500000012456 0.6249999999997078 0
0.2812500000013078 0.6562499999997322 0
0.28125000000137 0.6874999999997566 0
0.2812500000014324 0.7187499999997808 0
0.2812500000014946 0.749999999999805 0
0.281250000001557 0.7812499999998295 0
0.2812500000016191 0.8124999999998539 0
0.2812500000016813 0.8437499999998783 0
0.2812500000017437 0.8749999999999027 0
0.2812500000018059 0.9062499999999269 0
0.2812500000018682 0.9374999999999514 0
0.2812500000019305 0.9687499999999756 0
0.3124999999981539 -0.9687500000000271 0
0.3124999999982134 -0.9375000000000542 0
0.3124999999982731 -0.9062500000000813 0
0.3124999999983327 -0.8750000000001084 0
0.3124999999983922 -0.8437500000001354 0
0.3124999999984517 -0.8125000000001625 0
0.3124999999985114 -0.7812500000001896 0
0.312499999998571 -0.7500000000002167 0
0.3124999999986305 -0.7187500000002438 0
0.3124999999986899 -0.6875000000002707 0
0.3124999999987495 -0.6562500000002977 0
0.3124999999988091 -0.6250000000003252 0
0.3124999999988687 -0.5937500000003524 0
0.3124999999989282 -0.5625000000003795 0
0.3124999999989879 -0.5312500000004066 0
0.3124999999990474 -0.5000000000004337 0
0.3124999999991069 -0.4687500000004608 0
0.3124999999991664 -0.4375000000004879 0
0.3124999999992261 -0.4062500000005145 0
0.3124999999992856 -0.3750000000005416 0
0.3124999999993451 -0.3437500000005687 0
0.3124999999994047 -0.3125000000005958 0
0.3124999999994642 -0.2812500000006229 0
0.3124999999995238 -0.25000000000065 0
0.3124999999995833 -0.2187500000006769 0
0.312499999999643 -0.187500000000704 0
0.3124999999997025 -0.1562500000007309 0
0.312499999999762 -0.125000000000758 0
0.3124999999998216 -0.09375000000078512 0
0.3124999999998812 -0.06250000000081213 0
0.3124999999999407 -0.03125000000083922 0
0.3125000000000002 -8.594236433623337e-13 0
0.3125000000000598 0.03124999999916089 0
0.3125000000001195 0.06249999999918798 0
0.312500000000179 0.09374999999921507 0
0.3125000000002385 0.1249999999992422 0
0.3125000000002981 0.1562499999992692 0
0.3125000000003576 0.1874999999992964 0
0.3125000000004171 0.2187499999993235 0
0.3125000000004767 0.2499999999993506 0
0.3125000000005363 0.2812499999993776 0
0.3125000000005959 0.3124999999994047 0
0.3125000000006555 0.3437499999994318 0
0.312500000000715 0.3749999999994589 0
0.3125000000007745 0.406249999999486 0
0.3125000000008341 0.4374999999995129 0
0.3125000000008937 0.46874999999954 0
0.3125000000009532 0.4999999999995671 0
0.3125000000010127 0.5312499999995943 0
0.3125000000010724 0.5624999999996212 0
0.3125000000011319 0.5937499999996483 0
0.3125000000011915 0.6249999999996754 0
0.312500000001251 0.6562499999997025 0
0.3125000000013105 0.6874999999997295 0
0.3125000000013701 0.7187499999997564 0
0.3125000000014297 0.7499999999997835 0
0.3125000000014893 0.7812499999998106 0
0.3125000000015488 0.8124999999998375 0
0.3125000000016083 0.8437499999998648 0
0.3125000000016679 0.8749999999998916 0
0.3125000000017275 0.9062499999999187 0
0.312500000001787 0.9374999999999458 0
0.3125000000018465 0.9687499999999729 0
0.3437499999982379 -0.9687500000000298 0
0.3437499999982947 -0.9375000000000595 0
0.3437499999983516 -0.9062500000000895 0
0.3437499999984084 -0.8750000000001192 0
0.3437499999984653 -0.843750000000149 0
0.3437499999985221 -0.8125000000001787 0
0.3437499999985789 -0.7812500000002085 0
0.3437499999986358 -0.7500000000002385 0
0.3437499999986927 -0.7187500000002682 0
0.3437499999987494 -0.6875000000002978 0
0.3437499999988062 -0.6562500000003274 0
0.3437499999988631 -0.6250000000003578 0
0.34374999999892 -0.5937500000003875 0
0.3437499999989769 -0.5625000000004172 0
0.3437499999990338 -0.531250000000447 0
0.3437499999990907 -0.5000000000004767 0
0.3437499999991474 -0.4687500000005068 0
0.3437499999992044 -0.4375000000005365 0
0.3437499999992611 -0.406250000000566 0
0.343749999999318 -0.3750000000005958 0
0.3437499999993748 -0.3437500000006256 0
0.3437499999994317 -0.3125000000006553 0
0.3437499999994886 -0.2812500000006851 0
0.3437499999995454 -0.250000000000715 0
0.3437499999996023 -0.2187500000007447 0
0.3437499999996592 -0.1875000000007744 0
0.343749999999716 -0.1562500000008041 0
0.3437499999997728 -0.1250000000008339 0
0.3437499999998297 -0.09375000000086361 0
0.3437499999998865 -0.06250000000089329 0
0.3437499999999434 -0.03125000000092315 0
0.3437500000000002 -9.453549054683208e-13 0
0.3437500000000571 0.03124999999907702 0
0.343750000000114 0.06249999999910677 0
0.3437500000001709 0.09374999999913658 0
0.3437500000002277 0.1249999999991663 0
0.3437500000002846 0.1562499999991961 0
0.3437500000003414 0.1874999999992261 0
0.3437500000003982 0.2187499999992558 0
0.3437500000004551 0.2499999999992856 0
0.3437500000005119 0.2812499999993154 0
0.3437500000005688 0.3124999999993452 0
0.3437500000006256 0.3437499999993749 0
0.3437500000006826 0.3749999999994047 0
0.3437500000007394 0.4062499999994345 0
0.3437500000007963 0.4374999999994642 0
0.3437500000008531 0.468749999999494 0
0.3437500000009099 0.4999999999995238 0
0.3437500000009668 0.5312499999995537 0
0.3437500000010236 0.5624999999995834 0
0.3437500000010805 0.5937499999996132 0
0.3437500000011373 0.624999999999643 0
0.3437500000011942 0.6562499999996727 0
0.343750000001251 0.6874999999997025 0
0.3437500000013078 0.7187499999997322 0
0.3437500000013647 0.749999999999762 0
0.3437500000014215 0.7812499999997915 0
0.3437500000014784 0.8124999999998213 0
0.3437500000015352 0.8437499999998512 0
0.3437500000015921 0.874999999999881 0
0.343750000001649 0.9062499999999107 0
0.3437500000017059 0.9374999999999405 0
0.3437500000017627 0.9687499999999702 0
0.3749999999983218 -0.9687500000000324 0
0.374999999998376 -0.9375000000000651 0
0.3749999999984301 -0.9062500000000977 0
0.3749999999984842 -0.8750000000001301 0
0.3749999999985383 -0.8437500000001625 0
0.3749999999985925 -0.812500000000195 0
0.3749999999986465 -0.7812500000002274 0
0.3749999999987008 -0.75000000000026 0
0.3749999999987549 -0.7187500000002924 0
0.3749999999988091 -0.6875000000003249 0
0.3749999999988631 -0.6562500000003576 0
0.3749999999989173 -0.6250000000003902 0
0.3749999999989715 -0.5937500000004228 0
0.3749999999990257 -0.5625000000004552 0
0.3749999999990799 -0.5312500000004878 0
0.374999999999134 -0.5000000000005203 0
0.3749999999991882 -0.4687500000005527 0
0.3749999999992423 -0.4375000000005851 0
0.3749999999992965 -0.4062500000006176 0
0.3749999999993505 -0.37500000000065 0
0.3749999999994047 -0.3437500000006825 0
0.3749999999994588 -0.312500000000715 0
0.3749999999995129 -0.2812500000007475 0
0.3749999999995671 -0.2500000000007799 0
0.3749999999996213 -0.2187500000008124 0
0.3749999999996755 -0.1875000000008448 0
0.3749999999997295 -0.1562500000008772 0
0.3749999999997837 -0.1250000000009097 0
0.3749999999998378 -0.09375000000094211 0
0.374999999999892 -0.06250000000097455 0
0.374999999999946 -0.03125000000100697 0
0.3750000000000002 -1.03139718987677e-12 0
0.3750000000000544 0.03124999999899308 0
0.3750000000001086 0.06249999999902556 0
0.3750000000001628 0.09374999999905809 0
0.3750000000002168 0.1249999999990906 0
0.375000000000271 0.156249999999123 0
0.3750000000003252 0.1874999999991557 0
0.3750000000003794 0.2187499999991881 0
0.3750000000004334 0.2499999999992206 0
0.3750000000004876 0.281249999999253 0
0.3750000000005418 0.3124999999992856 0
0.375000000000596 0.3437499999993181 0
0.37500000000065 0.3749999999993505 0
0.3750000000007041 0.4062499999993829 0
0.3750000000007583 0.4374999999994156 0
0.3750000000008125 0.468749999999448 0
0.3750000000008666 0.4999999999994804 0
0.3750000000009208 0.5312499999995131 0
0.3750000000009749 0.5624999999995455 0
0.3750000000010291 0.5937499999995781 0
0.3750000000010831 0.6249999999996105 0
0.3750000000011373 0.656249999999643 0
0.3750000000011915 0.6874999999996754 0
0.3750000000012457 0.7187499999997078 0
0.3750000000012998 0.7499999999997402 0
0.375000000001354 0.7812499999997726 0
0.375000000001408 0.812499999999805 0
0.3750000000014622 0.8437499999998377 0
0.3750000000015163 0.8749999999998701 0
0.3750000000015705 0.9062499999999027 0
0.3750000000016247 0.9374999999999352 0
0.3750000000016788 0.9687499999999676 0
0.4062499999984057 -0.9687500000000351 0
0.406249999998457 -0.9375000000000706 0
0.4062499999985086 -0.9062500000001057 0
0.40624999999856 -0.8750000000001408 0
0.4062499999986114 -0.8437500000001761 0
0.4062499999986628 -0.8125000000002114 0
0.4062499999987144 -0.7812500000002465 0
0.4062499999987657 -0.7500000000002816 0
0.4062499999988171 -0.7187500000003169 0
0.4062499999988686 -0.6875000000003519 0
0.4062499999989199 -0.6562500000003875 0
0.4062499999989714 -0.6250000000004228 0
0.406249999999023 -0.593750000000458 0
0.4062499999990744 -0.5625000000004932 0
0.4062499999991259 -0.5312500000005282 0
0.4062499999991773 -0.5000000000005635 0
0.4062499999992286 -0.4687500000005989 0
0.4062499999992801 -0.437500000000634 0
0.4062499999993318 -0.4062500000006689 0
0.4062499999993832 -0.3750000000007042 0
0.4062499999994345 -0.3437500000007393 0
0.406249999999486 -0.3125000000007746 0
0.4062499999995374 -0.2812500000008097 0
0.4062499999995888 -0.2500000000008449 0
0.4062499999996402 -0.21875000000088 0
0.4062499999996917 -0.1875000000009152 0
0.4062499999997431 -0.1562500000009503 0
0.4062499999997946 -0.1250000000009854 0
0.4062499999998459 -0.0937500000010206 0
0.4062499999998974 -0.06250000000105571 0
0.4062499999999488 -0.03125000000109091 0
0.4062500000000002 -1.117328451982758e-12 0
0.4062500000000517 0.03124999999890921 0
0.4062500000001031 0.06249999999894434 0
0.4062500000001545 0.09374999999897959 0
0.4062500000002059 0.1249999999990147 0
0.4062500000002575 0.1562499999990499 0
0.406250000000309 0.1874999999990853 0
0.4062500000003604 0.2187499999991205 0
0.4062500000004118 0.2499999999991557 0
0.4062500000004632 0.2812499999991909 0
0.4062500000005147 0.312499999999226 0
0.4062500000005661 0.3437499999992613 0
0.4062500000006176 0.3749999999992963 0
0.406250000000669 0.4062499999993316 0
0.4062500000007205 0.4374999999993667 0
0.4062500000007718 0.468749999999402 0
0.4062500000008233 0.4999999999994371 0
0.4062500000008749 0.5312499999994724 0
0.4062500000009261 0.5624999999995075 0
0.4062500000009777 0.5937499999995428 0
0.4062500000010291 0.6249999999995779 0
0.4062500000010805 0.6562499999996132 0
0.406250000001132 0.6874999999996483 0
0.4062500000011834 0.7187499999996834 0
0.4062500000012348 0.7499999999997184 0
0.4062500000012863 0.7812499999997538 0
0.4062500000013377 0.8124999999997888 0
0.4062500000013891 0.8437499999998241 0
0.4062500000014406 0.8749999999998592 0
0.406250000001492 0.9062499999998945 0
0.4062500000015434 0.9374999999999296 0
0.4062500000015949 0.9687499999999649 0
0.4374999999984897 -0.968750000000038 0
0.4374999999985383 -0.9375000000000759 0
0.437499999998587 -0.9062500000001137 0
0.4374999999986358 -0.8750000000001517 0
0.4374999999986844 -0.8437500000001896 0
0.4374999999987331 -0.8125000000002274 0
0.437499999998782 -0.7812500000002656 0
0.4374999999988308 -0.7500000000003033 0
0.4374999999988795 -0.7187500000003411 0
0.4374999999989281 -0.687500000000379 0
0.4374999999989768 -0.6562500000004172 0
0.4374999999990256 -0.6250000000004552 0
0.4374999999990744 -0.5937500000004933 0
0.4374999999991231 -0.562500000000531 0
0.4374999999991718 -0.5312500000005691 0
0.4374999999992206 -0.500000000000607 0
0.4374999999992693 -0.4687500000006449 0
0.4374999999993179 -0.4375000000006826 0
0.4374999999993668 -0.4062500000007204 0
0.4374999999994156 -0.3750000000007584 0
0.4374999999994643 -0.3437500000007961 0
0.4374999999995131 -0.3125000000008341 0
0.4374999999995618 -0.281250000000872 0
0.4374999999996104 -0.2500000000009098 0
0.4374999999996592 -0.2187500000009477 0
0.4374999999997079 -0.1875000000009856 0
0.4374999999997566 -0.1562500000010234 0
0.4374999999998054 -0.1250000000010613 0
0.4374999999998541 -0.09375000000109909 0
0.4374999999999029 -0.06250000000113698 0
0.4374999999999516 -0.03125000000117484 0
0.4375000000000003 -1.203259714088745e-12 0
0.4375000000000491 0.03124999999882527 0
0.4375000000000978 0.06249999999886313 0
0.4375000000001465 0.09374999999890105 0
0.4375000000001953 0.124999999998939 0
0.437500000000244 0.1562499999989768 0
0.4375000000002927 0.1874999999990149 0
0.4375000000003415 0.2187499999990528 0
0.4375000000003902 0.2499999999990907 0
0.437500000000439 0.2812499999991286 0
0.4375000000004876 0.3124999999991664 0
0.4375000000005365 0.3437499999992044 0
0.4375000000005851 0.3749999999992422 0
0.4375000000006339 0.4062499999992801 0
0.4375000000006826 0.4374999999993181 0
0.4375000000007314 0.468749999999356 0
0.43750000000078 0.4999999999993938 0
0.4375000000008288 0.5312499999994318 0
0.4375000000008775 0.5624999999994698 0
0.4375000000009263 0.5937499999995075 0
0.437500000000975 0.6249999999995455 0
0.4375000000010237 0.6562499999995832 0
0.4375000000010725 0.6874999999996212 0
0.4375000000011212 0.7187499999996589 0
0.43750000000117 0.7499999999996969 0
0.4375000000012188 0.7812499999997347 0
0.4375000000012674 0.8124999999997726 0
0.4375000000013163 0.8437499999998106 0
0.4375000000013649 0.8749999999998486 0
0.4375000000014136 0.9062499999998863 0
0.4375000000014624 0.9374999999999243 0
0.4375000000015111 0.968749999999962 0
0.4687499999985734 -0.9687500000000406 0
0.4687499999986194 -0.9375000000000813 0
0.4687499999986656 -0.9062500000001219 0
0.4687499999987115 -0.8750000000001625 0
0.4687499999987575 -0.8437500000002032 0
0.4687499999988036 -0.8125000000002438 0
0.4687499999988496 -0.7812500000002842 0
0.4687499999988956 -0.7500000000003251 0
0.4687499999989416 -0.7187500000003655 0
0.4687499999989877 -0.6875000000004061 0
0.4687499999990337 -0.656250000000447 0
0.4687499999990798 -0.6250000000004876 0
0.4687499999991258 -0.5937500000005284 0
0.4687499999991717 -0.562500000000569 0
0.4687499999992179 -0.5312500000006096 0
0.4687499999992639 -0.5000000000006503 0
0.4687499999993098 -0.4687500000006908 0
0.468749999999356 -0.4375000000007315 0
0.4687499999994019 -0.4062500000007719 0
0.468749999999448 -0.3750000000008126 0
0.4687499999994941 -0.343750000000853 0
0.46874999999954 -0.3125000000008936 0
0.4687499999995861 -0.2812500000009343 0
0.4687499999996321 -0.2500000000009749 0
0.4687499999996781 -0.2187500000010153 0
0.4687499999997242 -0.187500000001056 0
0.4687499999997702 -0.1562500000010965 0
0.4687499999998161 -0.1250000000011371 0
0.4687499999998622 -0.09375000000117771 0
0.4687499999999083 -0.06250000000121814 0
0.4687499999999544 -0.03125000000125877 0
0.4687500000000003 -1.289190976194732e-12 0
0.4687500000000463 0.03124999999874134 0
0.4687500000000924 0.06249999999878197 0
0.4687500000001384 0.09374999999882255 0
0.4687500000001845 0.1249999999988631 0
0.4687500000002305 0.1562499999989038 0
0.4687500000002766 0.1874999999989445 0
0.4687500000003226 0.2187499999989851 0
0.4687500000003686 0.2499999999990257 0
0.4687500000004146 0.2812499999990663 0
0.4687500000004605 0.3124999999991069 0
0.4687500000005067 0.3437499999991476 0
0.4687500000005527 0.3749999999991881 0
0.4687500000005986 0.4062499999992286 0
0.4687500000006448 0.4374999999992693 0
0.4687500000006908 0.4687499999993099 0
0.4687500000007367 0.4999999999993505 0
0.4687500000007828 0.5312499999993912 0
0.4687500000008288 0.5624999999994318 0
0.4687500000008749 0.5937499999994724 0
0.4687500000009209 0.6249999999995128 0
0.4687500000009669 0.6562499999995535 0
0.468750000001013 0.6874999999995941 0
0.468750000001059 0.7187499999996345 0
0.468750000001105 0.7499999999996751 0
0.4687500000011511 0.7812499999997158 0
0.468750000001197 0.8124999999997564 0
0.4687500000012432 0.8437499999997971 0
0.4687500000012892 0.8749999999998377 0
0.4687500000013352 0.9062499999998783 0
0.4687500000013812 0.9374999999999187 0
0.4687500000014273 0.9687499999999594 0
0.4999999999986573 -0.9687500000000433 0
0.4999999999987006 -0.9375000000000866 0
0.4999999999987439 -0.9062500000001301 0
0.4999999999987872 -0.8750000000001734 0
0.4999999999988307 -0.8437500000002167 0
0.4999999999988739 -0.81250000000026 0
0.4999999999989173 -0.7812500000003033 0
0.4999999999989605 -0.7500000000003466 0
0.4999999999990039 -0.7187500000003899 0
0.4999999999990472 -0.6875000000004332 0
0.4999999999990905 -0.6562500000004767 0
0.4999999999991338 -0.62500000000052 0
0.4999999999991772 -0.5937500000005637 0
0.4999999999992205 -0.562500000000607 0
0.4999999999992639 -0.5312500000006503 0
0.4999999999993072 -0.5000000000006936 0
0.4999999999993505 -0.4687500000007368 0
0.4999999999993938 -0.4375000000007801 0
0.4999999999994371 -0.4062500000008232 0
0.4999999999994804 -0.3750000000008668 0
0.4999999999995238 -0.3437500000009098 0
0.4999999999995671 -0.3125000000009532 0
0.4999999999996104 -0.2812500000009965 0
0.4999999999996537 -0.2500000000010398 0
0.4999999999996971 -0.218750000001083 0
0.4999999999997404 -0.1875000000011263 0
0.4999999999997836 -0.1562500000011695 0
0.499999999999827 -0.1250000000012128 0
0.4999999999998703 -0.09375000000125609 0
0.4999999999999137 -0.06250000000129941 0
0.499999999999957 -0.0312500000013427 0
0.5000000000000004 -1.375122238300719e-12 0
0.5000000000000435 0.03124999999865741 0
0.500000000000087 0.06249999999870071 0
0.5000000000001303 0.09374999999874406 0
0.5000000000001736 0.1249999999987874 0
0.5000000000002169 0.1562499999988307 0
0.5000000000002602 0.1874999999988741 0
0.5000000000003038 0.2187499999989174 0
0.5000000000003468 0.2499999999989607 0
0.5000000000003904 0.281249999999004 0
0.5000000000004334 0.3124999999990473 0
0.500000000000477 0.3437499999990906 0
0.5000000000005203 0.3749999999991339 0
0.5000000000005635 0.4062499999991772 0
0.5000000000006068 0.4374999999992206 0
0.5000000000006501 0.4687499999992639 0
0.5000000000006934 0.4999999999993072 0
0.5000000000007367 0.5312499999993507 0
0.5000000000007803 0.5624999999993938 0
0.5000000000008233 0.5937499999994371 0
0.5000000000008669 0.6249999999994804 0
0.5000000000009102 0.6562499999995237 0
0.5000000000009535 0.687499999999567 0
0.5000000000009968 0.7187499999996103 0
0.5000000000010401 0.7499999999996536 0
0.5000000000010836 0.7812499999996969 0
0.5000000000011267 0.8124999999997402 0
0.5000000000011702 0.8437499999997835 0
0.5000000000012135 0.8749999999998268 0
0.5000000000012568 0.9062499999998701 0
0.5000000000013001 0.9374999999999134 0
0.5000000000013434 0.9687499999999567 0
0.5312499999987412 -0.968750000000046 0
0.5312499999987821 -0.9375000000000921 0
0.5312499999988227 -0.9062500000001381 0
0.5312499999988634 -0.8750000000001843 0
0.5312499999989038 -0.84375000000023 0
0.5312499999989446 -0.8125000000002762 0
0.531249999998985 -0.7812500000003224 0
0.5312499999990257 -0.7500000000003684 0
0.5312499999990663 -0.7187500000004143 0
0.5312499999991069 -0.6875000000004603 0
0.5312499999991476 -0.6562500000005065 0
0.531249999999188 -0.6250000000005527 0
0.5312499999992288 -0.5937500000005987 0
0.5312499999992695 -0.5625000000006447 0
0.5312499999993101 -0.5312500000006909 0
0.5312499999993505 -0.5000000000007369 0
0.5312499999993914 -0.4687500000007828 0
0.5312499999994318 -0.4375000000008289 0
0.5312499999994724 -0.4062500000008747 0
0.5312499999995131 -0.3750000000009207 0
0.5312499999995537 -0.3437500000009667 0
0.5312499999995943 -0.3125000000010127 0
0.531249999999635 -0.2812500000010588 0
0.5312499999996756 -0.2500000000011048 0
0.5312499999997162 -0.2187500000011507 0
0.5312499999997566 -0.1875000000011967 0
0.5312499999997973 -0.1562500000012427 0
0.5312499999998379 -0.1250000000012886 0
0.5312499999998785 -0.0937500000013347 0
0.5312499999999192 -0.06250000000138056 0
0.5312499999999598 -0.03125000000142664 0
0.5312500000000004 -1.461053500406706e-12 0
0.5312500000000411 0.03124999999857353 0
0.5312500000000817 0.06249999999861955 0
0.5312500000001223 0.09374999999866557 0
0.5312500000001628 0.1249999999987116 0
0.5312500000002034 0.1562499999987575 0
0.531250000000244 0.1874999999988037 0
0.5312500000002847 0.2187499999988498 0
0.5312500000003253 0.2499999999988958 0
0.5312500000003659 0.2812499999989417 0
0.5312500000004066 0.3124999999989878 0
0.5312500000004472 0.3437499999990338 0
0.5312500000004876 0.3749999999990798 0
0.5312500000005285 0.4062499999991258 0
0.5312500000005689 0.4374999999991718 0
0.5312500000006097 0.4687499999992178 0
0.5312500000006501 0.4999999999992639 0
0.5312500000006908 0.5312499999993099 0
0.5312500000007314 0.5624999999993561 0
0.531250000000772 0.593749999999402 0
0.5312500000008127 0.624999999999448 0
0.5312500000008533 0.6562499999994937 0
0.531250000000894 0.6874999999995399 0
0.5312500000009344 0.7187499999995859 0
0.531250000000975 0.7499999999996319 0
0.5312500000010156 0.7812499999996778 0
0.5312500000010563 0.8124999999997238 0
0.5312500000010969 0.84374999999977 0
0.5312500000011375 0.8749999999998161 0
0.5312500000011782 0.9062499999998619 0
0.5312500000012186 0.9374999999999081 0
0.5312500000012594 0.968749999999954 0
0.5624999999988252 -0.9687500000000486 0
0.5624999999988634 -0.9375000000000977 0
0.5624999999989011 -0.9062500000001463 0
0.5624999999989388 -0.875000000000195 0
0.562499999998977 -0.8437500000002438 0
0.5624999999990148 -0.8125000000002927 0
0.5624999999990528 -0.7812500000003411 0
0.5624999999990907 -0.7500000000003899 0
0.5624999999991285 -0.7187500000004388 0
0.5624999999991664 -0.6875000000004874 0
0.5624999999992044 -0.6562500000005362 0
0.5624999999992422 -0.6250000000005853 0
0.5624999999992801 -0.593750000000634 0
0.5624999999993181 -0.5625000000006827 0
0.5624999999993561 -0.5312500000007315 0
0.562499999999394 -0.5000000000007802 0
0.5624999999994318 -0.4687500000008289 0
0.5624999999994698 -0.4375000000008776 0
0.5624999999995075 -0.4062500000009263 0
0.5624999999995455 -0.3750000000009749 0
0.5624999999995834 -0.3437500000010235 0
0.5624999999996212 -0.3125000000010724 0
0.5624999999996592 -0.281250000001121 0
0.5624999999996971 -0.2500000000011697 0
0.5624999999997351 -0.2187500000012183 0
0.5624999999997731 -0.1875000000012671 0
0.5624999999998108 -0.1562500000013157 0
0.5624999999998486 -0.1250000000013645 0
0.5624999999998865 -0.09375000000141319 0
0.5624999999999245 -0.06250000000146183 0
0.5624999999999623 -0.03125000000151046 0
0.5625000000000004 -1.546984762512693e-12 0
0.5625000000000382 0.0312499999984896 0
0.5625000000000762 0.06249999999853834 0
0.5625000000001141 0.09374999999858707 0
0.5625000000001519 0.1249999999986358 0
0.5625000000001898 0.1562499999986845 0
0.5625000000002278 0.1874999999987333 0
0.5625000000002656 0.2187499999987821 0
0.5625000000003035 0.2499999999988308 0
0.5625000000003415 0.2812499999988796 0
0.5625000000003795 0.3124999999989282 0
0.5625000000004172 0.3437499999989769 0
0.5625000000004552 0.3749999999990257 0
0.5625000000004932 0.4062499999990744 0
0.5625000000005309 0.4374999999991231 0
0.5625000000005689 0.4687499999991718 0
0.5625000000006068 0.4999999999992205 0
0.5625000000006448 0.5312499999992695 0
0.5625000000006826 0.5624999999993181 0
0.5625000000007205 0.5937499999993667 0
0.5625000000007585 0.6249999999994156 0
0.5625000000007963 0.656249999999464 0
0.5625000000008342 0.6874999999995128 0
0.5625000000008722 0.7187499999995615 0
0.5625000000009099 0.7499999999996101 0
0.5625000000009479 0.7812499999996589 0
0.5625000000009859 0.8124999999997076 0
0.5625000000010236 0.8437499999997564 0
0.5625000000010616 0.874999999999805 0
0.5625000000010996 0.9062499999998539 0
0.5625000000011373 0.9374999999999025 0
0.5625000000011753 0.9687499999999514 0
0.5937499999989091 -0.9687500000000515 0
0.5937499999989444 -0.937500000000103 0
0.5937499999989795 -0.9062500000001545 0
0.5937499999990148 -0.8750000000002058 0
0.5937499999990499 -0.8437500000002571 0
0.5937499999990852 -0.8125000000003086 0
0.5937499999991205 -0.7812500000003602 0
0.5937499999991556 -0.7500000000004117 0
0.5937499999991906 -0.7187500000004632 0
0.5937499999992262 -0.6875000000005145 0
0.5937499999992613 -0.656250000000566 0
0.5937499999992963 -0.6250000000006177 0
0.5937499999993316 -0.5937500000006691 0
0.5937499999993667 -0.5625000000007206 0
0.593749999999402 -0.531250000000772 0
0.5937499999994371 -0.5000000000008237 0
0.5937499999994722 -0.4687500000008749 0
0.5937499999995077 -0.4375000000009262 0
0.5937499999995428 -0.4062500000009778 0
0.5937499999995779 -0.3750000000010291 0
0.5937499999996132 -0.3437500000010804 0
0.5937499999996483 -0.3125000000011319 0
0.5937499999996836 -0.2812500000011833 0
0.5937499999997189 -0.2500000000012347 0
0.593749999999754 -0.2187500000012861 0
0.5937499999997891 -0.1875000000013375 0
0.5937499999998241 -0.1562500000013889 0
0.5937499999998594 -0.1250000000014403 0
0.5937499999998948 -0.09375000000149168 0
0.5937499999999298 -0.06250000000154299 0
0.5937499999999651 -0.03125000000159439 0
0.5937500000000004 -1.63291602461868e-12 0
0.5937500000000355 0.03124999999840572 0
0.5937500000000706 0.06249999999845712 0
0.5937500000001059 0.09374999999850853 0
0.5937500000001412 0.12499999999856 0
0.5937500000001763 0.1562499999986114 0
0.5937500000002116 0.187499999998663 0
0.5937500000002467 0.2187499999987144 0
0.593750000000282 0.2499999999987658 0
0.5937500000003171 0.2812499999988173 0
0.5937500000003524 0.3124999999988687 0
0.5937500000003875 0.3437499999989201 0
0.5937500000004228 0.3749999999989715 0
0.5937500000004579 0.4062499999990229 0
0.5937500000004932 0.4374999999990743 0
0.5937500000005282 0.4687499999991258 0
0.5937500000005635 0.4999999999991772 0
0.5937500000005986 0.5312499999992286 0
0.5937500000006339 0.5624999999992801 0
0.593750000000669 0.5937499999993316 0
0.5937500000007043 0.6249999999993829 0
0.5937500000007394 0.6562499999994342 0
0.5937500000007745 0.6874999999994857 0
0.59375000000081 0.7187499999995373 0
0.5937500000008451 0.7499999999995886 0
0.5937500000008802 0.7812499999996398 0
0.5937500000009155 0.8124999999996914 0
0.5937500000009508 0.8437499999997429 0
0.5937500000009859 0.8749999999997944 0
0.593750000001021 0.9062499999998459 0
0.5937500000010563 0.9374999999998972 0
0.5937500000010916 0.9687499999999485 0
0.624999999998993 -0.9687500000000542 0
0.6249999999990257 -0.9375000000001084 0
0.6249999999990579 -0.9062500000001625 0
0.6249999999990907 -0.8750000000002167 0
0.6249999999991229 -0.8437500000002709 0
0.6249999999991556 -0.8125000000003251 0
0.624999999999188 -0.7812500000003793 0
0.6249999999992204 -0.7500000000004332 0
0.624999999999253 -0.7187500000004874 0
0.6249999999992855 -0.6875000000005416 0
0.6249999999993181 -0.6562500000005957 0
0.6249999999993505 -0.6250000000006501 0
0.6249999999993829 -0.5937500000007042 0
0.6249999999994156 -0.5625000000007584 0
0.624999999999448 -0.5312500000008125 0
0.6249999999994804 -0.5000000000008668 0
0.6249999999995131 -0.4687500000009209 0
0.6249999999995455 -0.4375000000009751 0
0.6249999999995779 -0.4062500000010291 0
0.6249999999996103 -0.3750000000010832 0
0.624999999999643 -0.3437500000011372 0
0.6249999999996754 -0.3125000000011915 0
0.624999999999708 -0.2812500000012456 0
0.6249999999997404 -0.2500000000012997 0
0.6249999999997728 -0.2187500000013537 0
0.6249999999998053 -0.1875000000014078 0
0.6249999999998379 -0.1562500000014619 0
0.6249999999998703 -0.1250000000015161 0
0.6249999999999027 -0.09375000000157017 0
0.6249999999999352 -0.06250000000162426 0
0.6249999999999676 -0.03125000000167832 0
0.6250000000000002 -1.718847286724667e-12 0
0.6250000000000329 0.03124999999832179 0
0.6250000000000653 0.06249999999837591 0
0.6250000000000977 0.09374999999843003 0
0.6250000000001301 0.1249999999984842 0
0.6250000000001628 0.1562499999985383 0
0.6250000000001952 0.1874999999985926 0
0.6250000000002278 0.2187499999986467 0
0.6250000000002602 0.2499999999987009 0
0.6250000000002927 0.281249999998755 0
0.6250000000003251 0.3124999999988091 0
0.6250000000003577 0.3437499999988632 0
0.6250000000003901 0.3749999999989174 0
0.6250000000004228 0.4062499999989715 0
0.6250000000004552 0.4374999999990257 0
0.6250000000004876 0.4687499999990797 0
0.62500000000052 0.4999999999991339 0
0.6250000000005527 0.5312499999991882 0
0.6250000000005851 0.5624999999992424 0
0.6250000000006175 0.5937499999992963 0
0.6250000000006501 0.6249999999993503 0
0.6250000000006826 0.6562499999994045 0
0.625000000000715 0.6874999999994587 0
0.6250000000007476 0.7187499999995128 0
0.62500000000078 0.749999999999567 0
0.6250000000008125 0.781249999999621 0
0.6250000000008451 0.8124999999996751 0
0.6250000000008775 0.8437499999997293 0
0.6250000000009099 0.8749999999997835 0
0.6250000000009424 0.9062499999998377 0
0.6250000000009748 0.9374999999998916 0
0.6250000000010076 0.9687499999999458 0
0.656249999999077 -0.9687500000000568 0
0.6562499999991067 -0.9375000000001137 0
0.6562499999991365 -0.9062500000001705 0
0.6562499999991662 -0.8750000000002274 0
0.656249999999196 -0.8437500000002842 0
0.656249999999226 -0.8125000000003411 0
0.6562499999992555 -0.7812500000003979 0
0.6562499999992855 -0.750000000000455 0
0.6562499999993152 -0.7187500000005118 0
0.6562499999993452 -0.6875000000005687 0
0.6562499999993747 -0.6562500000006255 0
0.6562499999994045 -0.6250000000006826 0
0.6562499999994346 -0.5937500000007397 0
0.6562499999994641 -0.5625000000007966 0
0.6562499999994942 -0.5312500000008533 0
0.6562499999995236 -0.5000000000009103 0
0.6562499999995536 -0.4687500000009671 0
0.6562499999995832 -0.437500000001024 0
0.656249999999613 -0.4062500000010806 0
0.6562499999996427 -0.3750000000011372 0
0.6562499999996725 -0.343750000001194 0
0.6562499999997022 -0.312500000001251 0
0.6562499999997322 -0.2812500000013078 0
0.656249999999762 -0.2500000000013647 0
0.6562499999997917 -0.2187500000014214 0
0.6562499999998215 -0.1875000000014783 0
0.6562499999998512 -0.156250000001535 0
0.656249999999881 -0.1250000000015918 0
0.6562499999999107 -0.09375000000164867 0
0.6562499999999405 -0.06250000000170541 0
0.6562499999999705 -0.03125000000176226 0
0.6562500000000002 -1.804889571133117e-12 0
0.65625000000003 0.03124999999823785 0
0.6562500000000597 0.0624999999982947 0
0.6562500000000897 0.09374999999835154 0
0.6562500000001195 0.1249999999984084 0
0.6562500000001492 0.1562499999984652 0
0.656250000000179 0.1874999999985222 0
0.6562500000002087 0.218749999998579 0
0.6562500000002385 0.2499999999986359 0
0.6562500000002682 0.2812499999986927 0
0.656250000000298 0.3124999999987496 0
0.6562500000003277 0.3437499999988064 0
0.6562500000003575 0.3749999999988632 0
0.6562500000003872 0.4062499999989201 0
0.656250000000417 0.4374999999989769 0
0.656250000000447 0.4687499999990338 0
0.6562500000004767 0.4999999999990905 0
0.6562500000005065 0.5312499999991476 0
0.6562500000005365 0.5624999999992042 0
0.6562500000005662 0.593749999999261 0
0.656250000000596 0.6249999999993179 0
0.6562500000006257 0.6562499999993747 0
0.6562500000006555 0.6874999999994316 0
0.6562500000006852 0.7187499999994884 0
0.656250000000715 0.7499999999995453 0
0.6562500000007447 0.7812499999996021 0
0.6562500000007745 0.8124999999996589 0
0.6562500000008042 0.8437499999997158 0
0.656250000000834 0.8749999999997726 0
0.656250000000864 0.9062499999998295 0
0.6562500000008937 0.9374999999998863 0
0.6562500000009235 0.9687499999999432 0
0.6874999999991609 -0.9687500000000595 0
0.687499999999188 -0.937500000000119 0
0.6874999999992151 -0.9062500000001787 0
0.6874999999992422 -0.8750000000002383 0
0.6874999999992693 -0.8437500000002978 0
0.6874999999992961 -0.8125000000003575 0
0.6874999999993234 -0.781250000000417 0
0.6874999999993503 -0.7500000000004765 0
0.6874999999993776 -0.718750000000536 0
0.6874999999994045 -0.6875000000005957 0
0.6874999999994316 -0.6562500000006553 0
0.6874999999994587 -0.625000000000715 0
0.6874999999994856 -0.5937500000007748 0
0.6874999999995127 -0.5625000000008343 0
0.6874999999995399 -0.5312500000008937 0
0.6874999999995669 -0.5000000000009536 0
0.687499999999594 -0.4687500000010131 0
0.6874999999996211 -0.4375000000010726 0
0.6874999999996483 -0.4062500000011319 0
0.6874999999996751 -0.3750000000011914 0
0.6874999999997022 -0.3437500000012509 0
0.6874999999997293 -0.3125000000013106 0
0.6874999999997564 -0.2812500000013701 0
0.6874999999997835 -0.2500000000014296 0
0.6874999999998106 -0.2187500000014891 0
0.6874999999998377 -0.1875000000015487 0
0.6874999999998648 -0.156250000001608 0
0.6874999999998919 -0.1250000000016677 0
0.687499999999919 -0.09375000000172716 0
0.687499999999946 -0.06250000000178657 0
0.6874999999999729 -0.03125000000184619 0
0.6875000000000002 -1.890820833239104e-12 0
0.6875000000000271 0.03124999999815398 0
0.6875000000000544 0.06249999999821348 0
0.6875000000000813 0.09374999999827305 0
0.6875000000001084 0.1249999999983326 0
0.6875000000001354 0.1562499999983921 0
0.6875000000001625 0.1874999999984518 0
0.6875000000001896 0.2187499999985114 0
0.6875000000002167 0.2499999999985709 0
0.6875000000002438 0.2812499999986304 0
0.6875000000002709 0.3124999999986899 0
0.687500000000298 0.3437499999987496 0
0.6875000000003251 0.3749999999988091 0
0.6875000000003522 0.4062499999988686 0
0.6875000000003793 0.4374999999989282 0
0.6875000000004063 0.4687499999989877 0
0.6875000000004334 0.4999999999990472 0
0.6875000000004605 0.5312499999991069 0
0.6875000000004876 0.5624999999991664 0
0.6875000000005147 0.593749999999226 0
0.6875000000005418 0.6249999999992855 0
0.6875000000005689 0.656249999999345 0
0.6875000000005957 0.6874999999994045 0
0.6875000000006228 0.718749999999464 0
0.6875000000006499 0.7499999999995235 0
0.687500000000677 0.781249999999583 0
0.6875000000007039 0.8124999999996427 0
0.687500000000731 0.8437499999997025 0
0.6875000000007581 0.874999999999762 0
0.6875000000007851 0.9062499999998215 0
0.6875000000008122 0.937499999999881 0
0.6875000000008393 0.9687499999999405 0
0.7187499999992448 -0.9687500000000622 0
0.718749999999269 -0.9375000000001246 0
0.7187499999992935 -0.906250000000187 0
0.7187499999993177 -0.8750000000002491 0
0.7187499999993423 -0.8437500000003113 0
0.7187499999993665 -0.8125000000003737 0
0.7187499999993909 -0.7812500000004361 0
0.7187499999994154 -0.7500000000004983 0
0.7187499999994396 -0.7187500000005604 0
0.718749999999464 -0.6875000000006228 0
0.7187499999994884 -0.656250000000685 0
0.7187499999995128 -0.6250000000007478 0
0.7187499999995371 -0.5937500000008099 0
0.7187499999995616 -0.5625000000008721 0
0.7187499999995857 -0.5312500000009346 0
0.7187499999996104 -0.5000000000009969 0
0.7187499999996344 -0.468750000001059 0
0.7187499999996588 -0.4375000000011212 0
0.7187499999996834 -0.4062500000011834 0
0.7187499999997076 -0.3750000000012456 0
0.7187499999997322 -0.343750000001308 0
0.7187499999997564 -0.3125000000013701 0
0.7187499999997808 -0.2812500000014323 0
0.7187499999998053 -0.2500000000014946 0
0.7187499999998295 -0.2187500000015568 0
0.7187499999998539 -0.187500000001619 0
0.7187499999998783 -0.1562500000016812 0
0.7187499999999025 -0.1250000000017435 0
0.7187499999999269 -0.09375000000180565 0
0.7187499999999514 -0.06250000000186784 0
0.7187499999999758 -0.03125000000193001 0
0.71875 -1.976752095345091e-12 0
0.7187500000000244 0.03124999999807004 0
0.7187500000000488 0.06249999999813227 0
0.7187500000000733 0.09374999999819456 0
0.7187500000000977 0.1249999999982568 0
0.7187500000001221 0.156249999998319 0
0.7187500000001463 0.1874999999983815 0
0.7187500000001705 0.2187499999984437 0
0.718750000000195 0.249999999998506 0
0.7187500000002194 0.2812499999985683 0
0.7187500000002438 0.3124999999986304 0
0.7187500000002682 0.3437499999986926 0
0.7187500000002927 0.374999999998755 0
0.7187500000003169 0.4062499999988172 0
0.7187500000003411 0.4374999999988795 0
0.7187500000003655 0.4687499999989416 0
0.7187500000003899 0.4999999999990039 0
0.7187500000004143 0.5312499999990663 0
0.7187500000004388 0.5624999999991287 0
0.7187500000004632 0.5937499999991909 0
0.7187500000004876 0.624999999999253 0
0.7187500000005118 0.6562499999993152 0
0.718750000000536 0.6874999999993774 0
0.7187500000005604 0.7187499999994396 0
0.7187500000005849 0.749999999999502 0
0.7187500000006093 0.7812499999995641 0
0.7187500000006337 0.8124999999996263 0
0.7187500000006579 0.8437499999996887 0
0.7187500000006823 0.8749999999997511 0
0.7187500000007068 0.9062499999998133 0
0.718750000000731 0.9374999999998754 0
0.7187500000007554 0.9687499999999378 0
0.7499999999993288 -0.9687500000000648 0
0.7499999999993501 -0.9375000000001301 0
0.7499999999993721 -0.906250000000195 0
0.7499999999993936 -0.87500000000026 0
0.7499999999994154 -0.8437500000003249 0
0.7499999999994371 -0.8125000000003899 0
0.7499999999994584 -0.7812500000004547 0
0.7499999999994802 -0.75000000000052 0
0.749999999999502 -0.7187500000005849 0
0.7499999999995235 -0.6875000000006499 0
0.7499999999995453 -0.6562500000007148 0
0.7499999999995668 -0.6250000000007803 0
0.7499999999995887 -0.5937500000008452 0
0.74999999999961 -0.5625000000009103 0
0.7499999999996319 -0.531250000000975 0
0.7499999999996535 -0.5000000000010402 0
0.7499999999996753 -0.4687500000011052 0
0.749999999999697 -0.4375000000011701 0
0.7499999999997184 -0.4062500000012349 0
0.74999999999974 -0.3750000000012997 0
0.749999999999762 -0.3437500000013648 0
0.7499999999997835 -0.3125000000014296 0
0.749999999999805 -0.2812500000014947 0
0.7499999999998268 -0.2500000000015595 0
0.7499999999998483 -0.2187500000016244 0
0.7499999999998701 -0.1875000000016894 0
0.7499999999998919 -0.1562500000017543 0
0.7499999999999134 -0.1250000000018192 0
0.7499999999999352 -0.09375000000188416 0
0.7499999999999569 -0.062500000001949 0
0.7499999999999785 -0.03125000000201394 0
0.7500000000000002 -2.062683357451078e-12 0
0.7500000000000218 0.03124999999798611 0
0.7500000000000435 0.06249999999805106 0
0.7500000000000651 0.09374999999811606 0
0.7500000000000866 0.124999999998181 0
0.7500000000001084 0.156249999998246 0
0.7500000000001301 0.1874999999983111 0
0.7500000000001519 0.218749999998376 0
0.7500000000001734 0.249999999998441 0
0.750000000000195 0.2812499999985059 0
0.7500000000002167 0.3124999999985709 0
0.7500000000002385 0.3437499999986358 0
0.7500000000002602 0.3749999999987008 0
0.7500000000002816 0.4062499999987657 0
0.7500000000003033 0.4374999999988307 0
0.7500000000003251 0.4687499999988957 0
0.7500000000003468 0.4999999999989606 0
0.7500000000003684 0.5312499999990257 0
0.7500000000003899 0.5624999999990905 0
0.7500000000004117 0.5937499999991556 0
0.7500000000004334 0.6249999999992206 0
0.750000000000455 0.6562499999992855 0
0.7500000000004765 0.6874999999993503 0
0.7500000000004983 0.7187499999994154 0
0.75000000000052 0.7499999999994802 0
0.7500000000005416 0.7812499999995453 0
0.7500000000005633 0.8124999999996101 0
0.7500000000005849 0.8437499999996754 0
0.7500000000006066 0.8749999999997402 0
0.7500000000006282 0.906249999999805 0
0.7500000000006499 0.9374999999998701 0
0.7500000000006715 0.9687499999999352 0
0.7812499999994127 -0.9687500000000677 0
0.7812499999994313 -0.9375000000001354 0
0.7812499999994504 -0.9062500000002032 0
0.7812499999994695 -0.8750000000002709 0
0.7812499999994882 -0.8437500000003384 0
0.7812499999995073 -0.8125000000004063 0
0.7812499999995264 -0.7812500000004738 0
0.781249999999545 -0.7500000000005416 0
0.7812499999995641 -0.7187500000006093 0
0.781249999999583 -0.687500000000677 0
0.7812499999996021 -0.6562500000007445 0
0.7812499999996212 -0.6250000000008127 0
0.7812499999996397 -0.5937500000008805 0
0.7812499999996588 -0.562500000000948 0
0.781249999999678 -0.5312500000010159 0
0.7812499999996966 -0.5000000000010835 0
0.7812499999997157 -0.4687500000011512 0
0.7812499999997349 -0.4375000000012189 0
0.7812499999997535 -0.4062500000012862 0
0.7812499999997726 -0.3750000000013539 0
0.7812499999997917 -0.3437500000014216 0
0.7812499999998104 -0.3125000000014891 0
0.7812499999998295 -0.2812500000015569 0
0.7812499999998486 -0.2500000000016246 0
0.7812499999998672 -0.2187500000016921 0
0.7812499999998863 -0.1875000000017598 0
0.7812499999999052 -0.1562500000018274 0
0.7812499999999243 -0.125000000001895 0
0.7812499999999432 -0.09375000000196265 0
0.7812499999999623 -0.06250000000203026 0
0.7812499999999811 -0.03125000000209788 0
0.78125 -2.148614619557065e-12 0
0.7812500000000191 0.03124999999790223 0
0.781250000000038 0.06249999999796985 0
0.7812500000000568 0.09374999999803757 0
0.7812500000000759 0.1249999999981052 0
0.7812500000000948 0.1562499999981728 0
0.7812500000001137 0.1874999999982407 0
0.7812500000001328 0.2187499999983084 0
0.7812500000001517 0.249999999998376 0
0.7812500000001705 0.2812499999984437 0
0.7812500000001896 0.3124999999985114 0
0.7812500000002085 0.3437499999985789 0
0.7812500000002274 0.3749999999986466 0
0.7812500000002465 0.4062499999987144 0
0.7812500000002656 0.437499999998782 0
0.7812500000002842 0.4687499999988496 0
0.7812500000003033 0.4999999999989173 0
0.7812500000003224 0.5312499999989853 0
0.7812500000003411 0.5624999999990528 0
0.7812500000003602 0.5937499999991203 0
0.7812500000003793 0.624999999999188 0
0.7812500000003979 0.6562499999992557 0
0.781250000000417 0.6874999999993232 0
0.7812500000004361 0.7187499999993909 0
0.7812500000004547 0.7499999999994587 0
0.7812500000004738 0.7812499999995262 0
0.7812500000004929 0.8124999999995939 0
0.7812500000005116 0.8437499999996618 0
0.7812500000005307 0.8749999999997293 0
0.7812500000005498 0.9062499999997971 0
0.7812500000005684 0.9374999999998648 0
0.7812500000005875 0.9687499999999323 0
0.8124999999994966 -0.9687500000000704 0
0.8124999999995126 -0.9375000000001408 0
0.8124999999995288 -0.9062500000002114 0
0.8124999999995453 -0.8750000000002816 0
0.8124999999995615 -0.8437500000003519 0
0.8124999999995774 -0.8125000000004223 0
0.8124999999995939 -0.7812500000004929 0
0.8124999999996101 -0.7500000000005633 0
0.8124999999996263 -0.7187500000006337 0
0.8124999999996425 -0.6875000000007041 0
0.8124999999996589 -0.6562500000007743 0
0.8124999999996749 -0.6250000000008451 0
0.8124999999996915 -0.5937500000009156 0
0.8124999999997077 -0.562500000000986 0
0.8124999999997238 -0.5312500000010563 0
0.8124999999997401 -0.500000000001127 0
0.8124999999997563 -0.4687500000011972 0
0.8124999999997726 -0.4375000000012675 0
0.8124999999997888 -0.4062500000013377 0
0.812499999999805 -0.3750000000014081 0
0.8124999999998215 -0.3437500000014785 0
0.8124999999998375 -0.3125000000015489 0
0.8124999999998537 -0.2812500000016191 0
0.8124999999998703 -0.2500000000016895 0
0.8124999999998863 -0.2187500000017598 0
0.8124999999999025 -0.1875000000018302 0
0.8124999999999187 -0.1562500000019005 0
0.8124999999999349 -0.1250000000019709 0
0.8124999999999514 -0.09375000000204126 0
0.8124999999999676 -0.06250000000211142 0
0.8124999999999838 -0.03125000000218181 0
0.8125000000000002 -2.234545881663053e-12 0
0.8125000000000162 0.0312499999978183 0
0.8125000000000326 0.06249999999788869 0
0.8125000000000488 0.09374999999795902 0
0.8125000000000651 0.1249999999980294 0
0.8125000000000813 0.1562499999980997 0
0.8125000000000975 0.1874999999981703 0
0.8125000000001139 0.2187499999982407 0
0.8125000000001301 0.249999999998311 0
0.8125000000001463 0.2812499999983813 0
0.8125000000001625 0.3124999999984517 0
0.8125000000001787 0.3437499999985221 0
0.812500000000195 0.3749999999985925 0
0.8125000000002114 0.4062499999986628 0
0.8125000000002276 0.4374999999987332 0
0.8125000000002438 0.4687499999988036 0
0.81250000000026 0.499999999998874 0
0.8125000000002762 0.5312499999989444 0
0.8125000000002927 0.5624999999990148 0
0.8125000000003086 0.5937499999990852 0
0.8125000000003251 0.6249999999991556 0
0.8125000000003411 0.656249999999226 0
0.8125000000003575 0.6874999999992961 0
0.8125000000003737 0.7187499999993665 0
0.8125000000003899 0.7499999999994369 0
0.8125000000004063 0.7812499999995073 0
0.8125000000004223 0.8124999999995777 0
0.8125000000004388 0.8437499999996483 0
0.8125000000004547 0.8749999999997184 0
0.8125000000004712 0.9062499999997888 0
0.8125000000004876 0.9374999999998592 0
0.8125000000005036 0.9687499999999296 0
0.8437499999995803 -0.9687500000000731 0
0.8437499999995941 -0.9375000000001461 0
0.8437499999996076 -0.9062500000002194 0
0.8437499999996212 -0.8750000000002924 0
0.8437499999996345 -0.8437500000003655 0
0.8437499999996483 -0.8125000000004388 0
0.8437499999996618 -0.7812500000005116 0
0.8437499999996754 -0.7500000000005849 0
0.8437499999996887 -0.7187500000006579 0
0.8437499999997025 -0.6875000000007312 0
0.843749999999716 -0.656250000000804 0
0.8437499999997293 -0.6250000000008775 0
0.8437499999997431 -0.5937500000009506 0
0.8437499999997566 -0.5625000000010238 0
0.84374999999977 -0.5312500000010969 0
0.8437499999997835 -0.50000000000117 0
0.8437499999997973 -0.4687500000012433 0
0.8437499999998108 -0.4375000000013163 0
0.8437499999998244 -0.4062500000013892 0
0.8437499999998377 -0.3750000000014623 0
0.8437499999998512 -0.3437500000015353 0
0.8437499999998646 -0.3125000000016084 0
0.8437499999998783 -0.2812500000016814 0
0.8437499999998919 -0.2500000000017545 0
0.8437499999999054 -0.2187500000018274 0
0.8437499999999187 -0.1875000000019005 0
0.8437499999999325 -0.1562500000019735 0
0.8437499999999458 -0.1250000000020466 0
0.8437499999999596 -0.09375000000211975 0
0.8437499999999729 -0.06250000000219269 0
0.8437499999999865 -0.03125000000226574 0
0.84375 -2.32047714376904e-12 0
0.8437500000000138 0.03124999999773437 0
0.8437500000000271 0.06249999999780748 0
0.8437500000000406 0.09374999999788053 0
0.8437500000000542 0.1249999999979536 0
0.8437500000000677 0.1562499999980267 0
0.8437500000000813 0.1874999999981 0
0.8437500000000948 0.218749999998173 0
0.8437500000001084 0.2499999999982461 0
0.8437500000001219 0.2812499999983191 0
0.8437500000001354 0.3124999999983922 0
0.843750000000149 0.3437499999984652 0
0.8437500000001625 0.3749999999985383 0
0.8437500000001761 0.4062499999986113 0
0.8437500000001896 0.4374999999986844 0
0.8437500000002032 0.4687499999987575 0
0.8437500000002165 0.4999999999988306 0
0.84375000000023 0.531249999998904 0
0.8437500000002438 0.5624999999989768 0
0.8437500000002571 0.5937499999990501 0
0.8437500000002707 0.6249999999991229 0
0.8437500000002842 0.6562499999991962 0
0.8437500000002978 0.6874999999992693 0
0.8437500000003113 0.7187499999993423 0
0.8437500000003249 0.7499999999994154 0
0.8437500000003384 0.7812499999994884 0
0.8437500000003519 0.8124999999995615 0
0.8437500000003655 0.8437499999996347 0
0.843750000000379 0.8749999999997078 0
0.8437500000003926 0.9062499999997808 0
0.8437500000004061 0.9374999999998539 0
0.8437500000004197 0.9687499999999269 0
0.8749999999996643 -0.9687500000000757 0
0.8749999999996754 -0.9375000000001517 0
0.874999999999686 -0.9062500000002276 0
0.8749999999996969 -0.8750000000003033 0
0.8749999999997078 -0.843750000000379 0
0.8749999999997184 -0.8125000000004547 0
0.8749999999997293 -0.7812500000005307 0
0.8749999999997402 -0.7500000000006066 0
0.8749999999997511 -0.7187500000006823 0
0.874999999999762 -0.6875000000007581 0
0.8749999999997726 -0.6562500000008342 0
0.8749999999997835 -0.6250000000009102 0
0.8749999999997944 -0.5937500000009859 0
0.8749999999998053 -0.5625000000010616 0
0.8749999999998159 -0.5312500000011375 0
0.874999999999827 -0.5000000000012135 0
0.8749999999998377 -0.4687500000012892 0
0.8749999999998486 -0.437500000001365 0
0.8749999999998594 -0.4062500000014405 0
0.8749999999998701 -0.3750000000015165 0
0.874999999999881 -0.3437500000015922 0
0.8749999999998916 -0.3125000000016679 0
0.8749999999999027 -0.2812500000017436 0
0.8749999999999136 -0.2500000000018194 0
0.8749999999999243 -0.2187500000018952 0
0.8749999999999352 -0.1875000000019709 0
0.8749999999999458 -0.1562500000020466 0
0.8749999999999567 -0.1250000000021224 0
0.8749999999999676 -0.09375000000219824 0
0.8749999999999785 -0.06250000000227385 0
0.8749999999999893 -0.03125000000234968 0
0.875 -2.406519428177489e-12 0
0.8750000000000109 0.03124999999765049 0
0.8750000000000218 0.06249999999772626 0
0.8750000000000326 0.09374999999780204 0
0.8750000000000435 0.1249999999978778 0
0.8750000000000542 0.1562499999979535 0
0.8750000000000651 0.1874999999980296 0
0.8750000000000757 0.2187499999981053 0
0.8750000000000866 0.2499999999981811 0
0.8750000000000977 0.2812499999982569 0
0.8750000000001084 0.3124999999983327 0
0.8750000000001192 0.3437499999984084 0
0.8750000000001299 0.3749999999984841 0
0.8750000000001408 0.40624999999856 0
0.8750000000001517 0.4374999999986358 0
0.8750000000001625 0.4687499999987115 0
0.8750000000001734 0.4999999999987872 0
0.8750000000001841 0.5312499999988631 0
0.875000000000195 0.5624999999989391 0
0.8750000000002058 0.5937499999990148 0
0.8750000000002167 0.6249999999990905 0
0.8750000000002274 0.6562499999991664 0
0.8750000000002383 0.6874999999992422 0
0.8750000000002491 0.7187499999993179 0
0.87500000000026 0.7499999999993936 0
0.8750000000002709 0.7812499999994693 0
0.8750000000002816 0.8124999999995453 0
0.8750000000002924 0.8437499999996212 0
0.8750000000003033 0.8749999999996969 0
0.8750000000003142 0.9062499999997726 0
0.8750000000003249 0.9374999999998486 0
0.8750000000003357 0.9687499999999243 0
0.9062499999997482 -0.9687500000000784 0
0.9062499999997562 -0.9375000000001572 0
0.9062499999997646 -0.9062500000002356 0
0.9062499999997726 -0.8750000000003142 0
0.9062499999997808 -0.8437500000003926 0
0.9062499999997891 -0.8125000000004712 0
0.9062499999997971 -0.7812500000005498 0
0.906249999999805 -0.7500000000006282 0
0.906249999999813 -0.7187500000007068 0
0.9062499999998217 -0.6875000000007851 0
0.9062499999998297 -0.656250000000864 0
0.9062499999998377 -0.6250000000009426 0
0.9062499999998457 -0.5937500000010212 0
0.9062499999998539 -0.5625000000010996 0
0.9062499999998621 -0.5312500000011779 0
0.9062499999998703 -0.5000000000012566 0
0.9062499999998783 -0.4687500000013352 0
0.9062499999998865 -0.4375000000014138 0
0.9062499999998945 -0.406250000001492 0
0.9062499999999027 -0.3750000000015706 0
0.9062499999999107 -0.343750000001649 0
0.9062499999999187 -0.3125000000017274 0
0.9062499999999269 -0.281250000001806 0
0.9062499999999352 -0.2500000000018844 0
0.9062499999999434 -0.2187500000019628 0
0.9062499999999514 -0.1875000000020413 0
0.9062499999999596 -0.1562500000021197 0
0.9062499999999676 -0.1250000000021982 0
0.9062499999999756 -0.09375000000227673 0
0.9062499999999838 -0.06250000000235512 0
0.906249999999992 -0.03125000000243361 0
0.90625 -2.492450690283476e-12 0
0.9062500000000082 0.03124999999756656 0
0.9062500000000164 0.06249999999764505 0
0.9062500000000244 0.09374999999772349 0
0.9062500000000324 0.124999999997802 0
0.9062500000000406 0.1562499999978805 0
0.9062500000000488 0.1874999999979592 0
0.9062500000000568 0.2187499999980377 0
0.9062500000000651 0.2499999999981162 0
0.9062500000000733 0.2812499999981946 0
0.9062500000000813 0.3124999999982732 0
0.9062500000000895 0.3437499999983515 0
0.9062500000000975 0.37499999999843 0
0.9062500000001057 0.4062499999985085 0
0.9062500000001137 0.437499999998587 0
0.9062500000001219 0.4687499999986655 0
0.9062500000001301 0.4999999999987439 0
0.9062500000001381 0.5312499999988227 0
0.9062500000001463 0.5624999999989011 0
0.9062500000001543 0.5937499999989795 0
0.9062500000001625 0.6249999999990581 0
0.9062500000001705 0.6562499999991365 0
0.9062500000001787 0.6874999999992151 0
0.906250000000187 0.7187499999992935 0
0.906250000000195 0.7499999999993721 0
0.9062500000002032 0.7812499999994504 0
0.9062500000002114 0.8124999999995288 0
0.9062500000002194 0.8437499999996076 0
0.9062500000002276 0.874999999999686 0
0.9062500000002356 0.9062499999997646 0
0.9062500000002438 0.937499999999843 0
0.9062500000002518 0.9687499999999216 0
0.9374999999998321 -0.9687500000000813 0
0.9374999999998375 -0.9375000000001625 0
0.9374999999998428 -0.9062500000002438 0
0.9374999999998486 -0.8750000000003249 0
0.9374999999998539 -0.8437500000004061 0
0.9374999999998592 -0.8125000000004876 0
0.9374999999998648 -0.7812500000005684 0
0.9374999999998701 -0.7500000000006499 0
0.9374999999998757 -0.718750000000731 0
0.937499999999881 -0.6875000000008122 0
0.9374999999998863 -0.6562500000008937 0
0.9374999999998916 -0.625000000000975 0
0.9374999999998974 -0.5937500000010563 0
0.9374999999999027 -0.5625000000011375 0
0.9374999999999081 -0.5312500000012188 0
0.9374999999999134 -0.5000000000013001 0
0.937499999999919 -0.4687500000013814 0
0.9374999999999243 -0.4375000000014624 0
0.9374999999999296 -0.4062500000015435 0
0.9374999999999352 -0.3750000000016246 0
0.9374999999999405 -0.3437500000017059 0
0.9374999999999458 -0.312500000001787 0
0.9374999999999514 -0.2812500000018682 0
0.9374999999999567 -0.2500000000019494 0
0.9374999999999623 -0.2187500000020305 0
0.9374999999999676 -0.1875000000021116 0
0.9374999999999729 -0.1562500000021928 0
0.9374999999999782 -0.125000000002274 0
0.937499999999984 -0.09375000000235523 0
0.9374999999999893 -0.06250000000243627 0
0.9374999999999947 -0.03125000000251743 0
0.9375 -2.578381952389464e-12 0
0.9375000000000053 0.03124999999748262 0
0.9375000000000109 0.06249999999756384 0
0.9375000000000162 0.09374999999764499 0
0.9375000000000218 0.1249999999977262 0
0.9375000000000271 0.1562499999978074 0
0.9375000000000324 0.1874999999978888 0
0.9375000000000377 0.21874999999797 0
0.9375000000000435 0.2499999999980511 0
0.9375000000000488 0.2812499999981324 0
0.9375000000000542 0.3124999999982135 0
0.9375000000000595 0.3437499999982947 0
0.9375000000000648 0.374999999998376 0
0.9375000000000704 0.406249999998457 0
0.9375000000000757 0.4374999999985383 0
0.9375000000000813 0.4687499999986194 0
0.9375000000000866 0.4999999999987006 0
0.9375000000000919 0.5312499999987821 0
0.9375000000000975 0.5624999999988631 0
0.937500000000103 0.5937499999989444 0
0.9375000000001084 0.6249999999990257 0
0.9375000000001137 0.6562499999991067 0
0.937500000000119 0.687499999999188 0
0.9375000000001243 0.718749999999269 0
0.9375000000001299 0.7499999999993503 0
0.9375000000001354 0.7812499999994316 0
0.9375000000001408 0.8124999999995126 0
0.9375000000001461 0.8437499999995941 0
0.9375000000001514 0.8749999999996754 0
0.9375000000001572 0.9062499999997564 0
0.9375000000001625 0.9374999999998377 0
0.9375000000001679 0.9687499999999187 0
0.9687499999999161 -0.9687500000000839 0
0.9687499999999187 -0.9375000000001679 0
0.9687499999999214 -0.9062500000002518 0
0.9687499999999241 -0.8750000000003357 0
0.9687499999999267 -0.8437500000004197 0
0.9687499999999294 -0.8125000000005036 0
0.9687499999999323 -0.7812500000005875 0
0.9687499999999352 -0.7500000000006715 0
0.9687499999999378 -0.7187500000007554 0
0.9687499999999407 -0.6875000000008393 0
0.9687499999999432 -0.6562500000009235 0
0.9687499999999458 -0.6250000000010076 0
0.9687499999999485 -0.5937500000010913 0
0.9687499999999514 -0.5625000000011753 0
0.9687499999999538 -0.5312500000012592 0
0.9687499999999567 -0.5000000000013434 0
0.9687499999999594 -0.4687500000014271 0
0.968749999999962 -0.4375000000015111 0
0.9687499999999647 -0.4062500000015951 0
0.9687499999999676 -0.3750000000016788 0
0.9687499999999702 -0.3437500000017627 0
0.9687499999999729 -0.3125000000018466 0
0.9687499999999756 -0.2812500000019305 0
0.9687499999999782 -0.2500000000020143 0
0.9687499999999811 -0.2187500000020982 0
0.9687499999999838 -0.187500000002182 0
0.9687499999999862 -0.156250000002266 0
0.9687499999999889 -0.1250000000023498 0
0.9687499999999916 -0.09375000000243372 0
0.9687499999999947 -0.06250000000251754 0
0.9687499999999973 -0.03125000000260136 0
0.96875 -2.664313214495451e-12 0
0.9687500000000027 0.03124999999739875 0
0.9687500000000053 0.06249999999748262 0
0.968750000000008 0.0937499999975665 0
0.9687500000000111 0.1249999999976504 0
0.9687500000000138 0.1562499999977343 0
0.9687500000000164 0.1874999999978184 0
0.9687500000000191 0.2187499999979023 0
0.9687500000000218 0.2499999999979862 0
0.9687500000000244 0.2812499999980701 0
0.9687500000000271 0.3124999999981539 0
0.9687500000000298 0.3437499999982379 0
0.9687500000000324 0.3749999999983218 0
0.9687500000000351 0.4062499999984056 0
0.9687500000000377 0.4374999999984895 0
0.9687500000000404 0.4687499999985734 0
0.9687500000000431 0.4999999999986573 0
0.9687500000000462 0.5312499999987415 0
0.9687500000000488 0.5624999999988254 0
0.9687500000000515 0.5937499999989093 0
0.9687500000000542 0.624999999998993 0
0.9687500000000568 0.656249999999077 0
0.9687500000000595 0.6874999999991609 0
0.9687500000000622 0.7187499999992448 0
0.9687500000000648 0.7499999999993288 0
0.9687500000000675 0.7812499999994125 0
0.9687500000000702 0.8124999999994964 0
0.9687500000000733 0.8437499999995806 0
0.9687500000000759 0.8749999999996645 0
0.9687500000000786 0.9062499999997484 0
0.9687500000000813 0.9374999999998321 0
0.9687500000000839 0.9687499999999161 0
$EndNodes
$Elements
9 4356 1 4356
0 1 15 1
1 1 
0 2 15 1
2 2 
0 3 15 1
3 3 
0 4 15 1
4 4 
1 1 1 64
5 1 5 
6 5 6 
7 6 7 
8 7 8 
9 8 9 
10 9 10 
11 10 11 
12 11 12 
13 12 13 
14 13 14 
15 14 15 
16 15 16 
17 16 17 
18 17 18 
19 18 19 
20 19 20 
21 20 21 
22 21 22 
23 22 23 
24 23 24 
25 24 25 
26 25 26 
27 26 27 
28 27 28 
29 28 29 
30 29 30 
31 30 31 
32 31 32 
33 32 33 
34 33 34 
35 34 35 
36 35 36 
37 36 37 
38 37 38 
39 38 39 
40 39 40 
41 40 41 
42 41 42 
43 42 43 
44 43 44 
45 44 45 
46 45 46 
47 46 47 
48 47 48 
49 48 49 
50 49 50 
51 50 51 
52 51 52 
53 52 53 
54 53 54 
55 54 55 
56 55 56 
57 56 57 
58 57 58 
59 58 59 
60 59 60 
61 60 61 
62 61 62 
63 62 63 
64 63 64 
65 64 65 
66 65 66 
67 66 67 
68 67 2 
1 2 1 64
69 2 68 
70 68 69 
71 69 70 
72 70 71 
73 71 72 
74 72 73 
75 73 74 
76 74 75 
77 75 76 
78 76 77 
79 77 78 
80 78 79 
81 79 80 
82 80 81 
83 81 82 
84 82 83 
85 83 84 
86 84 85 
87 85 86 
88 86 87 
89 87 88 
90 88 89 
91 89 90 
92 90 91 
93 91 92 
94 92 93 
95 93 94 
96 94 95 
97 95 96 
98 96 97 
99 97 98 
100 98 99 
101 99 100 
102 100 101 
103 101 102 
104 102 103 
105 103 104 
106 104 105 
107 105 106 
108 106 107 
109 107 108 
110 108 109 
111 109 110 
112 110 111 
113 111 112 
114 112 113 
115 113 114 
116 114 115 
117 115 116 
118 116 117 
119 117 118 
120 118 119 
121 119 120 
122 120 121 
123 121 122 
124 122 123 
125 123 124 
126 124 125 
127 125 126 
128 126 127 
129 127 128 
130 128 129 
131 129 130 
132 130 3 
1 3 1 64
133 3 131 
134 131 132 
135 132 133 
136 133 134 
137 134 135 
138 135 136 
139 136 137 
140 137 138 
141 138 139 
142 139 140 
143 140 141 
144 141 142 
145 142 143 
146 143 144 
147 144 145 
148 145 146 
149 146 147 
150 147 148 
151 148 149 
152 149 150 
153 150 151 
154 151 152 
155 152 153 
156 153 154 
157 154 155 
158 155 156 
159 156 157 
160 157 158 
161 158 159 
162 159 160 
163 160 161 
164 161 162 
165 162 163 
166 163 164 
167 164 165 
168 165 166 
169 166 167 
170 167 168 
171 168 169 
172 169 170 
173 170 171 
174 171 172 
175 172 173 
176 173 174 
177 174 175 
178 175 176 
179 176 177 
180 177 178 
181 178 179 
182 179 180 
183 180 181 
184 181 182 
185 182 183 
186 183 184 
187 184 185 
188 185 186 
189 186 187 
190 187 188 
191 188 189 
192 189 190 
193 190 191 
194 191 192 
195 192 193 
196 193 4 
1 4 1 64
197 4 194 
198 194 195 
199 195 196 
200 196 197 
201 197 198 
202 198 199 
203 199 200 
204 200 201 
205 201 202 
206 202 203 
207 203 204 
208 204 205 
209 205 206 
210 206 207 
211 207 208 
212 208 209 
213 209 210 
214 210 211 
215 211 212 
216 212 213 
217 213 214 
218 214 215 
219 215 216 
220 216 217 
221 217 218 
222 218 219 
223 219 220 
224 220 221 
225 221 222 
226 222 223 
227 223 224 
228 224 225 
229 225 226 
230 226 227 
231 227 228 
232 228 229 
233 229 230 
234 230 231 
235 231 232 
236 232 233 
237 233 234 
238 234 235 
239 235 236 
240 236 237 
241 237 238 
242 238 239 
243 239 240 
244 240 241 
245 241 242 
246 242 243 
247 243 244 
248 244 245 
249 245 246 
250 246 247 
251 247 248 
252 248 249 
253 249 250 
254 250 251 
255 251 252 
256 252 253 
257 253 254 
258 254 255 
259 255 256 
260 256 1 
2 1 3 4096
261 1 5 257 256 
262 256 257 258 255 
263 255 258 259 254 
264 254 259 260 253 
265 253 260 261 252 
266 252 261 262 251 
267 251 262 263 250 
268 250 263 264 249 
269 249 264 265 248 
270 248 265 266 247 
271 247 266 267 246 
272 246 267 268 245 
273 245 268 269 244 
274 244 269 270 243 
275 243 270 271 242 
276 242 271 272 241 
277 241 272 273 240 
278 240 273 274 239 
279 239 274 275 238 
280 238 275 276 237 
281 237 276 277 236 
282 236 277 278 235 
283 235 278 279 234 
284 234 279 280 233 
285 233 280 281 232 
286 232 281 282 231 
287 231 282 283 230 
288 230 283 284 229 
289 229 284 285 228 
290 228 285 286 227 
291 227 286 287 226 
292 226 287 288 225 
293 225 288 289 224 
294 224 289 290 223 
295 223 290 291 222 
296 222 291 292 221 
297 221 292 293 220 
298 220 293 294 219 
299 219 294 295 218 
300 218 295 296 217 
301 217 296 297 216 
302 216 297 298 215 
303 215 298 299 214 
304 214 299 300 213 
305 213 300 301 212 
306 212 301 302 211 
307 211 302 303 210 
308 210 303 304 209 
309 209 304 305 208 
310 208 305 306 207 
311 207 306 307 206 
312 206 307 308 205 
313 205 308 309 204 
314 204 309 310 203 
315 203 310 311 202 
316 202 311 312 201 
317 201 312 313 200 
318 200 313 314 199 
319 199 314 315 198 
320 198 315 316 197 
321 197 316 317 196 
322 196 317 318 195 
323 195 318 319 194 
324 194 319 193 4 
325 5 6 320 257 
326 257 320 321 258 
327 258 321 322 259 
328 259 322 323 260 
329 260 323 324 261 
330 261 324 325 262 
331 262 325 326 263 
332 263 326 327 264 
333 264 327 328 265 
334 265 328 329 266 
335 266 329 330 267 
336 267 330 331 268 
337 268 331 332 269 
338 269 332 333 270 
339 270 333 334 271 
340 271 334 335 272 
341 272 335 336 273 
342 273 336 337 274 
343 274 337 338 275 
344 275 338 339 276 
345 276 339 340 277 
346 277 340 341 278 
347 278 341 342 279 
348 279 342 343 280 
349 280 343 344 281 
350 281 344 345 282 
351 282 345 346 283 
352 283 346 347 284 
353 284 347 348 285 
354 285 348 349 286 
355 286 349 350 287 
356 287 350 351 288 
357 288 351 352 289 
358 289 352 353 290 
359 290 353 354 291 
360 291 354 355 292 
361 292 355 356 293 
362 293 356 357 294 
363 294 357 358 295 
364 295 358 359 296 
365 296 359 360 297 
366 297 360 361 298 
367 298 361 362 299 
368 299 362 363 300 
369 300 363 364 301 
370 301 364 365 302 
371 302 365 366 303 
372 303 366 367 304 
373 304 367 368 305 
374 305 368 369 306 
375 306 369 370 307 
376 307 370 371 308 
377 308 371 372 309 
378 309 372 373 310 
379 310 373 374 311 
380 311 374 375 312 
381 312 375 376 313 
382 313 376 377 314 
383 314 377 378 315 
384 315 378 379 316 
385 316 379 380 317 
386 317 380 381 318 
387 318 381 382 319 
388 319 382 192 193 
389 6 7 383 320 
390 320 383 384 321 
391 321 384 385 322 
392 322 385 386 323 
393 323 386 387 324 
394 324 387 388 325 
395 325 388 389 326 
396 326 389 390 327 
397 327 390 391 328 
398 328 391 392 329 
399 329 392 393 330 
400 330 393 394 331 
401 331 394 395 332 
402 332 395 396 333 
403 333 396 397 334 
404 334 397 398 335 
405 335 398 399 336 
406 336 399 400 337 
407 337 400 401 338 
408 338 401 402 339 
409 339 402 403 340 
410 340 403 404 341 
411 341 404 405 342 
412 342 405 406 343 
413 343 406 407 344 
414 344 407 408 345 
415 345 408 409 346 
416 346 409 410 347 
417 347 410 411 348 
418 348 411 412 349 
419 349 412 413 350 
420 350 413 414 351 
421 351 414 415 352 
422 352 415 416 353 
423 353 416 417 354 
424 354 417 418 355 
425 355 418 419 356 
426 356 419 420 357 
427 357 420 421 358 
428 358 421 422 359 
429 359 422 423 360 
430 360 423 424 361 
431 361 424 425 362 
432 362 425 426 363 
433 363 426 427 364 
434 364 427 428 365 
435 365 428 429 366 
436 366 429 430 367 
437 367 430 431 368 
438 368 431 432 369 
439 369 432 433 370 
440 370 433 434 371 
441 371 434 435 372 
442 372 435 436 373 
443 373 436 437 374 
444 374 437 438 375 
445 375 438 439 376 
446 376 439 440 377 
447 377 440 441 378 
448 378 441 442 379 
449 379 442 443 380 
450 380 443 444 381 
451 381 444 445 382 
452 382 445 191 192 
453 7 8 446 383 
454 383 446 447 384 
455 384 447 448 385 
456 385 448 449 386 
457 386 449 450 387 
458 387 450 451 388 
459 388 451 452 389 
460 389 452 453 390 
461 390 453 454 391 
462 391 454 455 392 
463 392 455 456 393 
464 393 456 457 394 
465 394 457 458 395 
466 395 458 459 396 
467 396 459 460 397 
468 397 460 461 398 
469 398 461 462 399 
470 399 462 463 400 
471 400 463 464 401 
472 401 464 465 402 
473 402 465 466 403 
474 403 466 467 404 
475 404 467 468 405 
476 405 468 469 406 
477 406 469 470 407 
478 407 470 471 408 
479 408 471 472 409 
480 409 472 473 410 
481 410 473 474 411 
482 411 474 475 412 
483 412 475 476 413 
484 413 476 477 414 
485 414 477 478 415 
486 415 478 479 416 
487 416 479 480 417 
488 417 480 481 418 
489 418 481 482 419 
490 419 482 483 420 
491 420 483 484 421 
492 421 484 485 422 
493 422 485 486 423 
494 423 486 487 424 
495 424 487 488 425 
496 425 488 489 426 
497 426 489 490 427 
498 427 490 491 428 
499 428 491 492 429 
500 429 492 493 430 
501 430 493 494 431 
502 431 494 495 432 
503 432 495 496 433 
504 433 496 497 434 
505 434 497 498 435 
506 435 498 499 436 
507 436 499 500 437 
508 437 500 501 438 
509 438 501 502 439 
510 439 502 503 440 
511 440 503 504 441 
512 441 504 505 442 
513 442 505 506 443 
514 443 506 507 444 
515 444 507 508 445 
516 445 508 190 191 
517 8 9 509 446 
518 446 509 510 447 
519 447 510 511 448 
520 448 511 512 449 
521 449 512 513 450 
522 450 513 514 451 
523 451 514 515 452 
524 452 515 516 453 
525 453 516 517 454 
526 454 517 518 455 
527 455 518 519 456 
528 456 519 520 457 
529 457 520 521 458 
530 458 521 522 459 
531 459 522 523 460 
532 460 523 524 461 
533 461 524 525 462 
534 462 525 526 463 
535 463 526 527 464 
536 464 527 528 465 
537 465 528 529 466 
538 466 529 530 467 
539 467 530 531 468 
540 468 531 532 469 
541 469 532 533 470 
542 470 533 534 471 
543 471 534 535 472 
544 472 535 536 473 
545 473 536 537 474 
546 474 537 538 475 
547 475 538 539 476 
548 476 539 540 477 
549 477 540 541 478 
550 478 541 542 479 
551 479 542 543 480 
552 480 543 544 481 
553 481 544 545 482 
554 482 545 546 483 
555 483 546 547 484 
556 484 547 548 485 
557 485 548 549 486 
558 486 549 550 487 
559 487 550 551 488 
560 488 551 552 489 
561 489 552 553 490 
562 490 553 554 491 
563 491 554 555 492 
564 492 555 556 493 
565 493 556 557 494 
566 494 557 558 495 
567 495 558 559 496 
568 496 559 560 497 
569 497 560 561 498 
570 498 561 562 499 
571 499 562 563 500 
572 500 563 564 501 
573 501 564 565 502 
574 502 565 566 503 
575 503 566 567 504 
576 504 567 568 505 
577 505 568 569 506 
578 506 569 570 507 
579 507 570 571 508 
580 508 571 189 190 
581 9 10 572 509 
582 509 572 573 510 
583 510 573 574 511 
584 511 574 575 512 
585 512 575 576 513 
586 513 576 577 514 
587 514 577 578 515 
588 515 578 579 516 
589 516 579 580 517 
590 517 580 581 518 
591 518 581 582 519 
592 519 582 583 520 
593 520 583 584 521 
594 521 584 585 522 
595 522 585 586 523 
596 523 586 587 524 
597 524 587 588 525 
598 525 588 589 526 
599 526 589 590 527 
600 527 590 591 528 
601 528 591 592 529 
602 529 592 593 530 
603 530 593 594 531 
604 531 594 595 532 
605 532 595 596 533 
606 533 596 597 534 
607 534 597 598 535 
608 535 598 599 536 
609 536 599 600 537 
610 537 600 601 538 
611 538 601 602 539 
612 539 602 603 540 
613 540 603 604 541 
614 541 604 605 542 
615 542 605 606 543 
616 543 606 607 544 
617 544 607 608 545 
618 545 608 609 546 
619 546 609 610 547 
620 547 610 611 548 
621 548 611 612 549 
622 549 612 613 550 
623 550 613 614 551 
624 551 614 615 552 
625 552 615 616 553 
626 553 616 617 554 
627 554 617 618 555 
628 555 618 619 556 
629 556 619 620 557 
630 557 620 621 558 
631 558 621 622 559 
632 559 622 623 560 
633 560 623 624 561 
634 561 624 625 562 
635 562 625 626 563 
636 563 626 627 564 
637 564 627 628 565 
638 565 628 629 566 
639 566 629 630 567 
640 567 630 631 568 
641 568 631 632 569 
642 569 632 633 570 
643 570 633 634 571 
644 571 634 188 189 
645 10 11 635 572 
646 572 635 636 573 
647 573 636 637 574 
648 574 637 638 575 
649 575 638 639 576 
650 576 639 640 577 
651 577 640 641 578 
652 578 641 642 579 
653 579 642 643 580 
654 580 643 644 581 
655 581 644 645 582 
656 582 645 646 583 
657 583 646 647 584 
658 584 647 648 585 
659 585 648 649 586 
660 586 649 650 587 
661 587 650 651 588 
662 588 651 652 589 
663 589 652 653 590 
664 590 653 654 591 
665 591 654 655 592 
666 592 655 656 593 
667 593 656 657 594 
668 594 657 658 595 
669 595 658 659 596 
670 596 659 660 597 
671 597 660 661 598 
672 598 661 662 599 
673 599 662 663 600 
674 600 663 664 601 
675 601 664 665 602 
676 602 665 666 603 
677 603 666 667 604 
678 604 667 668 605 
679 605 668 669 606 
680 606 669 670 607 
681 607 670 671 608 
682 608 671 672 609 
683 609 672 673 610 
684 610 673 674 611 
685 611 674 675 612 
686 612 675 676 613 
687 613 676 677 614 
688 614 677 678 615 
689 615 678 679 616 
690 616 679 680 617 
691 617 680 681 618 
692 618 681 682 619 
693 619 682 683 620 
694 620 683 684 621 
695 621 684 685 622 
696 622 685 686 623 
697 623 686 687 624 
698 624 687 688 625 
699 625 688 689 626 
700 626 689 690 627 
701 627 690 691 628 
702 628 691 692 629 
703 629 692 693 630 
704 630 693 694 631 
705 631 694 695 632 
706 632 695 696 633 
707 633 696 697 634 
708 634 697 187 188 
709 11 12 698 635 
710 635 698 699 636 
711 636 699 700 637 
712 637 700 701 638 
713 638 701 702 639 
714 639 702 703 640 
715 640 703 704 641 
716 641 704 705 642 
717 642 705 706 643 
718 643 706 707 644 
719 644 707 708 645 
720 645 708 709 646 
721 646 709 710 647 
722 647 710 711 648 
723 648 711 712 649 
724 649 712 713 650 
725 650 713 714 651 
726 651 714 715 652 
727 652 715 716 653 
728 653 716 717 654 
729 654 717 718 655 
730 655 718 719 656 
731 656 719 720 657 
732 657 720 721 658 
733 658 721 722 659 
734 659 722 723 660 
735 660 723 724 661 
736 661 724 725 662 
737 662 725 726 663 
738 663 726 727 664 
739 664 727 728 665 
740 665 728 729 666 
741 666 729 730 667 
742 667 730 731 668 
743 668 731 732 669 
744 669 732 733 670 
745 670 733 734 671 
746 671 734 735 672 
747 672 735 736 673 
748 673 736 737 674 
749 674 737 738 675 
750 675 738 739 676 
751 676 739 740 677 
752 677 740 741 678 
753 678 741 742 679 
754 679 742 743 680 
755 680 743 744 681 
756 681 744 745 682 
757 682 745 746 683 
758 683 746 747 684 
759 684 747 748 685 
760 685 748 749 686 
761 686 749 750 687 
762 687 750 751 688 
763 688 751 752 689 
764 689 752 753 690 
765 690 753 754 691 
766 691 754 755 692 
767 692 755 756 693 
768 693 756 757 694 
769 694 757 758 695 
770 695 758 759 696 
771 696 759 760 697 
772 697 760 186 187 
773 12 13 761 698 
774 698 761 762 699 
775 699 762 763 700 
776 700 763 764 701 
777 701 764 765 702 
778 702 765 766 703 
779 703 766 767 704 
780 704 767 768 705 
781 705 768 769 706 
782 706 769 770 707 
783 707 770 771 708 
784 708 771 772 709 
785 709 772 773 710 
786 710 773 774 711 
787 711 774 775 712 
788 712 775 776 713 
789 713 776 777 714 
790 714 777 778 715 
791 715 778 779 716 
792 716 779 780 717 
793 717 780 781 718 
794 718 781 782 719 
795 719 782 783 720 
796 720 783 784 721 
797 721 784 785 722 
798 722 785 786 723 
799 723 786 787 724 
800 724 787 788 725 
801 725 788 789 726 
802 726 789 790 727 
803 727 790 791 728 
804 728 791 792 729 
805 729 792 793 730 
806 730 793 794 731 
807 731 794 795 732 
808 732 795 796 733 
809 733 796 797 734 
810 734 797 798 735 
811 735 798 799 736 
812 736 799 800 737 
813 737 800 801 738 
814 738 801 802 739 
815 739 802 803 740 
816 740 803 804 741 
817 741 804 805 742 
818 742 805 806 743 
819 743 806 807 744 
820 744 807 808 745 
821 745 808 809 746 
822 746 809 810 747 
823 747 810 811 748 
824 748 811 812 749 
825 749 812 813 750 
826 750 813 814 751 
827 751 814 815 752 
828 752 815 816 753 
829 753 816 817 754 
830 754 817 818 755 
831 755 818 819 756 
832 756 819 820 757 
833 757 820 821 758 
834 758 821 822 759 
835 759 822 823 760 
836 760 823 185 186 
837 13 14 824 761 
838 761 824 825 762 
839 762 825 826 763 
840 763 826 827 764 
841 764 827 828 765 
842 765 828 829 766 
843 766 829 830 767 
844 767 830 831 768 
845 768 831 832 769 
846 769 832 833 770 
847 770 833 834 771 
848 771 834 835 772 
849 772 835 836 773 
850 773 836 837 774 
851 774 837 838 775 
852 775 838 839 776 
853 776 839 840 777 
854 777 840 841 778 
855 778 841 842 779 
856 779 842 843 780 
857 780 843 844 781 
858 781 844 845 782 
859 782 845 846 783 
860 783 846 847 784 
861 784 847 848 785 
862 785 848 849 786 
863 786 849 850 787 
864 787 850 851 788 
865 788 851 852 789 
866 789 852 853 790 
867 790 853 854 791 
868 791 854 855 792 
869 792 855 856 793 
870 793 856 857 794 
871 794 857 858 795 
872 795 858 859 796 
873 796 859 860 797 
874 797 860 861 798 
875 798 861 862 799 
876 799 862 863 800 
877 800 863 864 801 
878 801 864 865 802 
879 802 865 866 803 
880 803 866 867 804 
881 804 867 868 805 
882 805 868 869 806 
883 806 869 870 807 
884 807 870 871 808 
885 808 871 872 809 
886 809 872 873 810 
887 810 873 874 811 
888 811 874 875 812 
889 812 875 876 813 
890 813 876 877 814 
891 814 877 878 815 
892 815 878 879 816 
893 816 879 880 817 
894 817 880 881 818 
895 818 881 882 819 
896 819 882 883 820 
897 820 883 884 821 
898 821 884 885 822 
899 822 885 886 823 
900 823 886 184 185 
901 14 15 887 824 
902 824 887 888 825 
903 825 888 889 826 
904 826 889 890 827 
905 827 890 891 828 
906 828 891 892 829 
907 829 892 893 830 
908 830 893 894 831 
909 831 894 895 832 
910 832 895 896 833 
911 833 896 897 834 
912 834 897 898 835 
913 835 898 899 836 
914 836 899 900 837 
915 837 900 901 838 
916 838 901 902 839 
917 839 902 903 840 
918 840 903 904 841 
919 841 904 905 842 
920 842 905 906 843 
921 843 906 907 844 
922 844 907 908 845 
923 845 908 909 846 
924 846 909 910 847 
925 847 910 911 848 
926 848 911 912 849 
927 849 912 913 850 
928 850 913 914 851 
929 851 914 915 852 
930 852 915 916 853 
931 853 916 917 854 
932 854 917 918 855 
933 855 918 919 856 
934 856 919 920 857 
935 857 920 921 858 
936 858 921 922 859 
937 859 922 923 860 
938 860 923 924 861 
939 861 924 925 862 
940 862 925 926 863 
941 863 926 927 864 
942 864 927 928 865 
943 865 928 929 866 
944 866 929 930 867 
945 867 930 931 868 
946 868 931 932 869 
947 869 932 933 870 
948 870 933 934 871 
949 871 934 935 872 
950 872 935 936 873 
951 873 936 937 874 
952 874 937 938 875 
953 875 938 939 876 
954 876 939 940 877 
955 877 940 941 878 
956 878 941 942 879 
957 879 942 943 880 
958 880 943 944 881 
959 881 944 945 882 
960 882 945 946 883 
961 883 946 947 884 
962 884 947 948 885 
963 885 948 949 886 
964 886 949 183 184 
965 15 16 950 887 
966 887 950 951 888 
967 888 951 952 889 
968 889 952 953 890 
969 890 953 954 891 
970 891 954 955 892 
971 892 955 956 893 
972 893 956 957 894 
973 894 957 958 895 
974 895 958 959 896 
975 896 959 960 897 
976 897 960 961 898 
977 898 961 962 899 
978 899 962 963 900 
979 900 963 964 901 
980 901 964 965 902 
981 902 965 966 903 
982 903 966 967 904 
983 904 967 968 905 
984 905 968 969 906 
985 906 969 970 907 
986 907 970 971 908 
987 908 971 972 909 
988 909 972 973 910 
989 910 973 974 911 
990 911 974 975 912 
991 912 975 976 913 
992 913 976 977 914 
993 914 977 978 915 
994 915 978 979 916 
995 916 979 980 917 
996 917 980 981 918 
997 918 981 982 919 
998 919 982 983 920 
999 920 983 984 921 
1000 921 984 985 922 
1001 922 985 986 923 
1002 923 986 987 924 
1003 924 987 988 925 
1004 925 988 989 926 
1005 926 989 990 927 
1006 927 990 991 928 
1007 928 991 992 929 
1008 929 992 993 930 
1009 930 993 994 931 
1010 931 994 995 932 
1011 932 995 996 933 
1012 933 996 997 934 
1013 934 997 998 935 
1014 935 998 999 936 
1015 936 999 1000 937 
1016 937 1000 1001 938 
1017 938 1001 1002 939 
1018 939 1002 1003 940 
1019 940 1003 1004 941 
1020 941 1004 1005 942 
1021 942 1005 1006 943 
1022 943 1006 1007 944 
1023 944 1007 1008 945 
1024 945 1008 1009 946 
1025 946 1009 1010 947 
1026 947 1010 1011 948 
1027 948 1011 1012 949 
1028 949 1012 182 183 
1029 16 17 1013 950 
1030 950 1013 1014 951 
1031 951 1014 1015 952 
1032 952 1015 1016 953 
1033 953 1016 1017 954 
1034 954 1017 1018 955 
1035 955 1018 1019 956 
1036 956 1019 1020 957 
1037 957 1020 1021 958 
1038 958 1021 1022 959 
1039 959 1022 1023 960 
1040 960 1023 1024 961 
1041 961 1024 1025 962 
1042 962 1025 1026 963 
1043 963 1026 1027 964 
1044 964 1027 1028 965 
1045 965 1028 1029 966 
1046 966 1029 1030 967 
1047 967 1030 1031 968 
1048 968 1031 1032 969 
1049 969 1032 1033 970 
1050 970 1033 1034 971 
1051 971 1034 1035 972 
1052 972 1035 1036 973 
1053 973 1036 1037 974 
1054 974 1037 1038 975 
1055 975 1038 1039 976 
1056 976 1039 1040 977 
1057 977 1040 1041 978 
1058 978 1041 1042 979 
1059 979 1042 1043 980 
1060 980 1043 1044 981 
1061 981 1044 1045 982 
1062 982 1045 1046 983 
1063 983 1046 1047 984 
1064 984 1047 1048 985 
1065 985 1048 1049 986 
1066 986 1049 1050 987 
1067 987 1050 1051 988 
1068 988 1051 1052 989 
1069 989 1052 1053 990 
1070 990 1053 1054 991 
1071 991 1054 1055 992 
1072 992 1055 1056 993 
1073 993 1056 1057 994 
1074 994 1057 1058 995 
1075 995 1058 1059 996 
1076 996 1059 1060 997 
1077 997 1060 1061 998 
1078 998 1061 1062 999 
1079 999 1062 1063 1000 
1080 1000 1063 1064 1001 
1081 1001 1064 1065 1002 
1082 1002 1065 1066 1003 
1083 1003 1066 1067 1004 
1084 1004 1067 1068 1005 
1085 1005 1068 1069 1006 
1086 1006 1069 1070 1007 
1087 1007 1070 1071 1008 
1088 1008 1071 1072 1009 
1089 1009 1072 1073 1010 
1090 1010 1073 1074 1011 
1091 1011 1074 1075 1012 
1092 1012 1075 181 182 
1093 17 18 1076 1013 
1094 1013 1076 1077 1014 
1095 1014 1077 1078 1015 
1096 1015 1078 1079 1016 
1097 1016 1079 1080 1017 
1098 1017 1080 1081 1018 
1099 1018 1081 1082 1019 
1100 1019 1082 1083 1020 
1101 1020 1083 1084 1021 
1102 1021 1084 1085 1022 
1103 1022 1085 1086 1023 
1104 1023 1086 1087 1024 
1105 1024 1087 1088 1025 
1106 1025 1088 1089 1026 
1107 1026 1089 1090 1027 
1108 1027 1090 1091 1028 
1109 1028 1091 1092 1029 
1110 1029 1092 1093 1030 
1111 1030 1093 1094 1031 
1112 1031 1094 1095 1032 
1113 1032 1095 1096 1033 
1114 1033 1096 1097 1034 
1115 1034 1097 1098 1035 
1116 1035 1098 1099 1036 
1117 1036 1099 1100 1037 
1118 1037 1100 1101 1038 
1119 1038 1101 1102 1039 
1120 1039 1102 1103 1040 
1121 1040 1103 1104 1041 
1122 1041 1104 1105 1042 
1123 1042 1105 1106 1043 
1124 1043 1106 1107 1044 
1125 1044 1107 1108 1045 
1126 1045 1108 1109 1046 
1127 1046 1109 1110 1047 
1128 1047 1110 1111 1048 
1129 1048 1111 1112 1049 
1130 1049 1112 1113 1050 
1131 1050 1113 1114 1051 
1132 1051 1114 1115 1052 
1133 1052 1115 1116 1053 
1134 1053 1116 1117 1054 
1135 1054 1117 1118 1055 
1136 1055 1118 1119 1056 
1137 1056 1119 1120 1057 
1138 1057 1120 1121 1058 
1139 1058 1121 1122 1059 
1140 1059 1122 1123 1060 
1141 1060 1123 1124 1061 
1142 1061 1124 1125 1062 
1143 1062 1125 1126 1063 
1144 1063 1126 1127 1064 
1145 1064 1127 1128 1065 
1146 1065 1128 1129 1066 
1147 1066 1129 1130 1067 
1148 1067 1130 1131 1068 
1149 1068 1131 1132 1069 
1150 1069 1132 1133 1070 
1151 1070 1133 1134 1071 
1152 1071 1134 1135 1072 
1153 1072 1135 1136 1073 
1154 1073 1136 1137 1074 
1155 1074 1137 1138 1075 
1156 1075 1138 180 181 
1157 18 19 1139 1076 
1158 1076 1139 1140 1077 
1159 1077 1140 1141 1078 
1160 1078 1141 1142 1079 
1161 1079 1142 1143 1080 
1162 1080 1143 1144 1081 
1163 1081 1144 1145 1082 
1164 1082 1145 1146 1083 
1165 1083 1146 1147 1084 
1166 1084 1147 1148 1085 
1167 1085 1148 1149 1086 
1168 1086 1149 1150 1087 
1169 1087 1150 1151 1088 
1170 1088 1151 1152 1089 
1171 1089 1152 1153 1090 
1172 1090 1153 1154 1091 
1173 1091 1154 1155 1092 
1174 1092 1155 1156 1093 
1175 1093 1156 1157 1094 
1176 1094 1157 1158 1095 
1177 1095 1158 1159 1096 
1178 1096 1159 1160 1097 
1179 1097 1160 1161 1098 
1180 1098 1161 1162 1099 
1181 1099 1162 1163 1100 
1182 1100 1163 1164 1101 
1183 1101 1164 1165 1102 
1184 1102 1165 1166 1103 
1185 1103 1166 1167 1104 
1186 1104 1167 1168 1105 
1187 1105 1168 1169 1106 
1188 1106 1169 1170 1107 
1189 1107 1170 1171 1108 
1190 1108 1171 1172 1109 
1191 1109 1172 1173 1110 
1192 1110 1173 1174 1111 
1193 1111 1174 1175 1112 
1194 1112 1175 1176 1113 
1195 1113 1176 1177 1114 
1196 1114 1177 1178 1115 
1197 1115 1178 1179 1116 
1198 1116 1179 1180 1117 
1199 1117 1180 1181 1118 
1200 1118 1181 1182 1119 
1201 1119 1182 1183 1120 
1202 1120 1183 1184 1121 
1203 1121 1184 1185 1122 
1204 1122 1185 1186 1123 
1205 1123 1186 1187 1124 
1206 1124 1187 1188 1125 
1207 1125 1188 1189 1126 
1208 1126 1189 1190 1127 
1209 1127 1190 1191 1128 
1210 1128 1191 1192 1129 
1211 1129 1192 1193 1130 
1212 1130 1193 1194 1131 
1213 1131 1194 1195 1132 
1214 1132 1195 1196 1133 
1215 1133 1196 1197 1134 
1216 1134 1197 1198 1135 
1217 1135 1198 1199 1136 
1218 1136 1199 1200 1137 
1219 1137 1200 1201 1138 
1220 1138 1201 179 180 
1221 19 20 1202 1139 
1222 1139 1202 1203 1140 
1223 1140 1203 1204 1141 
1224 1141 1204 1205 1142 
1225 1142 1205 1206 1143 
1226 1143 1206 1207 1144 
1227 1144 1207 1208 1145 
1228 1145 1208 1209 1146 
1229 1146 1209 1210 1147 
1230 1147 1210 1211 1148 
1231 1148 1211 1212 1149 
1232 1149 1212 1213 1150 
1233 1150 1213 1214 1151 
1234 1151 1214 1215 1152 
1235 1152 1215 1216 1153 
1236 1153 1216 1217 1154 
1237 1154 1217 1218 1155 
1238 1155 1218 1219 1156 
1239 1156 1219 1220 1157 
1240 1157 1220 1221 1158 
1241 1158 1221 1222 1159 
1242 1159 1222 1223 1160 
1243 1160 1223 1224 1161 
1244 1161 1224 1225 1162 
1245 1162 1225 1226 1163 
1246 1163 1226 1227 1164 
1247 1164 1227 1228 1165 
1248 1165 1228 1229 1166 
1249 1166 1229 1230 1167 
1250 1167 1230 1231 1168 
1251 1168 1231 1232 1169 
1252 1169 1232 1233 1170 
1253 1170 1233 1234 1171 
1254 1171 1234 1235 1172 
1255 1172 1235 1236 1173 
1256 1173 1236 1237 1174 
1257 1174 1237 1238 1175 
1258 1175 1238 1239 1176 
1259 1176 1239 1240 1177 
1260 1177 1240 1241 1178 
1261 1178 1241 1242 1179 
1262 1179 1242 1243 1180 
1263 1180 1243 1244 1181 
1264 1181 1244 1245 1182 
1265 1182 1245 1246 1183 
1266 1183 1246 1247 1184 
1267 1184 1247 1248 1185 
1268 1185 1248 1249 1186 
1269 1186 1249 1250 1187 
1270 1187 1250 1251 1188 
1271 1188 1251 1252 1189 
1272 1189 1252 1253 1190 
1273 1190 1253 1254 1191 
1274 1191 1254 1255 1192 
1275 1192 1255 1256 1193 
1276 1193 1256 1257 1194 
1277 1194 1257 1258 1195 
1278 1195 1258 1259 1196 
1279 1196 1259 1260 1197 
1280 1197 1260 1261 1198 
1281 1198 1261 1262 1199 
1282 1199 1262 1263 1200 
1283 1200 1263 1264 1201 
1284 1201 1264 178 179 
1285 20 21 1265 1202 
1286 1202 1265 1266 1203 
1287 1203 1266 1267 1204 
1288 1204 1267 1268 1205 
1289 1205 1268 1269 1206 
1290 1206 1269 1270 1207 
1291 1207 1270 1271 1208 
1292 1208 1271 1272 1209 
1293 1209 1272 1273 1210 
1294 1210 1273 1274 1211 
1295 1211 1274 1275 1212 
1296 1212 1275 1276 1213 
1297 1213 1276 1277 1214 
1298 1214 1277 1278 1215 
1299 1215 1278 1279 1216 
1300 1216 1279 1280 1217 
1301 1217 1280 1281 1218 
1302 1218 1281 1282 1219 
1303 1219 1282 1283 1220 
1304 1220 1283 1284 1221 
1305 1221 1284 1285 1222 
1306 1222 1285 1286 1223 
1307 1223 1286 1287 1224 
1308 1224 1287 1288 1225 
1309 1225 1288 1289 1226 
1310 1226 1289 1290 1227 
1311 1227 1290 1291 1228 
1312 1228 1291 1292 1229 
1313 1229 1292 1293 1230 
1314 1230 1293 1294 1231 
1315 1231 1294 1295 1232 
1316 1232 1295 1296 1233 
1317 1233 1296 1297 1234 
1318 1234 1297 1298 1235 
1319 1235 1298 1299 1236 
1320 1236 1299 1300 1237 
1321 1237 1300 1301 1238 
1322 1238 1301 1302 1239 
1323 1239 1302 1303 1240 
1324 1240 1303 1304 1241 
1325 1241 1304 1305 1242 
1326 1242 1305 1306 1243 
1327 1243 1306 1307 1244 
1328 1244 1307 1308 1245 
1329 1245 1308 1309 1246 
1330 1246 1309 1310 1247 
1331 1247 1310 1311 1248 
1332 1248 1311 1312 1249 
1333 1249 1312 1313 1250 
1334 1250 1313 1314 1251 
1335 1251 1314 1315 1252 
1336 1252 1315 1316 1253 
1337 1253 1316 1317 1254 
1338 1254 1317 1318 1255 
1339 1255 1318 1319 1256 
1340 1256 1319 1320 1257 
1341 1257 1320 1321 1258 
1342 1258 1321 1322 1259 
1343 1259 1322 1323 1260 
1344 1260 1323 1324 1261 
1345 1261 1324 1325 1262 
1346 1262 1325 1326 1263 
1347 1263 1326 1327 1264 
1348 1264 1327 177 178 
1349 21 22 1328 1265 
1350 1265 1328 1329 1266 
1351 1266 1329 1330 1267 
1352 1267 1330 1331 1268 
1353 1268 1331 1332 1269 
1354 1269 1332 1333 1270 
1355 1270 1333 1334 1271 
1356 1271 1334 1335 1272 
1357 1272 1335 1336 1273 
1358 1273 1336 1337 1274 
1359 1274 1337 1338 1275 
1360 1275 1338 1339 1276 
1361 1276 1339 1340 1277 
1362 1277 1340 1341 1278 
1363 1278 1341 1342 1279 
1364 1279 1342 1343 1280 
1365 1280 1343 1344 1281 
1366 1281 1344 1345 1282 
1367 1282 1345 1346 1283 
1368 1283 1346 1347 1284 
1369 1284 1347 1348 1285 
1370 1285 1348 1349 1286 
1371 1286 1349 1350 1287 
1372 1287 1350 1351 1288 
1373 1288 1351 1352 1289 
1374 1289 1352 1353 1290 
1375 1290 1353 1354 1291 
1376 1291 1354 1355 1292 
1377 1292 1355 1356 1293 
1378 1293 1356 1357 1294 
1379 1294 1357 1358 1295 
1380 1295 1358 1359 1296 
1381 1296 1359 1360 1297 
1382 1297 1360 1361 1298 
1383 1298 1361 1362 1299 
1384 1299 1362 1363 1300 
1385 1300 1363 1364 1301 
1386 1301 1364 1365 1302 
1387 1302 1365 1366 1303 
1388 1303 1366 1367 1304 
1389 1304 1367 1368 1305 
1390 1305 1368 1369 1306 
1391 1306 1369 1370 1307 
1392 1307 1370 1371 1308 
1393 1308 1371 1372 1309 
1394 1309 1372 1373 1310 
1395 1310 1373 1374 1311 
1396 1311 1374 1375 1312 
1397 1312 1375 1376 1313 
1398 1313 1376 1377 1314 
1399 1314 1377 1378 1315 
1400 1315 1378 1379 1316 
1401 1316 1379 1380 1317 
1402 1317 1380 1381 1318 
1403 1318 1381 1382 1319 
1404 1319 1382 1383 1320 
1405 1320 1383 1384 1321 
1406 1321 1384 1385 1322 
1407 1322 1385 1386 1323 
1408 1323 1386 1387 1324 
1409 1324 1387 1388 1325 
1410 1325 1388 1389 1326 
1411 1326 1389 1390 1327 
1412 1327 1390 176 177 
1413 22 23 1391 1328 
1414 1328 1391 1392 1329 
1415 1329 1392 1393 1330 
1416 1330 1393 1394 1331 
1417 1331 1394 1395 1332 
1418 1332 1395 1396 1333 
1419 1333 1396 1397 1334 
1420 1334 1397 1398 1335 
1421 1335 1398 1399 1336 
1422 1336 1399 1400 1337 
1423 1337 1400 1401 1338 
1424 1338 1401 1402 1339 
1425 1339 1402 1403 1340 
1426 1340 1403 1404 1341 
1427 1341 1404 1405 1342 
1428 1342 1405 1406 1343 
1429 1343 1406 1407 1344 
1430 1344 1407 1408 1345 
1431 1345 1408 1409 1346 
1432 1346 1409 1410 1347 
1433 1347 1410 1411 1348 
1434 1348 1411 1412 1349 
1435 1349 1412 1413 1350 
1436 1350 1413 1414 1351 
1437 1351 1414 1415 1352 
1438 1352 1415 1416 1353 
1439 1353 1416 1417 1354 
1440 1354 1417 1418 1355 
1441 1355 1418 1419 1356 
1442 1356 1419 1420 1357 
1443 1357 1420 1421 1358 
1444 1358 1421 1422 1359 
1445 1359 1422 1423 1360 
1446 1360 1423 1424 1361 
1447 1361 1424 1425 1362 
1448 1362 1425 1426 1363 
1449 1363 1426 1427 1364 
1450 1364 1427 1428 1365 
1451 1365 1428 1429 1366 
1452 1366 1429 1430 1367 
1453 1367 1430 1431 1368 
1454 1368 1431 1432 1369 
1455 1369 1432 1433 1370 
1456 1370 1433 1434 1371 
1457 1371 1434 1435 1372 
1458 1372 1435 1436 1373 
1459 1373 1436 1437 1374 
1460 1374 1437 1438 1375 
1461 1375 1438 1439 1376 
1462 1376 1439 1440 1377 
1463 1377 1440 1441 1378 
1464 1378 1441 1442 1379 
1465 1379 1442 1443 1380 
1466 1380 1443 1444 1381 
1467 1381 1444 1445 1382 
1468 1382 1445 1446 1383 
1469 1383 1446 1447 1384 
1470 1384 1447 1448 1385 
1471 1385 1448 1449 1386 
1472 1386 1449 1450 1387 
1473 1387 1450 1451 1388 
1474 1388 1451 1452 1389 
1475 1389 1452 1453 1390 
1476 1390 1453 175 176 
1477 23 24 1454 1391 
1478 1391 1454 1455 1392 
1479 1392 1455 1456 1393 
1480 1393 1456 1457 1394 
1481 1394 1457 1458 1395 
1482 1395 1458 1459 1396 
1483 1396 1459 1460 1397 
1484 1397 1460 1461 1398 
1485 1398 1461 1462 1399 
1486 1399 1462 1463 1400 
1487 1400 1463 1464 1401 
1488 1401 1464 1465 1402 
1489 1402 1465 1466 1403 
1490 1403 1466 1467 1404 
1491 1404 1467 1468 1405 
1492 1405 1468 1469 1406 
1493 1406 1469 1470 1407 
1494 1407 1470 1471 1408 
1495 1408 1471 1472 1409 
1496 1409 1472 1473 1410 
1497 1410 1473 1474 1411 
1498 1411 1474 1475 1412 
1499 1412 1475 1476 1413 
1500 1413 1476 1477 1414 
1501 1414 1477 1478 1415 
1502 1415 1478 1479 1416 
1503 1416 1479 1480 1417 
1504 1417 1480 1481 1418 
1505 1418 1481 1482 1419 
1506 1419 1482 1483 1420 
1507 1420 1483 1484 1421 
1508 1421 1484 1485 1422 
1509 1422 1485 1486 1423 
1510 1423 1486 1487 1424 
1511 1424 1487 1488 1425 
1512 1425 1488 1489 1426 
1513 1426 1489 1490 1427 
1514 1427 1490 1491 1428 
1515 1428 1491 1492 1429 
1516 1429 1492 1493 1430 
1517 1430 1493 1494 1431 
1518 1431 1494 1495 1432 
1519 1432 1495 1496 1433 
1520 1433 1496 1497 1434 
1521 1434 1497 1498 1435 
1522 1435 1498 1499 1436 
1523 1436 1499 1500 1437 
1524 1437 1500 1501 1438 
1525 1438 1501 1502 1439 
1526 1439 1502 1503 1440 
1527 1440 1503 1504 1441 
1528 1441 1504 1505 1442 
1529 1442 1505 1506 1443 
1530 1443 1506 1507 1444 
1531 1444 1507 1508 1445 
1532 1445 1508 1509 1446 
1533 1446 1509 1510 1447 
1534 1447 1510 1511 1448 
1535 1448 1511 1512 1449 
1536 1449 1512 1513 1450 
1537 1450 1513 1514 1451 
1538 1451 1514 1515 1452 
1539 1452 1515 1516 1453 
1540 1453 1516 174 175 
1541 24 25 1517 1454 
1542 1454 1517 1518 1455 
1543 1455 1518 1519 1456 
1544 1456 1519 1520 1457 
1545 1457 1520 1521 1458 
1546 1458 1521 1522 1459 
1547 1459 1522 1523 1460 
1548 1460 1523 1524 1461 
1549 1461 1524 1525 1462 
1550 1462 1525 1526 1463 
1551 1463 1526 1527 1464 
1552 1464 1527 1528 1465 
1553 1465 1528 1529 1466 
1554 1466 1529 1530 1467 
1555 1467 1530 1531 1468 
1556 1468 1531 1532 1469 
1557 1469 1532 1533 1470 
1558 1470 1533 1534 1471 
1559 1471 1534 1535 1472 
1560 1472 1535 1536 1473 
1561 1473 1536 1537 1474 
1562 1474 1537 1538 1475 
1563 1475 1538 1539 1476 
1564 1476 1539 1540 1477 
1565 1477 1540 1541 1478 
1566 1478 1541 1542 1479 
1567 1479 1542 1543 1480 
1568 1480 1543 1544 1481 
1569 1481 1544 1545 1482 
1570 1482 1545 1546 1483 
1571 1483 1546 1547 1484 
1572 1484 1547 1548 1485 
1573 1485 1548 1549 1486 
1574 1486 1549 1550 1487 
1575 1487 1550 1551 1488 
1576 1488 1551 1552 1489 
1577 1489 1552 1553 1490 
1578 1490 1553 1554 1491 
1579 1491 1554 1555 1492 
1580 1492 1555 1556 1493 
1581 1493 1556 1557 1494 
1582 1494 1557 1558 1495 
1583 1495 1558 1559 1496 
1584 1496 1559 1560 1497 
1585 1497 1560 1561 1498 
1586 1498 1561 1562 1499 
1587 1499 1562 1563 1500 
1588 1500 1563 1564 1501 
1589 1501 1564 1565 1502 
1590 1502 1565 1566 1503 
1591 1503 1566 1567 1504 
1592 1504 1567 1568 1505 
1593 1505 1568 1569 1506 
1594 1506 1569 1570 1507 
1595 1507 1570 1571 1508 
1596 1508 1571 1572 1509 
1597 1509 1572 1573 1510 
1598 1510 1573 1574 1511 
1599 1511 1574 1575 1512 
1600 1512 1575 1576 1513 
1601 1513 1576 1577 1514 
1602 1514 1577 1578 1515 
1603 1515 1578 1579 1516 
1604 1516 1579 173 174 
1605 25 26 1580 1517 
1606 1517 1580 1581 1518 
1607 1518 1581 1582 1519 
1608 1519 1582 1583 1520 
1609 1520 1583 1584 1521 
1610 1521 1584 1585 1522 
1611 1522 1585 1586 1523 
1612 1523 1586 1587 1524 
1613 1524 1587 1588 1525 
1614 1525 1588 1589 1526 
1615 1526 1589 1590 1527 
1616 1527 1590 1591 1528 
1617 1528 1591 1592 1529 
1618 1529 1592 1593 1530 
1619 1530 1593 1594 1531 
1620 1531 1594 1595 1532 
1621 1532 1595 1596 1533 
1622 1533 1596 1597 1534 
1623 1534 1597 1598 1535 
1624 1535 1598 1599 1536 
1625 1536 1599 1600 1537 
1626 1537 1600 1601 1538 
1627 1538 1601 1602 1539 
1628 1539 1602 1603 1540 
1629 1540 1603 1604 1541 
1630 1541 1604 1605 1542 
1631 1542 1605 1606 1543 
1632 1543 1606 1607 1544 
1633 1544 1607 1608 1545 
1634 1545 1608 1609 1546 
1635 1546 1609 1610 1547 
1636 1547 1610 1611 1548 
1637 1548 1611 1612 1549 
1638 1549 1612 1613 1550 
1639 1550 1613 1614 1551 
1640 1551 1614 1615 1552 
1641 1552 1615 1616 1553 
1642 1553 1616 1617 1554 
1643 1554 1617 1618 1555 
1644 1555 1618 1619 1556 
1645 1556 1619 1620 1557 
1646 1557 1620 1621 1558 
1647 1558 1621 1622 1559 
1648 1559 1622 1623 1560 
1649 1560 1623 1624 1561 
1650 1561 1624 1625 1562 
1651 1562 1625 1626 1563 
1652 1563 1626 1627 1564 
1653 1564 1627 1628 1565 
1654 1565 1628 1629 1566 
1655 1566 1629 1630 1567 
1656 1567 1630 1631 1568 
1657 1568 1631 1632 1569 
1658 1569 1632 1633 1570 
1659 1570 1633 1634 1571 
1660 1571 1634 1635 1572 
1661 1572 1635 1636 1573 
1662 1573 1636 1637 1574 
1663 1574 1637 1638 1575 
1664 1575 1638 1639 1576 
1665 1576 1639 1640 1577 
1666 1577 1640 1641 1578 
1667 1578 1641 1642 1579 
1668 1579 1642 172 173 
1669 26 27 1643 1580 
1670 1580 1643 1644 1581 
1671 1581 1644 1645 1582 
1672 1582 1645 1646 1583 
1673 1583 1646 1647 1584 
1674 1584 1647 1648 1585 
1675 1585 1648 1649 1586 
1676 1586 1649 1650 1587 
1677 1587 1650 1651 1588 
1678 1588 1651 1652 1589 
1679 1589 1652 1653 1590 
1680 1590 1653 1654 1591 
1681 1591 1654 1655 1592 
1682 1592 1655 1656 1593 
1683 1593 1656 1657 1594 
1684 1594 1657 1658 1595 
1685 1595 1658 1659 1596 
1686 1596 1659 1660 1597 
1687 1597 1660 1661 1598 
1688 1598 1661 1662 1599 
1689 1599 1662 1663 1600 
1690 1600 1663 1664 1601 
1691 1601 1664 1665 1602 
1692 1602 1665 1666 1603 
1693 1603 1666 1667 1604 
1694 1604 1667 1668 1605 
1695 1605 1668 1669 1606 
1696 1606 1669 1670 1607 
1697 1607 1670 1671 1608 
1698 1608 1671 1672 1609 
1699 1609 1672 1673 1610 
1700 1610 1673 1674 1611 
1701 1611 1674 1675 1612 
1702 1612 1675 1676 1613 
1703 1613 1676 1677 1614 
1704 1614 1677 1678 1615 
1705 1615 1678 1679 1616 
1706 1616 1679 1680 1617 
1707 1617 1680 1681 1618 
1708 1618 1681 1682 1619 
1709 1619 1682 1683 1620 
1710 1620 1683 1684 1621 
1711 1621 1684 1685 1622 
1712 1622 1685 1686 1623 
1713 1623 1686 1687 1624 
1714 1624 1687 1688 1625 
1715 1625 1688 1689 1626 
1716 1626 1689 1690 1627 
1717 1627 1690 1691 1628 
1718 1628 1691 1692 1629 
1719 1629 1692 1693 1630 
1720 1630 1693 1694 1631 
1721 1631 1694 1695 1632 
1722 1632 1695 1696 1633 
1723 1633 1696 1697 1634 
1724 1634 1697 1698 1635 
1725 1635 1698 1699 1636 
1726 1636 1699 1700 1637 
1727 1637 1700 1701 1638 
1728 1638 1701 1702 1639 
1729 1639 1702 1703 1640 
1730 1640 1703 1704 1641 
1731 1641 1704 1705 1642 
1732 1642 1705 171 172 
1733 27 28 1706 1643 
1734 1643 1706 1707 1644 
1735 1644 1707 1708 1645 
1736 1645 1708 1709 1646 
1737 1646 1709 1710 1647 
1738 1647 1710 1711 1648 
1739 1648 1711 1712 1649 
1740 1649 1712 1713 1650 
1741 1650 1713 1714 1651 
1742 1651 1714 1715 1652 
1743 1652 1715 1716 1653 
1744 1653 1716 1717 1654 
1745 1654 1717 1718 1655 
1746 1655 1718 1719 1656 
1747 1656 1719 1720 1657 
1748 1657 1720 1721 1658 
1749 1658 1721 1722 1659 
1750 1659 1722 1723 1660 
1751 1660 1723 1724 1661 
1752 1661 1724 1725 1662 
1753 1662 1725 1726 1663 
1754 1663 1726 1727 1664 
1755 1664 1727 1728 1665 
1756 1665 1728 1729 1666 
1757 1666 1729 1730 1667 
1758 1667 1730 1731 1668 
1759 1668 1731 1732 1669 
1760 1669 1732 1733 1670 
1761 1670 1733 1734 1671 
1762 1671 1734 1735 1672 
1763 1672 1735 1736 1673 
1764 1673 1736 1737 1674 
1765 1674 1737 1738 1675 
1766 1675 1738 1739 1676 
1767 1676 1739 1740 1677 
1768 1677 1740 1741 1678 
1769 1678 1741 1742 1679 
1770 1679 1742 1743 1680 
1771 1680 1743 1744 1681 
1772 1681 1744 1745 1682 
1773 1682 1745 1746 1683 
1774 1683 1746 1747 1684 
1775 1684 1747 1748 1685 
1776 1685 1748 1749 1686 
1777 1686 1749 1750 1687 
1778 1687 1750 1751 1688 
1779 1688 1751 1752 1689 
1780 1689 1752 1753 1690 
1781 1690 1753 1754 1691 
1782 1691 1754 1755 1692 
1783 1692 1755 1756 1693 
1784 1693 1756 1757 1694 
1785 1694 1757 1758 1695 
1786 1695 1758 1759 1696 
1787 1696 1759 1760 1697 
1788 1697 1760 1761 1698 
1789 1698 1761 1762 1699 
1790 1699 1762 1763 1700 
1791 1700 1763 1764 1701 
1792 1701 1764 1765 1702 
1793 1702 1765 1766 1703 
1794 1703 1766 1767 1704 
1795 1704 1767 1768 1705 
1796 1705 1768 170 171 
1797 28 29 1769 1706 
1798 1706 1769 1770 1707 
1799 1707 1770 1771 1708 
1800 1708 1771 1772 1709 
1801 1709 1772 1773 1710 
1802 1710 1773 1774 1711 
1803 1711 1774 1775 1712 
1804 1712 1775 1776 1713 
1805 1713 1776 1777 1714 
1806 1714 1777 1778 1715 
1807 1715 1778 1779 1716 
1808 1716 1779 1780 1717 
1809 1717 1780 1781 1718 
1810 1718 1781 1782 1719 
1811 1719 1782 1783 1720 
1812 1720 1783 1784 1721 
1813 1721 1784 1785 1722 
1814 1722 1785 1786 1723 
1815 1723 1786 1787 1724 
1816 1724 1787 1788 1725 
1817 1725 1788 1789 1726 
1818 1726 1789 1790 1727 
1819 1727 1790 1791 1728 
1820 1728 1791 1792 1729 
1821 1729 1792 1793 1730 
1822 1730 1793 1794 1731 
1823 1731 1794 1795 1732 
1824 1732 1795 1796 1733 
1825 1733 1796 1797 1734 
1826 1734 1797 1798 1735 
1827 1735 1798 1799 1736 
1828 1736 1799 1800 1737 
1829 1737 1800 1801 1738 
1830 1738 1801 1802 1739 
1831 1739 1802 1803 1740 
1832 1740 1803 1804 1741 
1833 1741 1804 1805 1742 
1834 1742 1805 1806 1743 
1835 1743 1806 1807 1744 
1836 1744 1807 1808 1745 
1837 1745 1808 1809 1746 
1838 1746 1809 1810 1747 
1839 1747 1810 1811 1748 
1840 1748 1811 1812 1749 
1841 1749 1812 1813 1750 
1842 1750 1813 1814 1751 
1843 1751 1814 1815 1752 
1844 1752 1815 1816 1753 
1845 1753 1816 1817 1754 
1846 1754 1817 1818 1755 
1847 1755 1818 1819 1756 
1848 1756 1819 1820 1757 
1849 1757 1820 1821 1758 
1850 1758 1821 1822 1759 
1851 1759 1822 1823 1760 
1852 1760 1823 1824 1761 
1853 1761 1824 1825 1762 
1854 1762 1825 1826 1763 
1855 1763 1826 1827 1764 
1856 1764 1827 1828 1765 
1857 1765 1828 1829 1766 
1858 1766 1829 1830 1767 
1859 1767 1830 1831 1768 
1860 1768 1831 169 170 
1861 29 30 1832 1769 
1862 1769 1832 1833 1770 
1863 1770 1833 1834 1771 
1864 1771 1834 1835 1772 
1865 1772 1835 1836 1773 
1866 1773 1836 1837 1774 
1867 1774 1837 1838 1775 
1868 1775 1838 1839 1776 
1869 1776 1839 1840 1777 
1870 1777 1840 1841 1778 
1871 1778 1841 1842 1779 
1872 1779 1842 1843 1780 
1873 1780 1843 1844 1781 
1874 1781 1844 1845 1782 
1875 1782 1845 1846 1783 
1876 1783 1846 1847 1784 
1877 1784 1847 1848 1785 
1878 1785 1848 1849 1786 
1879 1786 1849 1850 1787 
1880 1787 1850 1851 1788 
1881 1788 1851 1852 1789 
1882 1789 1852 1853 1790 
1883 1790 1853 1854 1791 
1884 1791 1854 1855 1792 
1885 1792 1855 1856 1793 
1886 1793 1856 1857 1794 
1887 1794 1857 1858 1795 
1888 1795 1858 1859 1796 
1889 1796 1859 1860 1797 
1890 1797 1860 1861 1798 
1891 1798 1861 1862 1799 
1892 1799 1862 1863 1800 
1893 1800 1863 1864 1801 
1894 1801 1864 1865 1802 
1895 1802 1865 1866 1803 
1896 1803 1866 1867 1804 
1897 1804 1867 1868 1805 
1898 1805 1868 1869 1806 
1899 1806 1869 1870 1807 
1900 1807 1870 1871 1808 
1901 1808 1871 1872 1809 
1902 1809 1872 1873 1810 
1903 1810 1873 1874 1811 
1904 1811 1874 1875 1812 
1905 1812 1875 1876 1813 
1906 1813 1876 1877 1814 
1907 1814 1877 1878 1815 
1908 1815 1878 1879 1816 
1909 1816 1879 1880 1817 
1910 1817 1880 1881 1818 
1911 1818 1881 1882 1819 
1912 1819 1882 1883 1820 
1913 1820 1883 1884 1821 
1914 1821 1884 1885 1822 
1915 1822 1885 1886 1823 
1916 1823 1886 1887 1824 
1917 1824 1887 1888 1825 
1918 1825 1888 1889 1826 
1919 1826 1889 1890 1827 
1920 1827 1890 1891 1828 
1921 1828 1891 1892 1829 
1922 1829 1892 1893 1830 
1923 1830 1893 1894 1831 
1924 1831 1894 168 169 
1925 30 31 1895 1832 
1926 1832 1895 1896 1833 
1927 1833 1896 1897 1834 
1928 1834 1897 1898 1835 
1929 1835 1898 1899 1836 
1930 1836 1899 1900 1837 
1931 1837 1900 1901 1838 
1932 1838 1901 1902 1839 
1933 1839 1902 1903 1840 
1934 1840 1903 1904 1841 
1935 1841 1904 1905 1842 
1936 1842 1905 1906 1843 
1937 1843 1906 1907 1844 
1938 1844 1907 1908 1845 
1939 1845 1908 1909 1846 
1940 1846 1909 1910 1847 
1941 1847 1910 1911 1848 
1942 1848 1911 1912 1849 
1943 1849 1912 1913 1850 
1944 1850 1913 1914 1851 
1945 1851 1914 1915 1852 
1946 1852 1915 1916 1853 
1947 1853 1916 1917 1854 
1948 1854 1917 1918 1855 
1949 1855 1918 1919 1856 
1950 1856 1919 1920 1857 
1951 1857 1920 1921 1858 
1952 1858 1921 1922 1859 
1953 1859 1922 1923 1860 
1954 1860 1923 1924 1861 
1955 1861 1924 1925 1862 
1956 1862 1925 1926 1863 
1957 1863 1926 1927 1864 
1958 1864 1927 1928 1865 
1959 1865 1928 1929 1866 
1960 1866 1929 1930 1867 
1961 1867 1930 1931 1868 
1962 1868 1931 1932 1869 
1963 1869 1932 1933 1870 
1964 1870 1933 1934 1871 
1965 1871 1934 1935 1872 
1966 1872 1935 1936 1873 
1967 1873 1936 1937 1874 
1968 1874 1937 1938 1875 
1969 1875 1938 1939 1876 
1970 1876 1939 1940 1877 
1971 1877 1940 1941 1878 
1972 1878 1941 1942 1879 
1973 1879 1942 1943 1880 
1974 1880 1943 1944 1881 
1975 1881 1944 1945 1882 
1976 1882 1945 1946 1883 
1977 1883 1946 1947 1884 
1978 1884 1947 1948 1885 
1979 1885 1948 1949 1886 
1980 1886 1949 1950 1887 
1981 1887 1950 1951 1888 
1982 1888 1951 1952 1889 
1983 1889 1952 1953 1890 
1984 1890 1953 1954 1891 
1985 1891 1954 1955 1892 
1986 1892 1955 1956 1893 
1987 1893 1956 1957 1894 
1988 1894 1957 167 168 
1989 31 32 1958 1895 
1990 1895 1958 1959 1896 
1991 1896 1959 1960 1897 
1992 1897 1960 1961 1898 
1993 1898 1961 1962 1899 
1994 1899 1962 1963 1900 
1995 1900 1963 1964 1901 
1996 1901 1964 1965 1902 
1997 1902 1965 1966 1903 
1998 1903 1966 1967 1904 
1999 1904 1967 1968 1905 
2000 1905 1968 1969 1906 
2001 1906 1969 1970 1907 
2002 1907 1970 1971 1908 
2003 1908 1971 1972 1909 
2004 1909 1972 1973 1910 
2005 1910 1973 1974 1911 
2006 1911 1974 1975 1912 
2007 1912 1975 1976 1913 
2008 1913 1976 1977 1914 
2009 1914 1977 1978 1915 
2010 1915 1978 1979 1916 
2011 1916 1979 1980 1917 
2012 1917 1980 1981 1918 
2013 1918 1981 1982 1919 
2014 1919 1982 1983 1920 
2015 1920 1983 1984 1921 
2016 1921 1984 1985 1922 
2017 1922 1985 1986 1923 
2018 1923 1986 1987 1924 
2019 1924 1987 1988 1925 
2020 1925 1988 1989 1926 
2021 1926 1989 1990 1927 
2022 1927 1990 1991 1928 
2023 1928 1991 1992 1929 
2024 1929 1992 1993 1930 
2025 1930 1993 1994 1931 
2026 1931 1994 1995 1932 
2027 1932 1995 1996 1933 
2028 1933 1996 1997 1934 
2029 1934 1997 1998 1935 
2030 1935 1998 1999 1936 
2031 1936 1999 2000 1937 
2032 1937 2000 2001 1938 
2033 1938 2001 2002 1939 
2034 1939 2002 2003 1940 
2035 1940 2003 2004 1941 
2036 1941 2004 2005 1942 
2037 1942 2005 2006 1943 
2038 1943 2006 2007 1944 
2039 1944 2007 2008 1945 
2040 1945 2008 2009 1946 
2041 1946 2009 2010 1947 
2042 1947 2010 2011 1948 
2043 1948 2011 2012 1949 
2044 1949 2012 2013 1950 
2045 1950 2013 2014 1951 
2046 1951 2014 2015 1952 
2047 1952 2015 2016 1953 
2048 1953 2016 2017 1954 
2049 1954 2017 2018 1955 
2050 1955 2018 2019 1956 
2051 1956 2019 2020 1957 
2052 1957 2020 166 167 
2053 32 33 2021 1958 
2054 1958 2021 2022 1959 
2055 1959 2022 2023 1960 
2056 1960 2023 2024 1961 
2057 1961 2024 2025 1962 
2058 1962 2025 2026 1963 
2059 1963 2026 2027 1964 
2060 1964 2027 2028 1965 
2061 1965 2028 2029 1966 
2062 1966 2029 2030 1967 
2063 1967 2030 2031 1968 
2064 1968 2031 2032 1969 
2065 1969 2032 2033 1970 
2066 1970 2033 2034 1971 
2067 1971 2034 2035 1972 
2068 1972 2035 2036 1973 
2069 1973 2036 2037 1974 
2070 1974 2037 2038 1975 
2071 1975 2038 2039 1976 
2072 1976 2039 2040 1977 
2073 1977 2040 2041 1978 
2074 1978 2041 2042 1979 
2075 1979 2042 2043 1980 
2076 1980 2043 2044 1981 
2077 1981 2044 2045 1982 
2078 1982 2045 2046 1983 
2079 1983 2046 2047 1984 
2080 1984 2047 2048 1985 
2081 1985 2048 2049 1986 
2082 1986 2049 2050 1987 
2083 1987 2050 2051 1988 
2084 1988 2051 2052 1989 
2085 1989 2052 2053 1990 
2086 1990 2053 2054 1991 
2087 1991 2054 2055 1992 
2088 1992 2055 2056 1993 
2089 1993 2056 2057 1994 
2090 1994 2057 2058 1995 
2091 1995 2058 2059 1996 
2092 1996 2059 2060 1997 
2093 1997 2060 2061 1998 
2094 1998 2061 2062 1999 
2095 1999 2062 2063 2000 
2096 2000 2063 2064 2001 
2097 2001 2064 2065 2002 
2098 2002 2065 2066 2003 
2099 2003 2066 2067 2004 
2100 2004 2067 2068 2005 
2101 2005 2068 2069 2006 
2102 2006 2069 2070 2007 
2103 2007 2070 2071 2008 
2104 2008 2071 2072 2009 
2105 2009 2072 2073 2010 
2106 2010 2073 2074 2011 
2107 2011 2074 2075 2012 
2108 2012 2075 2076 2013 
2109 2013 2076 2077 2014 
2110 2014 2077 2078 2015 
2111 2015 2078 2079 2016 
2112 2016 2079 2080 2017 
2113 2017 2080 2081 2018 
2114 2018 2081 2082 2019 
2115 2019 2082 2083 2020 
2116 2020 2083 165 166 
2117 33 34 2084 2021 
2118 2021 2084 2085 2022 
2119 2022 2085 2086 2023 
2120 2023 2086 2087 2024 
2121 2024 2087 2088 2025 
2122 2025 2088 2089 2026 
2123 2026 2089 2090 2027 
2124 2027 2090 2091 2028 
2125 2028 2091 2092 2029 
2126 2029 2092 2093 2030 
2127 2030 2093 2094 2031 
2128 2031 2094 2095 2032 
2129 2032 2095 2096 2033 
2130 2033 2096 2097 2034 
2131 2034 2097 2098 2035 
2132 2035 2098 2099 2036 
2133 2036 2099 2100 2037 
2134 2037 2100 2101 2038 
2135 2038 2101 2102 2039 
2136 2039 2102 2103 2040 
2137 2040 2103 2104 2041 
2138 2041 2104 2105 2042 
2139 2042 2105 2106 2043 
2140 2043 2106 2107 2044 
2141 2044 2107 2108 2045 
2142 2045 2108 2109 2046 
2143 2046 2109 2110 2047 
2144 2047 2110 2111 2048 
2145 2048 2111 2112 2049 
2146 2049 2112 2113 2050 
2147 2050 2113 2114 2051 
2148 2051 2114 2115 2052 
2149 2052 2115 2116 2053 
2150 2053 2116 2117 2054 
2151 2054 2117 2118 2055 
2152 2055 2118 2119 2056 
2153 2056 2119 2120 2057 
2154 2057 2120 2121 2058 
2155 2058 2121 2122 2059 
2156 2059 2122 2123 2060 
2157 2060 2123 2124 2061 
2158 2061 2124 2125 2062 
2159 2062 2125 2126 2063 
2160 2063 2126 2127 2064 
2161 2064 2127 2128 2065 
2162 2065 2128 2129 2066 
2163 2066 2129 2130 2067 
2164 2067 2130 2131 2068 
2165 2068 2131 2132 2069 
2166 2069 2132 2133 2070 
2167 2070 2133 2134 2071 
2168 2071 2134 2135 2072 
2169 2072 2135 2136 2073 
2170 2073 2136 2137 2074 
2171 2074 2137 2138 2075 
2172 2075 2138 2139 2076 
2173 2076 2139 2140 2077 
2174 2077 2140 2141 2078 
2175 2078 2141 2142 2079 
2176 2079 2142 2143 2080 
2177 2080 2143 2144 2081 
2178 2081 2144 2145 2082 
2179 2082 2145 2146 2083 
2180 2083 2146 164 165 
2181 34 35 2147 2084 
2182 2084 2147 2148 2085 
2183 2085 2148 2149 2086 
2184 2086 2149 2150 2087 
2185 2087 2150 2151 2088 
2186 2088 2151 2152 2089 
2187 2089 2152 2153 2090 
2188 2090 2153 2154 2091 
2189 2091 2154 2155 2092 
2190 2092 2155 2156 2093 
2191 2093 2156 2157 2094 
2192 2094 2157 2158 2095 
2193 2095 2158 2159 2096 
2194 2096 2159 2160 2097 
2195 2097 2160 2161 2098 
2196 2098 2161 2162 2099 
2197 2099 2162 2163 2100 
2198 2100 2163 2164 2101 
2199 2101 2164 2165 2102 
2200 2102 2165 2166 2103 
2201 2103 2166 2167 2104 
2202 2104 2167 2168 2105 
2203 2105 2168 2169 2106 
2204 2106 2169 2170 2107 
2205 2107 2170 2171 2108 
2206 2108 2171 2172 2109 
2207 2109 2172 2173 2110 
2208 2110 2173 2174 2111 
2209 2111 2174 2175 2112 
2210 2112 2175 2176 2113 
2211 2113 2176 2177 2114 
2212 2114 2177 2178 2115 
2213 2115 2178 2179 2116 
2214 2116 2179 2180 2117 
2215 2117 2180 2181 2118 
2216 2118 2181 2182 2119 
2217 2119 2182 2183 2120 
2218 2120 2183 2184 2121 
2219 2121 2184 2185 2122 
2220 2122 2185 2186 2123 
2221 2123 2186 2187 2124 
2222 2124 2187 2188 2125 
2223 2125 2188 2189 2126 
2224 2126 2189 2190 2127 
2225 2127 2190 2191 2128 
2226 2128 2191 2192 2129 
2227 2129 2192 2193 2130 
2228 2130 2193 2194 2131 
2229 2131 2194 2195 2132 
2230 2132 2195 2196 2133 
2231 2133 2196 2197 2134 
2232 2134 2197 2198 2135 
2233 2135 2198 2199 2136 
2234 2136 2199 2200 2137 
2235 2137 2200 2201 2138 
2236 2138 2201 2202 2139 
2237 2139 2202 2203 2140 
2238 2140 2203 2204 2141 
2239 2141 2204 2205 2142 
2240 2142 2205 2206 2143 
2241 2143 2206 2207 2144 
2242 2144 2207 2208 2145 
2243 2145 2208 2209 2146 
2244 2146 2209 163 164 
2245 35 36 2210 2147 
2246 2147 2210 2211 2148 
2247 2148 2211 2212 2149 
2248 2149 2212 2213 2150 
2249 2150 2213 2214 2151 
2250 2151 2214 2215 2152 
2251 2152 2215 2216 2153 
2252 2153 2216 2217 2154 
2253 2154 2217 2218 2155 
2254 2155 2218 2219 2156 
2255 2156 2219 2220 2157 
2256 2157 2220 2221 2158 
2257 2158 2221 2222 2159 
2258 2159 2222 2223 2160 
2259 2160 2223 2224 2161 
2260 2161 2224 2225 2162 
2261 2162 2225 2226 2163 
2262 2163 2226 2227 2164 
2263 2164 2227 2228 2165 
2264 2165 2228 2229 2166 
2265 2166 2229 2230 2167 
2266 2167 2230 2231 2168 
2267 2168 2231 2232 2169 
2268 2169 2232 2233 2170 
2269 2170 2233 2234 2171 
2270 2171 2234 2235 2172 
2271 2172 2235 2236 2173 
2272 2173 2236 2237 2174 
2273 2174 2237 2238 2175 
2274 2175 2238 2239 2176 
2275 2176 2239 2240 2177 
2276 2177 2240 2241 2178 
2277 2178 2241 2242 2179 
2278 2179 2242 2243 2180 
2279 2180 2243 2244 2181 
2280 2181 2244 2245 2182 
2281 2182 2245 2246 2183 
2282 2183 2246 2247 2184 
2283 2184 2247 2248 2185 
2284 2185 2248 2249 2186 
2285 2186 2249 2250 2187 
2286 2187 2250 2251 2188 
2287 2188 2251 2252 2189 
2288 2189 2252 2253 2190 
2289 2190 2253 2254 2191 
2290 2191 2254 2255 2192 
2291 2192 2255 2256 2193 
2292 2193 2256 2257 2194 
2293 2194 2257 2258 2195 
2294 2195 2258 2259 2196 
2295 2196 2259 2260 2197 
2296 2197 2260 2261 2198 
2297 2198 2261 2262 2199 
2298 2199 2262 2263 2200 
2299 2200 2263 2264 2201 
2300 2201 2264 2265 2202 
2301 2202 2265 2266 2203 
2302 2203 2266 2267 2204 
2303 2204 2267 2268 2205 
2304 2205 2268 2269 2206 
2305 2206 2269 2270 2207 
2306 2207 2270 2271 2208 
2307 2208 2271 2272 2209 
2308 2209 2272 162 163 
2309 36 37 2273 2210 
2310 2210 2273 2274 2211 
2311 2211 2274 2275 2212 
2312 2212 2275 2276 2213 
2313 2213 2276 2277 2214 
2314 2214 2277 2278 2215 
2315 2215 2278 2279 2216 
2316 2216 2279 2280 2217 
2317 2217 2280 2281 2218 
2318 2218 2281 2282 2219 
2319 2219 2282 2283 2220 
2320 2220 2283 2284 2221 
2321 2221 2284 2285 2222 
2322 2222 2285 2286 2223 
2323 2223 2286 2287 2224 
2324 2224 2287 2288 2225 
2325 2225 2288 2289 2226 
2326 2226 2289 2290 2227 
2327 2227 2290 2291 2228 
2328 2228 2291 2292 2229 
2329 2229 2292 2293 2230 
2330 2230 2293 2294 2231 
2331 2231 2294 2295 2232 
2332 2232 2295 2296 2233 
2333 2233 2296 2297 2234 
2334 2234 2297 2298 2235 
2335 2235 2298 2299 2236 
2336 2236 2299 2300 2237 
2337 2237 2300 2301 2238 
2338 2238 2301 2302 2239 
2339 2239 2302 2303 2240 
2340 2240 2303 2304 2241 
2341 2241 2304 2305 2242 
2342 2242 2305 2306 2243 
2343 2243 2306 2307 2244 
2344 2244 2307 2308 2245 
2345 2245 2308 2309 2246 
2346 2246 2309 2310 2247 
2347 2247 2310 2311 2248 
2348 2248 2311 2312 2249 
2349 2249 2312 2313 2250 
2350 2250 2313 2314 2251 
2351 2251 2314 2315 2252 
2352 2252 2315 2316 2253 
2353 2253 2316 2317 2254 
2354 2254 2317 2318 2255 
2355 2255 2318 2319 2256 
2356 2256 2319 2320 2257 
2357 2257 2320 2321 2258 
2358 2258 2321 2322 2259 
2359 2259 2322 2323 2260 
2360 2260 2323 2324 2261 
2361 2261 2324 2325 2262 
2362 2262 2325 2326 2263 
2363 2263 2326 2327 2264 
2364 2264 2327 2328 2265 
2365 2265 2328 2329 2266 
2366 2266 2329 2330 2267 
2367 2267 2330 2331 2268 
2368 2268 2331 2332 2269 
2369 2269 2332 2333 2270 
2370 2270 2333 2334 2271 
2371 2271 2334 2335 2272 
2372 2272 2335 161 162 
2373 37 38 2336 2273 
2374 2273 2336 2337 2274 
2375 2274 2337 2338 2275 
2376 2275 2338 2339 2276 
2377 2276 2339 2340 2277 
2378 2277 2340 2341 2278 
2379 2278 2341 2342 2279 
2380 2279 2342 2343 2280 
2381 2280 2343 2344 2281 
2382 2281 2344 2345 2282 
2383 2282 2345 2346 2283 
2384 2283 2346 2347 2284 
2385 2284 2347 2348 2285 
2386 2285 2348 2349 2286 
2387 2286 2349 2350 2287 
2388 2287 2350 2351 2288 
2389 2288 2351 2352 2289 
2390 2289 2352 2353 2290 
2391 2290 2353 2354 2291 
2392 2291 2354 2355 2292 
2393 2292 2355 2356 2293 
2394 2293 2356 2357 2294 
2395 2294 2357 2358 2295 
2396 2295 2358 2359 2296 
2397 2296 2359 2360 2297 
2398 2297 2360 2361 2298 
2399 2298 2361 2362 2299 
2400 2299 2362 2363 2300 
2401 2300 2363 2364 2301 
2402 2301 2364 2365 2302 
2403 2302 2365 2366 2303 
2404 2303 2366 2367 2304 
2405 2304 2367 2368 2305 
2406 2305 2368 2369 2306 
2407 2306 2369 2370 2307 
2408 2307 2370 2371 2308 
2409 2308 2371 2372 2309 
2410 2309 2372 2373 2310 
2411 2310 2373 2374 2311 
2412 2311 2374 2375 2312 
2413 2312 2375 2376 2313 
2414 2313 2376 2377 2314 
2415 2314 2377 2378 2315 
2416 2315 2378 2379 2316 
2417 2316 2379 2380 2317 
2418 2317 2380 2381 2318 
2419 2318 2381 2382 2319 
2420 2319 2382 2383 2320 
2421 2320 2383 2384 2321 
2422 2321 2384 2385 2322 
2423 2322 2385 2386 2323 
2424 2323 2386 2387 2324 
2425 2324 2387 2388 2325 
2426 2325 2388 2389 2326 
2427 2326 2389 2390 2327 
2428 2327 2390 2391 2328 
2429 2328 2391 2392 2329 
2430 2329 2392 2393 2330 
2431 2330 2393 2394 2331 
2432 2331 2394 2395 2332 
2433 2332 2395 2396 2333 
2434 2333 2396 2397 2334 
2435 2334 2397 2398 2335 
2436 2335 2398 160 161 
2437 38 39 2399 2336 
2438 2336 2399 2400 2337 
2439 2337 2400 2401 2338 
2440 2338 2401 2402 2339 
2441 2339 2402 2403 2340 
2442 2340 2403 2404 2341 
2443 2341 2404 2405 2342 
2444 2342 2405 2406 2343 
2445 2343 2406 2407 2344 
2446 2344 2407 2408 2345 
2447 2345 2408 2409 2346 
2448 2346 2409 2410 2347 
2449 2347 2410 2411 2348 
2450 2348 2411 2412 2349 
2451 2349 2412 2413 2350 
2452 2350 2413 2414 2351 
2453 2351 2414 2415 2352 
2454 2352 2415 2416 2353 
2455 2353 2416 2417 2354 
2456 2354 2417 2418 2355 
2457 2355 2418 2419 2356 
2458 2356 2419 2420 2357 
2459 2357 2420 2421 2358 
2460 2358 2421 2422 2359 
2461 2359 2422 2423 2360 
2462 2360 2423 2424 2361 
2463 2361 2424 2425 2362 
2464 2362 2425 2426 2363 
2465 2363 2426 2427 2364 
2466 2364 2427 2428 2365 
2467 2365 2428 2429 2366 
2468 2366 2429 2430 2367 
2469 2367 2430 2431 2368 
2470 2368 2431 2432 2369 
2471 2369 2432 2433 2370 
2472 2370 2433 2434 2371 
2473 2371 2434 2435 2372 
2474 2372 2435 2436 2373 
2475 2373 2436 2437 2374 
2476 2374 2437 2438 2375 
2477 2375 2438 2439 2376 
2478 2376 2439 2440 2377 
2479 2377 2440 2441 2378 
2480 2378 2441 2442 2379 
2481 2379 2442 2443 2380 
2482 2380 2443 2444 2381 
2483 2381 2444 2445 2382 
2484 2382 2445 2446 2383 
2485 2383 2446 2447 2384 
2486 2384 2447 2448 2385 
2487 2385 2448 2449 2386 
2488 2386 2449 2450 2387 
2489 2387 2450 2451 2388 
2490 2388 2451 2452 2389 
2491 2389 2452 2453 2390 
2492 2390 2453 2454 2391 
2493 2391 2454 2455 2392 
2494 2392 2455 2456 2393 
2495 2393 2456 2457 2394 
2496 2394 2457 2458 2395 
2497 2395 2458 2459 2396 
2498 2396 2459 2460 2397 
2499 2397 2460 2461 2398 
2500 2398 2461 159 160 
2501 39 40 2462 2399 
2502 2399 2462 2463 2400 
2503 2400 2463 2464 2401 
2504 2401 2464 2465 2402 
2505 2402 2465 2466 2403 
2506 2403 2466 2467 2404 
2507 2404 2467 2468 2405 
2508 2405 2468 2469 2406 
2509 2406 2469 2470 2407 
2510 2407 2470 2471 2408 
2511 2408 2471 2472 2409 
2512 2409 2472 2473 2410 
2513 2410 2473 2474 2411 
2514 2411 2474 2475 2412 
2515 2412 2475 2476 2413 
2516 2413 2476 2477 2414 
2517 2414 2477 2478 2415 
2518 2415 2478 2479 2416 
2519 2416 2479 2480 2417 
2520 2417 2480 2481 2418 
2521 2418 2481 2482 2419 
2522 2419 2482 2483 2420 
2523 2420 2483 2484 2421 
2524 2421 2484 2485 2422 
2525 2422 2485 2486 2423 
2526 2423 2486 2487 2424 
2527 2424 2487 2488 2425 
2528 2425 2488 2489 2426 
2529 2426 2489 2490 2427 
2530 2427 2490 2491 2428 
2531 2428 2491 2492 2429 
2532 2429 2492 2493 2430 
2533 2430 2493 2494 2431 
2534 2431 2494 2495 2432 
2535 2432 2495 2496 2433 
2536 2433 2496 2497 2434 
2537 2434 2497 2498 2435 
2538 2435 2498 2499 2436 
2539 2436 2499 2500 2437 
2540 2437 2500 2501 2438 
2541 2438 2501 2502 2439 
2542 2439 2502 2503 2440 
2543 2440 2503 2504 2441 
2544 2441 2504 2505 2442 
2545 2442 2505 2506 2443 
2546 2443 2506 2507 2444 
2547 2444 2507 2508 2445 
2548 2445 2508 2509 2446 
2549 2446 2509 2510 2447 
2550 2447 2510 2511 2448 
2551 2448 2511 2512 2449 
2552 2449 2512 2513 2450 
2553 2450 2513 2514 2451 
2554 2451 2514 2515 2452 
2555 2452 2515 2516 2453 
2556 2453 2516 2517 2454 
2557 2454 2517 2518 2455 
2558 2455 2518 2519 2456 
2559 2456 2519 2520 2457 
2560 2457 2520 2521 2458 
2561 2458 2521 2522 2459 
2562 2459 2522 2523 2460 
2563 2460 2523 2524 2461 
2564 2461 2524 158 159 
2565 40 41 2525 2462 
2566 2462 2525 2526 2463 
2567 2463 2526 2527 2464 
2568 2464 2527 2528 2465 
2569 2465 2528 2529 2466 
2570 2466 2529 2530 2467 
2571 2467 2530 2531 2468 
2572 2468 2531 2532 2469 
2573 2469 2532 2533 2470 
2574 2470 2533 2534 2471 
2575 2471 2534 2535 2472 
2576 2472 2535 2536 2473 
2577 2473 2536 2537 2474 
2578 2474 2537 2538 2475 
2579 2475 2538 2539 2476 
2580 2476 2539 2540 2477 
2581 2477 2540 2541 2478 
2582 2478 2541 2542 2479 
2583 2479 2542 2543 2480 
2584 2480 2543 2544 2481 
2585 2481 2544 2545 2482 
2586 2482 2545 2546 2483 
2587 2483 2546 2547 2484 
2588 2484 2547 2548 2485 
2589 2485 2548 2549 2486 
2590 2486 2549 2550 2487 
2591 2487 2550 2551 2488 
2592 2488 2551 2552 2489 
2593 2489 2552 2553 2490 
2594 2490 2553 2554 2491 
2595 2491 2554 2555 2492 
2596 2492 2555 2556 2493 
2597 2493 2556 2557 2494 
2598 2494 2557 2558 2495 
2599 2495 2558 2559 2496 
2600 2496 2559 2560 2497 
2601 2497 2560 2561 2498 
2602 2498 2561 2562 2499 
2603 2499 2562 2563 2500 
2604 2500 2563 2564 2501 
2605 2501 2564 2565 2502 
2606 2502 2565 2566 2503 
2607 2503 2566 2567 2504 
2608 2504 2567 2568 2505 
2609 2505 2568 2569 2506 
2610 2506 2569 2570 2507 
2611 2507 2570 2571 2508 
2612 2508 2571 2572 2509 
2613 2509 2572 2573 2510 
2614 2510 2573 2574 2511 
2615 2511 2574 2575 2512 
2616 2512 2575 2576 2513 
2617 2513 2576 2577 2514 
2618 2514 2577 2578 2515 
2619 2515 2578 2579 2516 
2620 2516 2579 2580 2517 
2621 2517 2580 2581 2518 
2622 2518 2581 2582 2519 
2623 2519 2582 2583 2520 
2624 2520 2583 2584 2521 
2625 2521 2584 2585 2522 
2626 2522 2585 2586 2523 
2627 2523 2586 2587 2524 
2628 2524 2587 157 158 
2629 41 42 2588 2525 
2630 2525 2588 2589 2526 
2631 2526 2589 2590 2527 
2632 2527 2590 2591 2528 
2633 2528 2591 2592 2529 
2634 2529 2592 2593 2530 
2635 2530 2593 2594 2531 
2636 2531 2594 2595 2532 
2637 2532 2595 2596 2533 
2638 2533 2596 2597 2534 
2639 2534 2597 2598 2535 
2640 2535 2598 2599 2536 
2641 2536 2599 2600 2537 
2642 2537 2600 2601 2538 
2643 2538 2601 2602 2539 
2644 2539 2602 2603 2540 
2645 2540 2603 2604 2541 
2646 2541 2604 2605 2542 
2647 2542 2605 2606 2543 
2648 2543 2606 2607 2544 
2649 2544 2607 2608 2545 
2650 2545 2608 2609 2546 
2651 2546 2609 2610 2547 
2652 2547 2610 2611 2548 
2653 2548 2611 2612 2549 
2654 2549 2612 2613 2550 
2655 2550 2613 2614 2551 
2656 2551 2614 2615 2552 
2657 2552 2615 2616 2553 
2658 2553 2616 2617 2554 
2659 2554 2617 2618 2555 
2660 2555 2618 2619 2556 
2661 2556 2619 2620 2557 
2662 2557 2620 2621 2558 
2663 2558 2621 2622 2559 
2664 2559 2622 2623 2560 
2665 2560 2623 2624 2561 
2666 2561 2624 2625 2562 
2667 2562 2625 2626 2563 
2668 2563 2626 2627 2564 
2669 2564 2627 2628 2565 
2670 2565 2628 2629 2566 
2671 2566 2629 2630 2567 
2672 2567 2630 2631 2568 
2673 2568 2631 2632 2569 
2674 2569 2632 2633 2570 
2675 2570 2633 2634 2571 
2676 2571 2634 2635 2572 
2677 2572 2635 2636 2573 
2678 2573 2636 2637 2574 
2679 2574 2637 2638 2575 
2680 2575 2638 2639 2576 
2681 2576 2639 2640 2577 
2682 2577 2640 2641 2578 
2683 2578 2641 2642 2579 
2684 2579 2642 2643 2580 
2685 2580 2643 2644 2581 
2686 2581 2644 2645 2582 
2687 2582 2645 2646 2583 
2688 2583 2646 2647 2584 
2689 2584 2647 2648 2585 
2690 2585 2648 2649 2586 
2691 2586 2649 2650 2587 
2692 2587 2650 156 157 
2693 42 43 2651 2588 
2694 2588 2651 2652 2589 
2695 2589 2652 2653 2590 
2696 2590 2653 2654 2591 
2697 2591 2654 2655 2592 
2698 2592 2655 2656 2593 
2699 2593 2656 2657 2594 
2700 2594 2657 2658 2595 
2701 2595 2658 2659 2596 
2702 2596 2659 2660 2597 
2703 2597 2660 2661 2598 
2704 2598 2661 2662 2599 
2705 2599 2662 2663 2600 
2706 2600 2663 2664 2601 
2707 2601 2664 2665 2602 
2708 2602 2665 2666 2603 
2709 2603 2666 2667 2604 
2710 2604 2667 2668 2605 
2711 2605 2668 2669 2606 
2712 2606 2669 2670 2607 
2713 2607 2670 2671 2608 
2714 2608 2671 2672 2609 
2715 2609 2672 2673 2610 
2716 2610 2673 2674 2611 
2717 2611 2674 2675 2612 
2718 2612 2675 2676 2613 
2719 2613 2676 2677 2614 
2720 2614 2677 2678 2615 
2721 2615 2678 2679 2616 
2722 2616 2679 2680 2617 
2723 2617 2680 2681 2618 
2724 2618 2681 2682 2619 
2725 2619 2682 2683 2620 
2726 2620 2683 2684 2621 
2727 2621 2684 2685 2622 
2728 2622 2685 2686 2623 
2729 2623 2686 2687 2624 
2730 2624 2687 2688 2625 
2731 2625 2688 2689 2626 
2732 2626 2689 2690 2627 
2733 2627 2690 2691 2628 
2734 2628 2691 2692 2629 
2735 2629 2692 2693 2630 
2736 2630 2693 2694 2631 
2737 2631 2694 2695 2632 
2738 2632 2695 2696 2633 
2739 2633 2696 2697 2634 
2740 2634 2697 2698 2635 
2741 2635 2698 2699 2636 
2742 2636 2699 2700 2637 
2743 2637 2700 2701 2638 
2744 2638 2701 2702 2639 
2745 2639 2702 2703 2640 
2746 2640 2703 2704 2641 
2747 2641 2704 2705 2642 
2748 2642 2705 2706 2643 
2749 2643 2706 2707 2644 
2750 2644 2707 2708 2645 
2751 2645 2708 2709 2646 
2752 2646 2709 2710 2647 
2753 2647 2710 2711 2648 
2754 2648 2711 2712 2649 
2755 2649 2712 2713 2650 
2756 2650 2713 155 156 
2757 43 44 2714 2651 
2758 2651 2714 2715 2652 
2759 2652 2715 2716 2653 
2760 2653 2716 2717 2654 
2761 2654 2717 2718 2655 
2762 2655 2718 2719 2656 
2763 2656 2719 2720 2657 
2764 2657 2720 2721 2658 
2765 2658 2721 2722 2659 
2766 2659 2722 2723 2660 
2767 2660 2723 2724 2661 
2768 2661 2724 2725 2662 
2769 2662 2725 2726 2663 
2770 2663 2726 2727 2664 
2771 2664 2727 2728 2665 
2772 2665 2728 2729 2666 
2773 2666 2729 2730 2667 
2774 2667 2730 2731 2668 
2775 2668 2731 2732 2669 
2776 2669 2732 2733 2670 
2777 2670 2733 2734 2671 
2778 2671 2734 2735 2672 
2779 2672 2735 2736 2673 
2780 2673 2736 2737 2674 
2781 2674 2737 2738 2675 
2782 2675 2738 2739 2676 
2783 2676 2739 2740 2677 
2784 2677 2740 2741 2678 
2785 2678 2741 2742 2679 
2786 2679 2742 2743 2680 
2787 2680 2743 2744 2681 
2788 2681 2744 2745 2682 
2789 2682 2745 2746 2683 
2790 2683 2746 2747 2684 
2791 2684 2747 2748 2685 
2792 2685 2748 2749 2686 
2793 2686 2749 2750 2687 
2794 2687 2750 2751 2688 
2795 2688 2751 2752 2689 
2796 2689 2752 2753 2690 
2797 2690 2753 2754 2691 
2798 2691 2754 2755 2692 
2799 2692 2755 2756 2693 
2800 2693 2756 2757 2694 
2801 2694 2757 2758 2695 
2802 2695 2758 2759 2696 
2803 2696 2759 2760 2697 
2804 2697 2760 2761 2698 
2805 2698 2761 2762 2699 
2806 2699 2762 2763 2700 
2807 2700 2763 2764 2701 
2808 2701 2764 2765 2702 
2809 2702 2765 2766 2703 
2810 2703 2766 2767 2704 
2811 2704 2767 2768 2705 
2812 2705 2768 2769 2706 
2813 2706 2769 2770 2707 
2814 2707 2770 2771 2708 
2815 2708 2771 2772 2709 
2816 2709 2772 2773 2710 
2817 2710 2773 2774 2711 
2818 2711 2774 2775 2712 
2819 2712 2775 2776 2713 
2820 2713 2776 154 155 
2821 44 45 2777 2714 
2822 2714 2777 2778 2715 
2823 2715 2778 2779 2716 
2824 2716 2779 2780 2717 
2825 2717 2780 2781 2718 
2826 2718 2781 2782 2719 
2827 2719 2782 2783 2720 
2828 2720 2783 2784 2721 
2829 2721 2784 2785 2722 
2830 2722 2785 2786 2723 
2831 2723 2786 2787 2724 
2832 2724 2787 2788 2725 
2833 2725 2788 2789 2726 
2834 2726 2789 2790 2727 
2835 2727 2790 2791 2728 
2836 2728 2791 2792 2729 
2837 2729 2792 2793 2730 
2838 2730 2793 2794 2731 
2839 2731 2794 2795 2732 
2840 2732 2795 2796 2733 
2841 2733 2796 2797 2734 
2842 2734 2797 2798 2735 
2843 2735 2798 2799 2736 
2844 2736 2799 2800 2737 
2845 2737 2800 2801 2738 
2846 2738 2801 2802 2739 
2847 2739 2802 2803 2740 
2848 2740 2803 2804 2741 
2849 2741 2804 2805 2742 
2850 2742 2805 2806 2743 
2851 2743 2806 2807 2744 
2852 2744 2807 2808 2745 
2853 2745 2808 2809 2746 
2854 2746 2809 2810 2747 
2855 2747 2810 2811 2748 
2856 2748 2811 2812 2749 
2857 2749 2812 2813 2750 
2858 2750 2813 2814 2751 
2859 2751 2814 2815 2752 
2860 2752 2815 2816 2753 
2861 2753 2816 2817 2754 
2862 2754 2817 2818 2755 
2863 2755 2818 2819 2756 
2864 2756 2819 2820 2757 
2865 2757 2820 2821 2758 
2866 2758 2821 2822 2759 
2867 2759 2822 2823 2760 
2868 2760 2823 2824 2761 
2869 2761 2824 2825 2762 
2870 2762 2825 2826 2763 
2871 2763 2826 2827 2764 
2872 2764 2827 2828 2765 
2873 2765 2828 2829 2766 
2874 2766 2829 2830 2767 
2875 2767 2830 2831 2768 
2876 2768 2831 2832 2769 
2877 2769 2832 2833 2770 
2878 2770 2833 2834 2771 
2879 2771 2834 2835 2772 
2880 2772 2835 2836 2773 
2881 2773 2836 2837 2774 
2882 2774 2837 2838 2775 
2883 2775 2838 2839 2776 
2884 2776 2839 153 154 
2885 45 46 2840 2777 
2886 2777 2840 2841 2778 
2887 2778 2841 2842 2779 
2888 2779 2842 2843 2780 
2889 2780 2843 2844 2781 
2890 2781 2844 2845 2782 
2891 2782 2845 2846 2783 
2892 2783 2846 2847 2784 
2893 2784 2847 2848 2785 
2894 2785 2848 2849 2786 
2895 2786 2849 2850 2787 
2896 2787 2850 2851 2788 
2897 2788 2851 2852 2789 
2898 2789 2852 2853 2790 
2899 2790 2853 2854 2791 
2900 2791 2854 2855 2792 
2901 2792 2855 2856 2793 
2902 2793 2856 2857 2794 
2903 2794 2857 2858 2795 
2904 2795 2858 2859 2796 
2905 2796 2859 2860 2797 
2906 2797 2860 2861 2798 
2907 2798 2861 2862 2799 
2908 2799 2862 2863 2800 
2909 2800 2863 2864 2801 
2910 2801 2864 2865 2802 
2911 2802 2865 2866 2803 
2912 2803 2866 2867 2804 
2913 2804 2867 2868 2805 
2914 2805 2868 2869 2806 
2915 2806 2869 2870 2807 
2916 2807 2870 2871 2808 
2917 2808 2871 2872 2809 
2918 2809 2872 2873 2810 
2919 2810 2873 2874 2811 
2920 2811 2874 2875 2812 
2921 2812 2875 2876 2813 
2922 2813 2876 2877 2814 
2923 2814 2877 2878 2815 
2924 2815 2878 2879 2816 
2925 2816 2879 2880 2817 
2926 2817 2880 2881 2818 
2927 2818 2881 2882 2819 
2928 2819 2882 2883 2820 
2929 2820 2883 2884 2821 
2930 2821 2884 2885 2822 
2931 2822 2885 2886 2823 
2932 2823 2886 2887 2824 
2933 2824 2887 2888 2825 
2934 2825 2888 2889 2826 
2935 2826 2889 2890 2827 
2936 2827 2890 2891 2828 
2937 2828 2891 2892 2829 
2938 2829 2892 2893 2830 
2939 2830 2893 2894 2831 
2940 2831 2894 2895 2832 
2941 2832 2895 2896 2833 
2942 2833 2896 2897 2834 
2943 2834 2897 2898 2835 
2944 2835 2898 2899 2836 
2945 2836 2899 2900 2837 
2946 2837 2900 2901 2838 
2947 2838 2901 2902 2839 
2948 2839 2902 152 153 
2949 46 47 2903 2840 
2950 2840 2903 2904 2841 
2951 2841 2904 2905 2842 
2952 2842 2905 2906 2843 
2953 2843 2906 2907 2844 
2954 2844 2907 2908 2845 
2955 2845 2908 2909 2846 
2956 2846 2909 2910 2847 
2957 2847 2910 2911 2848 
2958 2848 2911 2912 2849 
2959 2849 2912 2913 2850 
2960 2850 2913 2914 2851 
2961 2851 2914 2915 2852 
2962 2852 2915 2916 2853 
2963 2853 2916 2917 2854 
2964 2854 2917 2918 2855 
2965 2855 2918 2919 2856 
2966 2856 2919 2920 2857 
2967 2857 2920 2921 2858 
2968 2858 2921 2922 2859 
2969 2859 2922 2923 2860 
2970 2860 2923 2924 2861 
2971 2861 2924 2925 2862 
2972 2862 2925 2926 2863 
2973 2863 2926 2927 2864 
2974 2864 2927 2928 2865 
2975 2865 2928 2929 2866 
2976 2866 2929 2930 2867 
2977 2867 2930 2931 2868 
2978 2868 2931 2932 2869 
2979 2869 2932 2933 2870 
2980 2870 2933 2934 2871 
2981 2871 2934 2935 2872 
2982 2872 2935 2936 2873 
2983 2873 2936 2937 2874 
2984 2874 2937 2938 2875 
2985 2875 2938 2939 2876 
2986 2876 2939 2940 2877 
2987 2877 2940 2941 2878 
2988 2878 2941 2942 2879 
2989 2879 2942 2943 2880 
2990 2880 2943 2944 2881 
2991 2881 2944 2945 2882 
2992 2882 2945 2946 2883 
2993 2883 2946 2947 2884 
2994 2884 2947 2948 2885 
2995 2885 2948 2949 2886 
2996 2886 2949 2950 2887 
2997 2887 2950 2951 2888 
2998 2888 2951 2952 2889 
2999 2889 2952 2953 2890 
3000 2890 2953 2954 2891 
3001 2891 2954 2955 2892 
3002 2892 2955 2956 2893 
3003 2893 2956 2957 2894 
3004 2894 2957 2958 2895 
3005 2895 2958 2959 2896 
3006 2896 2959 2960 2897 
3007 2897 2960 2961 2898 
3008 2898 2961 2962 2899 
3009 2899 2962 2963 2900 
3010 2900 2963 2964 2901 
3011 2901 2964 2965 2902 
3012 2902 2965 151 152 
3013 47 48 2966 2903 
3014 2903 2966 2967 2904 
3015 2904 2967 2968 2905 
3016 2905 2968 2969 2906 
3017 2906 2969 2970 2907 
3018 2907 2970 2971 2908 
3019 2908 2971 2972 2909 
3020 2909 2972 2973 2910 
3021 2910 2973 2974 2911 
3022 2911 2974 2975 2912 
3023 2912 2975 2976 2913 
3024 2913 2976 2977 2914 
3025 2914 2977 2978 2915 
3026 2915 2978 2979 2916 
3027 2916 2979 2980 2917 
3028 2917 2980 2981 2918 
3029 2918 2981 2982 2919 
3030 2919 2982 2983 2920 
3031 2920 2983 2984 2921 
3032 2921 2984 2985 2922 
3033 2922 2985 2986 2923 
3034 2923 2986 2987 2924 
3035 2924 2987 2988 2925 
3036 2925 2988 2989 2926 
3037 2926 2989 2990 2927 
3038 2927 2990 2991 2928 
3039 2928 2991 2992 2929 
3040 2929 2992 2993 2930 
3041 2930 2993 2994 2931 
3042 2931 2994 2995 2932 
3043 2932 2995 2996 2933 
3044 2933 2996 2997 2934 
3045 2934 2997 2998 2935 
3046 2935 2998 2999 2936 
3047 2936 2999 3000 2937 
3048 2937 3000 3001 2938 
3049 2938 3001 3002 2939 
3050 2939 3002 3003 2940 
3051 2940 3003 3004 2941 
3052 2941 3004 3005 2942 
3053 2942 3005 3006 2943 
3054 2943 3006 3007 2944 
3055 2944 3007 3008 2945 
3056 2945 3008 3009 2946 
3057 2946 3009 3010 2947 
3058 2947 3010 3011 2948 
3059 2948 3011 3012 2949 
3060 2949 3012 3013 2950 
3061 2950 3013 3014 2951 
3062 2951 3014 3015 2952 
3063 2952 3015 3016 2953 
3064 2953 3016 3017 2954 
3065 2954 3017 3018 2955 
3066 2955 3018 3019 2956 
3067 2956 3019 3020 2957 
3068 2957 3020 3021 2958 
3069 2958 3021 3022 2959 
3070 2959 3022 3023 2960 
3071 2960 3023 3024 2961 
3072 2961 3024 3025 2962 
3073 2962 3025 3026 2963 
3074 2963 3026 3027 2964 
3075 2964 3027 3028 2965 
3076 2965 3028 150 151 
3077 48 49 3029 2966 
3078 2966 3029 3030 2967 
3079 2967 3030 3031 2968 
3080 2968 3031 3032 2969 
3081 2969 3032 3033 2970 
3082 2970 3033 3034 2971 
3083 2971 3034 3035 2972 
3084 2972 3035 3036 2973 
3085 2973 3036 3037 2974 
3086 2974 3037 3038 2975 
3087 2975 3038 3039 2976 
3088 2976 3039 3040 2977 
3089 2977 3040 3041 2978 
3090 2978 3041 3042 2979 
3091 2979 3042 3043 2980 
3092 2980 3043 3044 2981 
3093 2981 3044 3045 2982 
3094 2982 3045 3046 2983 
3095 2983 3046 3047 2984 
3096 2984 3047 3048 2985 
3097 2985 3048 3049 2986 
3098 2986 3049 3050 2987 
3099 2987 3050 3051 2988 
3100 2988 3051 3052 2989 
3101 2989 3052 3053 2990 
3102 2990 3053 3054 2991 
3103 2991 3054 3055 2992 
3104 2992 3055 3056 2993 
3105 2993 3056 3057 2994 
3106 2994 3057 3058 2995 
3107 2995 3058 3059 2996 
3108 2996 3059 3060 2997 
3109 2997 3060 3061 2998 
3110 2998 3061 3062 2999 
3111 2999 3062 3063 3000 
3112 3000 3063 3064 3001 
3113 3001 3064 3065 3002 
3114 3002 3065 3066 3003 
3115 3003 3066 3067 3004 
3116 3004 3067 3068 3005 
3117 3005 3068 3069 3006 
3118 3006 3069 3070 3007 
3119 3007 3070 3071 3008 
3120 3008 3071 3072 3009 
3121 3009 3072 3073 3010 
3122 3010 3073 3074 3011 
3123 3011 3074 3075 3012 
3124 3012 3075 3076 3013 
3125 3013 3076 3077 3014 
3126 3014 3077 3078 3015 
3127 3015 3078 3079 3016 
3128 3016 3079 3080 3017 
3129 3017 3080 3081 3018 
3130 3018 3081 3082 3019 
3131 3019 3082 3083 3020 
3132 3020 3083 3084 3021 
3133 3021 3084 3085 3022 
3134 3022 3085 3086 3023 
3135 3023 3086 3087 3024 
3136 3024 3087 3088 3025 
3137 3025 3088 3089 3026 
3138 3026 3089 3090 3027 
3139 3027 3090 3091 3028 
3140 3028 3091 149 150 
3141 49 50 3092 3029 
3142 3029 3092 3093 3030 
3143 3030 3093 3094 3031 
3144 3031 3094 3095 3032 
3145 3032 3095 3096 3033 
3146 3033 3096 3097 3034 
3147 3034 3097 3098 3035 
3148 3035 3098 3099 3036 
3149 3036 3099 3100 3037 
3150 3037 3100 3101 3038 
3151 3038 3101 3102 3039 
3152 3039 3102 3103 3040 
3153 3040 3103 3104 3041 
3154 3041 3104 3105 3042 
3155 3042 3105 3106 3043 
3156 3043 3106 3107 3044 
3157 3044 3107 3108 3045 
3158 3045 3108 3109 3046 
3159 3046 3109 3110 3047 
3160 3047 3110 3111 3048 
3161 3048 3111 3112 3049 
3162 3049 3112 3113 3050 
3163 3050 3113 3114 3051 
3164 3051 3114 3115 3052 
3165 3052 3115 3116 3053 
3166 3053 3116 3117 3054 
3167 3054 3117 3118 3055 
3168 3055 3118 3119 3056 
3169 3056 3119 3120 3057 
3170 3057 3120 3121 3058 
3171 3058 3121 3122 3059 
3172 3059 3122 3123 3060 
3173 3060 3123 3124 3061 
3174 3061 3124 3125 3062 
3175 3062 3125 3126 3063 
3176 3063 3126 3127 3064 
3177 3064 3127 3128 3065 
3178 3065 3128 3129 3066 
3179 3066 3129 3130 3067 
3180 3067 3130 3131 3068 
3181 3068 3131 3132 3069 
3182 3069 3132 3133 3070 
3183 3070 3133 3134 3071 
3184 3071 3134 3135 3072 
3185 3072 3135 3136 3073 
3186 3073 3136 3137 3074 
3187 3074 3137 3138 3075 
3188 3075 3138 3139 3076 
3189 3076 3139 3140 3077 
3190 3077 3140 3141 3078 
3191 3078 3141 3142 3079 
3192 3079 3142 3143 3080 
3193 3080 3143 3144 3081 
3194 3081 3144 3145 3082 
3195 3082 3145 3146 3083 
3196 3083 3146 3147 3084 
3197 3084 3147 3148 3085 
3198 3085 3148 3149 3086 
3199 3086 3149 3150 3087 
3200 3087 3150 3151 3088 
3201 3088 3151 3152 3089 
3202 3089 3152 3153 3090 
3203 3090 3153 3154 3091 
3204 3091 3154 148 149 
3205 50 51 3155 3092 
3206 3092 3155 3156 3093 
3207 3093 3156 3157 3094 
3208 3094 3157 3158 3095 
3209 3095 3158 3159 3096 
3210 3096 3159 3160 3097 
3211 3097 3160 3161 3098 
3212 3098 3161 3162 3099 
3213 3099 3162 3163 3100 
3214 3100 3163 3164 3101 
3215 3101 3164 3165 3102 
3216 3102 3165 3166 3103 
3217 3103 3166 3167 3104 
3218 3104 3167 3168 3105 
3219 3105 3168 3169 3106 
3220 3106 3169 3170 3107 
3221 3107 3170 3171 3108 
3222 3108 3171 3172 3109 
3223 3109 3172 3173 3110 
3224 3110 3173 3174 3111 
3225 3111 3174 3175 3112 
3226 3112 3175 3176 3113 
3227 3113 3176 3177 3114 
3228 3114 3177 3178 3115 
3229 3115 3178 3179 3116 
3230 3116 3179 3180 3117 
3231 3117 3180 3181 3118 
3232 3118 3181 3182 3119 
3233 3119 3182 3183 3120 
3234 3120 3183 3184 3121 
3235 3121 3184 3185 3122 
3236 3122 3185 3186 3123 
3237 3123 3186 3187 3124 
3238 3124 3187 3188 3125 
3239 3125 3188 3189 3126 
3240 3126 3189 3190 3127 
3241 3127 3190 3191 3128 
3242 3128 3191 3192 3129 
3243 3129 3192 3193 3130 
3244 3130 3193 3194 3131 
3245 3131 3194 3195 3132 
3246 3132 3195 3196 3133 
3247 3133 3196 3197 3134 
3248 3134 3197 3198 3135 
3249 3135 3198 3199 3136 
3250 3136 3199 3200 3137 
3251 3137 3200 3201 3138 
3252 3138 3201 3202 3139 
3253 3139 3202 3203 3140 
3254 3140 3203 3204 3141 
3255 3141 3204 3205 3142 
3256 3142 3205 3206 3143 
3257 3143 3206 3207 3144 
3258 3144 3207 3208 3145 
3259 3145 3208 3209 3146 
3260 3146 3209 3210 3147 
3261 3147 3210 3211 3148 
3262 3148 3211 3212 3149 
3263 3149 3212 3213 3150 
3264 3150 3213 3214 3151 
3265 3151 3214 3215 3152 
3266 3152 3215 3216 3153 
3267 3153 3216 3217 3154 
3268 3154 3217 147 148 
3269 51 52 3218 3155 
3270 3155 3218 3219 3156 
3271 3156 3219 3220 3157 
3272 3157 3220 3221 3158 
3273 3158 3221 3222 3159 
3274 3159 3222 3223 3160 
3275 3160 3223 3224 3161 
3276 3161 3224 3225 3162 
3277 3162 3225 3226 3163 
3278 3163 3226 3227 3164 
3279 3164 3227 3228 3165 
3280 3165 3228 3229 3166 
3281 3166 3229 3230 3167 
3282 3167 3230 3231 3168 
3283 3168 3231 3232 3169 
3284 3169 3232 3233 3170 
3285 3170 3233 3234 3171 
3286 3171 3234 3235 3172 
3287 3172 3235 3236 3173 
3288 3173 3236 3237 3174 
3289 3174 3237 3238 3175 
3290 3175 3238 3239 3176 
3291 3176 3239 3240 3177 
3292 3177 3240 3241 3178 
3293 3178 3241 3242 3179 
3294 3179 3242 3243 3180 
3295 3180 3243 3244 3181 
3296 3181 3244 3245 3182 
3297 3182 3245 3246 3183 
3298 3183 3246 3247 3184 
3299 3184 3247 3248 3185 
3300 3185 3248 3249 3186 
3301 3186 3249 3250 3187 
3302 3187 3250 3251 3188 
3303 3188 3251 3252 3189 
3304 3189 3252 3253 3190 
3305 3190 3253 3254 3191 
3306 3191 3254 3255 3192 
3307 3192 3255 3256 3193 
3308 3193 3256 3257 3194 
3309 3194 3257 3258 3195 
3310 3195 3258 3259 3196 
3311 3196 3259 3260 3197 
3312 3197 3260 3261 3198 
3313 3198 3261 3262 3199 
3314 3199 3262 3263 3200 
3315 3200 3263 3264 3201 
3316 3201 3264 3265 3202 
3317 3202 3265 3266 3203 
3318 3203 3266 3267 3204 
3319 3204 3267 3268 3205 
3320 3205 3268 3269 3206 
3321 3206 3269 3270 3207 
3322 3207 3270 3271 3208 
3323 3208 3271 3272 3209 
3324 3209 3272 3273 3210 
3325 3210 3273 3274 3211 
3326 3211 3274 3275 3212 
3327 3212 3275 3276 3213 
3328 3213 3276 3277 3214 
3329 3214 3277 3278 3215 
3330 3215 3278 3279 3216 
3331 3216 3279 3280 3217 
3332 3217 3280 146 147 
3333 52 53 3281 3218 
3334 3218 3281 3282 3219 
3335 3219 3282 3283 3220 
3336 3220 3283 3284 3221 
3337 3221 3284 3285 3222 
3338 3222 3285 3286 3223 
3339 3223 3286 3287 3224 
3340 3224 3287 3288 3225 
3341 3225 3288 3289 3226 
3342 3226 3289 3290 3227 
3343 3227 3290 3291 3228 
3344 3228 3291 3292 3229 
3345 3229 3292 3293 3230 
3346 3230 3293 3294 3231 
3347 3231 3294 3295 3232 
3348 3232 3295 3296 3233 
3349 3233 3296 3297 3234 
3350 3234 3297 3298 3235 
3351 3235 3298 3299 3236 
3352 3236 3299 3300 3237 
3353 3237 3300 3301 3238 
3354 3238 3301 3302 3239 
3355 3239 3302 3303 3240 
3356 3240 3303 3304 3241 
3357 3241 3304 3305 3242 
3358 3242 3305 3306 3243 
3359 3243 3306 3307 3244 
3360 3244 3307 3308 3245 
3361 3245 3308 3309 3246 
3362 3246 3309 3310 3247 
3363 3247 3310 3311 3248 
3364 3248 3311 3312 3249 
3365 3249 3312 3313 3250 
3366 3250 3313 3314 3251 
3367 3251 3314 3315 3252 
3368 3252 3315 3316 3253 
3369 3253 3316 3317 3254 
3370 3254 3317 3318 3255 
3371 3255 3318 3319 3256 
3372 3256 3319 3320 3257 
3373 3257 3320 3321 3258 
3374 3258 3321 3322 3259 
3375 3259 3322 3323 3260 
3376 3260 3323 3324 3261 
3377 3261 3324 3325 3262 
3378 3262 3325 3326 3263 
3379 3263 3326 3327 3264 
3380 3264 3327 3328 3265 
3381 3265 3328 3329 3266 
3382 3266 3329 3330 3267 
3383 3267 3330 3331 3268 
3384 3268 3331 3332 3269 
3385 3269 3332 3333 3270 
3386 3270 3333 3334 3271 
3387 3271 3334 3335 3272 
3388 3272 3335 3336 3273 
3389 3273 3336 3337 3274 
3390 3274 3337 3338 3275 
3391 3275 3338 3339 3276 
3392 3276 3339 3340 3277 
3393 3277 3340 3341 3278 
3394 3278 3341 3342 3279 
3395 3279 3342 3343 3280 
3396 3280 3343 145 146 
3397 53 54 3344 3281 
3398 3281 3344 3345 3282 
3399 3282 3345 3346 3283 
3400 3283 3346 3347 3284 
3401 3284 3347 3348 3285 
3402 3285 3348 3349 3286 
3403 3286 3349 3350 3287 
3404 3287 3350 3351 3288 
3405 3288 3351 3352 3289 
3406 3289 3352 3353 3290 
3407 3290 3353 3354 3291 
3408 3291 3354 3355 3292 
3409 3292 3355 3356 3293 
3410 3293 3356 3357 3294 
3411 3294 3357 3358 3295 
3412 3295 3358 3359 3296 
3413 3296 3359 3360 3297 
3414 3297 3360 3361 3298 
3415 3298 3361 3362 3299 
3416 3299 3362 3363 3300 
3417 3300 3363 3364 3301 
3418 3301 3364 3365 3302 
3419 3302 3365 3366 3303 
3420 3303 3366 3367 3304 
3421 3304 3367 3368 3305 
3422 3305 3368 3369 3306 
3423 3306 3369 3370 3307 
3424 3307 3370 3371 3308 
3425 3308 3371 3372 3309 
3426 3309 3372 3373 3310 
3427 3310 3373 3374 3311 
3428 3311 3374 3375 3312 
3429 3312 3375 3376 3313 
3430 3313 3376 3377 3314 
3431 3314 3377 3378 3315 
3432 3315 3378 3379 3316 
3433 3316 3379 3380 3317 
3434 3317 3380 3381 3318 
3435 3318 3381 3382 3319 
3436 3319 3382 3383 3320 
3437 3320 3383 3384 3321 
3438 3321 3384 3385 3322 
3439 3322 3385 3386 3323 
3440 3323 3386 3387 3324 
3441 3324 3387 3388 3325 
3442 3325 3388 3389 3326 
3443 3326 3389 3390 3327 
3444 3327 3390 3391 3328 
3445 3328 3391 3392 3329 
3446 3329 3392 3393 3330 
3447 3330 3393 3394 3331 
3448 3331 3394 3395 3332 
3449 3332 3395 3396 3333 
3450 3333 3396 3397 3334 
3451 3334 3397 3398 3335 
3452 3335 3398 3399 3336 
3453 3336 3399 3400 3337 
3454 3337 3400 3401 3338 
3455 3338 3401 3402 3339 
3456 3339 3402 3403 3340 
3457 3340 3403 3404 3341 
3458 3341 3404 3405 3342 
3459 3342 3405 3406 3343 
3460 3343 3406 144 145 
3461 54 55 3407 3344 
3462 3344 3407 3408 3345 
3463 3345 3408 3409 3346 
3464 3346 3409 3410 3347 
3465 3347 3410 3411 3348 
3466 3348 3411 3412 3349 
3467 3349 3412 3413 3350 
3468 3350 3413 3414 3351 
3469 3351 3414 3415 3352 
3470 3352 3415 3416 3353 
3471 3353 3416 3417 3354 
3472 3354 3417 3418 3355 
3473 3355 3418 3419 3356 
3474 3356 3419 3420 3357 
3475 3357 3420 3421 3358 
3476 3358 3421 3422 3359 
3477 3359 3422 3423 3360 
3478 3360 3423 3424 3361 
3479 3361 3424 3425 3362 
3480 3362 3425 3426 3363 
3481 3363 3426 3427 3364 
3482 3364 3427 3428 3365 
3483 3365 3428 3429 3366 
3484 3366 3429 3430 3367 
3485 3367 3430 3431 3368 
3486 3368 3431 3432 3369 
3487 3369 3432 3433 3370 
3488 3370 3433 3434 3371 
3489 3371 3434 3435 3372 
3490 3372 3435 3436 3373 
3491 3373 3436 3437 3374 
3492 3374 3437 3438 3375 
3493 3375 3438 3439 3376 
3494 3376 3439 3440 3377 
3495 3377 3440 3441 3378 
3496 3378 3441 3442 3379 
3497 3379 3442 3443 3380 
3498 3380 3443 3444 3381 
3499 3381 3444 3445 3382 
3500 3382 3445 3446 3383 
3501 3383 3446 3447 3384 
3502 3384 3447 3448 3385 
3503 3385 3448 3449 3386 
3504 3386 3449 3450 3387 
3505 3387 3450 3451 3388 
3506 3388 3451 3452 3389 
3507 3389 3452 3453 3390 
3508 3390 3453 3454 3391 
3509 3391 3454 3455 3392 
3510 3392 3455 3456 3393 
3511 3393 3456 3457 3394 
3512 3394 3457 3458 3395 
3513 3395 3458 3459 3396 
3514 3396 3459 3460 3397 
3515 3397 3460 3461 3398 
3516 3398 3461 3462 3399 
3517 3399 3462 3463 3400 
3518 3400 3463 3464 3401 
3519 3401 3464 3465 3402 
3520 3402 3465 3466 3403 
3521 3403 3466 3467 3404 
3522 3404 3467 3468 3405 
3523 3405 3468 3469 3406 
3524 3406 3469 143 144 
3525 55 56 3470 3407 
3526 3407 3470 3471 3408 
3527 3408 3471 3472 3409 
3528 3409 3472 3473 3410 
3529 3410 3473 3474 3411 
3530 3411 3474 3475 3412 
3531 3412 3475 3476 3413 
3532 3413 3476 3477 3414 
3533 3414 3477 3478 3415 
3534 3415 3478 3479 3416 
3535 3416 3479 3480 3417 
3536 3417 3480 3481 3418 
3537 3418 3481 3482 3419 
3538 3419 3482 3483 3420 
3539 3420 3483 3484 3421 
3540 3421 3484 3485 3422 
3541 3422 3485 3486 3423 
3542 3423 3486 3487 3424 
3543 3424 3487 3488 3425 
3544 3425 3488 3489 3426 
3545 3426 3489 3490 3427 
3546 3427 3490 3491 3428 
3547 3428 3491 3492 3429 
3548 3429 3492 3493 3430 
3549 3430 3493 3494 3431 
3550 3431 3494 3495 3432 
3551 3432 3495 3496 3433 
3552 3433 3496 3497 3434 
3553 3434 3497 3498 3435 
3554 3435 3498 3499 3436 
3555 3436 3499 3500 3437 
3556 3437 3500 3501 3438 
3557 3438 3501 3502 3439 
3558 3439 3502 3503 3440 
3559 3440 3503 3504 3441 
3560 3441 3504 3505 3442 
3561 3442 3505 3506 3443 
3562 3443 3506 3507 3444 
3563 3444 3507 3508 3445 
3564 3445 3508 3509 3446 
3565 3446 3509 3510 3447 
3566 3447 3510 3511 3448 
3567 3448 3511 3512 3449 
3568 3449 3512 3513 3450 
3569 3450 3513 3514 3451 
3570 3451 3514 3515 3452 
3571 3452 3515 3516 3453 
3572 3453 3516 3517 3454 
3573 3454 3517 3518 3455 
3574 3455 3518 3519 3456 
3575 3456 3519 3520 3457 
3576 3457 3520 3521 3458 
3577 3458 3521 3522 3459 
3578 3459 3522 3523 3460 
3579 3460 3523 3524 3461 
3580 3461 3524 3525 3462 
3581 3462 3525 3526 3463 
3582 3463 3526 3527 3464 
3583 3464 3527 3528 3465 
3584 3465 3528 3529 3466 
3585 3466 3529 3530 3467 
3586 3467 3530 3531 3468 
3587 3468 3531 3532 3469 
3588 3469 3532 142 143 
3589 56 57 3533 3470 
3590 3470 3533 3534 3471 
3591 3471 3534 3535 3472 
3592 3472 3535 3536 3473 
3593 3473 3536 3537 3474 
3594 3474 3537 3538 3475 
3595 3475 3538 3539 3476 
3596 3476 3539 3540 3477 
3597 3477 3540 3541 3478 
3598 3478 3541 3542 3479 
3599 3479 3542 3543 3480 
3600 3480 3543 3544 3481 
3601 3481 3544 3545 3482 
3602 3482 3545 3546 3483 
3603 3483 3546 3547 3484 
3604 3484 3547 3548 3485 
3605 3485 3548 3549 3486 
3606 3486 3549 3550 3487 
3607 3487 3550 3551 3488 
3608 3488 3551 3552 3489 
3609 3489 3552 3553 3490 
3610 3490 3553 3554 3491 
3611 3491 3554 3555 3492 
3612 3492 3555 3556 3493 
3613 3493 3556 3557 3494 
3614 3494 3557 3558 3495 
3615 3495 3558 3559 3496 
3616 3496 3559 3560 3497 
3617 3497 3560 3561 3498 
3618 3498 3561 3562 3499 
3619 3499 3562 3563 3500 
3620 3500 3563 3564 3501 
3621 3501 3564 3565 3502 
3622 3502 3565 3566 3503 
3623 3503 3566 3567 3504 
3624 3504 3567 3568 3505 
3625 3505 3568 3569 3506 
3626 3506 3569 3570 3507 
3627 3507 3570 3571 3508 
3628 3508 3571 3572 3509 
3629 3509 3572 3573 3510 
3630 3510 3573 3574 3511 
3631 3511 3574 3575 3512 
3632 3512 3575 3576 3513 
3633 3513 3576 3577 3514 
3634 3514 3577 3578 3515 
3635 3515 3578 3579 3516 
3636 3516 3579 3580 3517 
3637 3517 3580 3581 3518 
3638 3518 3581 3582 3519 
3639 3519 3582 3583 3520 
3640 3520 3583 3584 3521 
3641 3521 3584 3585 3522 
3642 3522 3585 3586 3523 
3643 3523 3586 3587 3524 
3644 3524 3587 3588 3525 
3645 3525 3588 3589 3526 
3646 3526 3589 3590 3527 
3647 3527 3590 3591 3528 
3648 3528 3591 3592 3529 
3649 3529 3592 3593 3530 
3650 3530 3593 3594 3531 
3651 3531 3594 3595 3532 
3652 3532 3595 141 142 
3653 57 58 3596 3533 
3654 3533 3596 3597 3534 
3655 3534 3597 3598 3535 
3656 3535 3598 3599 3536 
3657 3536 3599 3600 3537 
3658 3537 3600 3601 3538 
3659 3538 3601 3602 3539 
3660 3539 3602 3603 3540 
3661 3540 3603 3604 3541 
3662 3541 3604 3605 3542 
3663 3542 3605 3606 3543 
3664 3543 3606 3607 3544 
3665 3544 3607 3608 3545 
3666 3545 3608 3609 3546 
3667 3546 3609 3610 3547 
3668 3547 3610 3611 3548 
3669 3548 3611 3612 3549 
3670 3549 3612 3613 3550 
3671 3550 3613 3614 3551 
3672 3551 3614 3615 3552 
3673 3552 3615 3616 3553 
3674 3553 3616 3617 3554 
3675 3554 3617 3618 3555 
3676 3555 3618 3619 3556 
3677 3556 3619 3620 3557 
3678 3557 3620 3621 3558 
3679 3558 3621 3622 3559 
3680 3559 3622 3623 3560 
3681 3560 3623 3624 3561 
3682 3561 3624 3625 3562 
3683 3562 3625 3626 3563 
3684 3563 3626 3627 3564 
3685 3564 3627 3628 3565 
3686 3565 3628 3629 3566 
3687 3566 3629 3630 3567 
3688 3567 3630 3631 3568 
3689 3568 3631 3632 3569 
3690 3569 3632 3633 3570 
3691 3570 3633 3634 3571 
3692 3571 3634 3635 3572 
3693 3572 3635 3636 3573 
3694 3573 3636 3637 3574 
3695 3574 3637 3638 3575 
3696 3575 3638 3639 3576 
3697 3576 3639 3640 3577 
3698 3577 3640 3641 3578 
3699 3578 3641 3642 3579 
3700 3579 3642 3643 3580 
3701 3580 3643 3644 3581 
3702 3581 3644 3645 3582 
3703 3582 3645 3646 3583 
3704 3583 3646 3647 3584 
3705 3584 3647 3648 3585 
3706 3585 3648 3649 3586 
3707 3586 3649 3650 3587 
3708 3587 3650 3651 3588 
3709 3588 3651 3652 3589 
3710 3589 3652 3653 3590 
3711 3590 3653 3654 3591 
3712 3591 3654 3655 3592 
3713 3592 3655 3656 3593 
3714 3593 3656 3657 3594 
3715 3594 3657 3658 3595 
3716 3595 3658 140 141 
3717 58 59 3659 3596 
3718 3596 3659 3660 3597 
3719 3597 3660 3661 3598 
3720 3598 3661 3662 3599 
3721 3599 3662 3663 3600 
3722 3600 3663 3664 3601 
3723 3601 3664 3665 3602 
3724 3602 3665 3666 3603 
3725 3603 3666 3667 3604 
3726 3604 3667 3668 3605 
3727 3605 3668 3669 3606 
3728 3606 3669 3670 3607 
3729 3607 3670 3671 3608 
3730 3608 3671 3672 3609 
3731 3609 3672 3673 3610 
3732 3610 3673 3674 3611 
3733 3611 3674 3675 3612 
3734 3612 3675 3676 3613 
3735 3613 3676 3677 3614 
3736 3614 3677 3678 3615 
3737 3615 3678 3679 3616 
3738 3616 3679 3680 3617 
3739 3617 3680 3681 3618 
3740 3618 3681 3682 3619 
3741 3619 3682 3683 3620 
3742 3620 3683 3684 3621 
3743 3621 3684 3685 3622 
3744 3622 3685 3686 3623 
3745 3623 3686 3687 3624 
3746 3624 3687 3688 3625 
3747 3625 3688 3689 3626 
3748 3626 3689 3690 3627 
3749 3627 3690 3691 3628 
3750 3628 3691 3692 3629 
3751 3629 3692 3693 3630 
3752 3630 3693 3694 3631 
3753 3631 3694 3695 3632 
3754 3632 3695 3696 3633 
3755 3633 3696 3697 3634 
3756 3634 3697 3698 3635 
3757 3635 3698 3699 3636 
3758 3636 3699 3700 3637 
3759 3637 3700 3701 3638 
3760 3638 3701 3702 3639 
3761 3639 3702 3703 3640 
3762 3640 3703 3704 3641 
3763 3641 3704 3705 3642 
3764 3642 3705 3706 3643 
3765 3643 3706 3707 3644 
3766 3644 3707 3708 3645 
3767 3645 3708 3709 3646 
3768 3646 3709 3710 3647 
3769 3647 3710 3711 3648 
3770 3648 3711 3712 3649 
3771 3649 3712 3713 3650 
3772 3650 3713 3714 3651 
3773 3651 3714 3715 3652 
3774 3652 3715 3716 3653 
3775 3653 3716 3717 3654 
3776 3654 3717 3718 3655 
3777 3655 3718 3719 3656 
3778 3656 3719 3720 3657 
3779 3657 3720 3721 3658 
3780 3658 3721 139 140 
3781 59 60 3722 3659 
3782 3659 3722 3723 3660 
3783 3660 3723 3724 3661 
3784 3661 3724 3725 3662 
3785 3662 3725 3726 3663 
3786 3663 3726 3727 3664 
3787 3664 3727 3728 3665 
3788 3665 3728 3729 3666 
3789 3666 3729 3730 3667 
3790 3667 3730 3731 3668 
3791 3668 3731 3732 3669 
3792 3669 3732 3733 3670 
3793 3670 3733 3734 3671 
3794 3671 3734 3735 3672 
3795 3672 3735 3736 3673 
3796 3673 3736 3737 3674 
3797 3674 3737 3738 3675 
3798 3675 3738 3739 3676 
3799 3676 3739 3740 3677 
3800 3677 3740 3741 3678 
3801 3678 3741 3742 3679 
3802 3679 3742 3743 3680 
3803 3680 3743 3744 3681 
3804 3681 3744 3745 3682 
3805 3682 3745 3746 3683 
3806 3683 3746 3747 3684 
3807 3684 3747 3748 3685 
3808 3685 3748 3749 3686 
3809 3686 3749 3750 3687 
3810 3687 3750 3751 3688 
3811 3688 3751 3752 3689 
3812 3689 3752 3753 3690 
3813 3690 3753 3754 3691 
3814 3691 3754 3755 3692 
3815 3692 3755 3756 3693 
3816 3693 3756 3757 3694 
3817 3694 3757 3758 3695 
3818 3695 3758 3759 3696 
3819 3696 3759 3760 3697 
3820 3697 3760 3761 3698 
3821 3698 3761 3762 3699 
3822 3699 3762 3763 3700 
3823 3700 3763 3764 3701 
3824 3701 3764 3765 3702 
3825 3702 3765 3766 3703 
3826 3703 3766 3767 3704 
3827 3704 3767 3768 3705 
3828 3705 3768 3769 3706 
3829 3706 3769 3770 3707 
3830 3707 3770 3771 3708 
3831 3708 3771 3772 3709 
3832 3709 3772 3773 3710 
3833 3710 3773 3774 3711 
3834 3711 3774 3775 3712 
3835 3712 3775 3776 3713 
3836 3713 3776 3777 3714 
3837 3714 3777 3778 3715 
3838 3715 3778 3779 3716 
3839 3716 3779 3780 3717 
3840 3717 3780 3781 3718 
3841 3718 3781 3782 3719 
3842 3719 3782 3783 3720 
3843 3720 3783 3784 3721 
3844 3721 3784 138 139 
3845 60 61 3785 3722 
3846 3722 3785 3786 3723 
3847 3723 3786 3787 3724 
3848 3724 3787 3788 3725 
3849 3725 3788 3789 3726 
3850 3726 3789 3790 3727 
3851 3727 3790 3791 3728 
3852 3728 3791 3792 3729 
3853 3729 3792 3793 3730 
3854 3730 3793 3794 3731 
3855 3731 3794 3795 3732 
3856 3732 3795 3796 3733 
3857 3733 3796 3797 3734 
3858 3734 3797 3798 3735 
3859 3735 3798 3799 3736 
3860 3736 3799 3800 3737 
3861 3737 3800 3801 3738 
3862 3738 3801 3802 3739 
3863 3739 3802 3803 3740 
3864 3740 3803 3804 3741 
3865 3741 3804 3805 3742 
3866 3742 3805 3806 3743 
3867 3743 3806 3807 3744 
3868 3744 3807 3808 3745 
3869 3745 3808 3809 3746 
3870 3746 3809 3810 3747 
3871 3747 3810 3811 3748 
3872 3748 3811 3812 3749 
3873 3749 3812 3813 3750 
3874 3750 3813 3814 3751 
3875 3751 3814 3815 3752 
3876 3752 3815 3816 3753 
3877 3753 3816 3817 3754 
3878 3754 3817 3818 3755 
3879 3755 3818 3819 3756 
3880 3756 3819 3820 3757 
3881 3757 3820 3821 3758 
3882 3758 3821 3822 3759 
3883 3759 3822 3823 3760 
3884 3760 3823 3824 3761 
3885 3761 3824 3825 3762 
3886 3762 3825 3826 3763 
3887 3763 3826 3827 3764 
3888 3764 3827 3828 3765 
3889 3765 3828 3829 3766 
3890 3766 3829 3830 3767 
3891 3767 3830 3831 3768 
3892 3768 3831 3832 3769 
3893 3769 3832 3833 3770 
3894 3770 3833 3834 3771 
3895 3771 3834 3835 3772 
3896 3772 3835 3836 3773 
3897 3773 3836 3837 3774 
3898 3774 3837 3838 3775 
3899 3775 3838 3839 3776 
3900 3776 3839 3840 3777 
3901 3777 3840 3841 3778 
3902 3778 3841 3842 3779 
3903 3779 3842 3843 3780 
3904 3780 3843 3844 3781 
3905 3781 3844 3845 3782 
3906 3782 3845 3846 3783 
3907 3783 3846 3847 3784 
3908 3784 3847 137 138 
3909 61 62 3848 3785 
3910 3785 3848 3849 3786 
3911 3786 3849 3850 3787 
3912 3787 3850 3851 3788 
3913 3788 3851 3852 3789 
3914 3789 3852 3853 3790 
3915 3790 3853 3854 3791 
3916 3791 3854 3855 3792 
3917 3792 3855 3856 3793 
3918 3793 3856 3857 3794 
3919 3794 3857 3858 3795 
3920 3795 3858 3859 3796 
3921 3796 3859 3860 3797 
3922 3797 3860 3861 3798 
3923 3798 3861 3862 3799 
3924 3799 3862 3863 3800 
3925 3800 3863 3864 3801 
3926 3801 3864 3865 3802 
3927 3802 3865 3866 3803 
3928 3803 3866 3867 3804 
3929 3804 3867 3868 3805 
3930 3805 3868 3869 3806 
3931 3806 3869 3870 3807 
3932 3807 3870 3871 3808 
3933 3808 3871 3872 3809 
3934 3809 3872 3873 3810 
3935 3810 3873 3874 3811 
3936 3811 3874 3875 3812 
3937 3812 3875 3876 3813 
3938 3813 3876 3877 3814 
3939 3814 3877 3878 3815 
3940 3815 3878 3879 3816 
3941 3816 3879 3880 3817 
3942 3817 3880 3881 3818 
3943 3818 3881 3882 3819 
3944 3819 3882 3883 3820 
3945 3820 3883 3884 3821 
3946 3821 3884 3885 3822 
3947 3822 3885 3886 3823 
3948 3823 3886 3887 3824 
3949 3824 3887 3888 3825 
3950 3825 3888 3889 3826 
3951 3826 3889 3890 3827 
3952 3827 3890 3891 3828 
3953 3828 3891 3892 3829 
3954 3829 3892 3893 3830 
3955 3830 3893 3894 3831 
3956 3831 3894 3895 3832 
3957 3832 3895 3896 3833 
3958 3833 3896 3897 3834 
3959 3834 3897 3898 3835 
3960 3835 3898 3899 3836 
3961 3836 3899 3900 3837 
3962 3837 3900 3901 3838 
3963 3838 3901 3902 3839 
3964 3839 3902 3903 3840 
3965 3840 3903 3904 3841 
3966 3841 3904 3905 3842 
3967 3842 3905 3906 3843 
3968 3843 3906 3907 3844 
3969 3844 3907 3908 3845 
3970 3845 3908 3909 3846 
3971 3846 3909 3910 3847 
3972 3847 3910 136 137 
3973 62 63 3911 3848 
3974 3848 3911 3912 3849 
3975 3849 3912 3913 3850 
3976 3850 3913 3914 3851 
3977 3851 3914 3915 3852 
3978 3852 3915 3916 3853 
3979 3853 3916 3917 3854 
3980 3854 3917 3918 3855 
3981 3855 3918 3919 3856 
3982 3856 3919 3920 3857 
3983 3857 3920 3921 3858 
3984 3858 3921 3922 3859 
3985 3859 3922 3923 3860 
3986 3860 3923 3924 3861 
3987 3861 3924 3925 3862 
3988 3862 3925 3926 3863 
3989 3863 3926 3927 3864 
3990 3864 3927 3928 3865 
3991 3865 3928 3929 3866 
3992 3866 3929 3930 3867 
3993 3867 3930 3931 3868 
3994 3868 3931 3932 3869 
3995 3869 3932 3933 3870 
3996 3870 3933 3934 3871 
3997 3871 3934 3935 3872 
3998 3872 3935 3936 3873 
3999 3873 3936 3937 3874 
4000 3874 3937 3938 3875 
4001 3875 3938 3939 3876 
4002 3876 3939 3940 3877 
4003 3877 3940 3941 3878 
4004 3878 3941 3942 3879 
4005 3879 3942 3943 3880 
4006 3880 3943 3944 3881 
4007 3881 3944 3945 3882 
4008 3882 3945 3946 3883 
4009 3883 3946 3947 3884 
4010 3884 3947 3948 3885 
4011 3885 3948 3949 3886 
4012 3886 3949 3950 3887 
4013 3887 3950 3951 3888 
4014 3888 3951 3952 3889 
4015 3889 3952 3953 3890 
4016 3890 3953 3954 3891 
4017 3891 3954 3955 3892 
4018 3892 3955 3956 3893 
4019 3893 3956 3957 3894 
4020 3894 3957 3958 3895 
4021 3895 3958 3959 3896 
4022 3896 3959 3960 3897 
4023 3897 3960 3961 3898 
4024 3898 3961 3962 3899 
4025 3899 3962 3963 3900 
4026 3900 3963 3964 3901 
4027 3901 3964 3965 3902 
4028 3902 3965 3966 3903 
4029 3903 3966 3967 3904 
4030 3904 3967 3968 3905 
4031 3905 3968 3969 3906 
4032 3906 3969 3970 3907 
4033 3907 3970 3971 3908 
4034 3908 3971 3972 3909 
4035 3909 3972 3973 3910 
4036 3910 3973 135 136 
4037 63 64 3974 3911 
4038 3911 3974 3975 3912 
4039 3912 3975 3976 3913 
4040 3913 3976 3977 3914 
4041 3914 3977 3978 3915 
4042 3915 3978 3979 3916 
4043 3916 3979 3980 3917 
4044 3917 3980 3981 3918 
4045 3918 3981 3982 3919 
4046 3919 3982 3983 3920 
4047 3920 3983 3984 3921 
4048 3921 3984 3985 3922 
4049 3922 3985 3986 3923 
4050 3923 3986 3987 3924 
4051 3924 3987 3988 3925 
4052 3925 3988 3989 3926 
4053 3926 3989 3990 3927 
4054 3927 3990 3991 3928 
4055 3928 3991 3992 3929 
4056 3929 3992 3993 3930 
4057 3930 3993 3994 3931 
4058 3931 3994 3995 3932 
4059 3932 3995 3996 3933 
4060 3933 3996 3997 3934 
4061 3934 3997 3998 3935 
4062 3935 3998 3999 3936 
4063 3936 3999 4000 3937 
4064 3937 4000 4001 3938 
4065 3938 4001 4002 3939 
4066 3939 4002 4003 3940 
4067 3940 4003 4004 3941 
4068 3941 4004 4005 3942 
4069 3942 4005 4006 3943 
4070 3943 4006 4007 3944 
4071 3944 4007 4008 3945 
4072 3945 4008 4009 3946 
4073 3946 4009 4010 3947 
4074 3947 4010 4011 3948 
4075 3948 4011 4012 3949 
4076 3949 4012 4013 3950 
4077 3950 4013 4014 3951 
4078 3951 4014 4015 3952 
4079 3952 4015 4016 3953 
4080 3953 4016 4017 3954 
4081 3954 4017 4018 3955 
4082 3955 4018 4019 3956 
4083 3956 4019 4020 3957 
4084 3957 4020 4021 3958 
4085 3958 4021 4022 3959 
4086 3959 4022 4023 3960 
4087 3960 4023 4024 3961 
4088 3961 4024 4025 3962 
4089 3962 4025 4026 3963 
4090 3963 4026 4027 3964 
4091 3964 4027 4028 3965 
4092 3965 4028 4029 3966 
4093 3966 4029 4030 3967 
4094 3967 4030 4031 3968 
4095 3968 4031 4032 3969 
4096 3969 4032 4033 3970 
4097 3970 4033 4034 3971 
4098 3971 4034 4035 3972 
4099 3972 4035 4036 3973 
4100 3973 4036 134 135 
4101 64 65 4037 3974 
4102 3974 4037 4038 3975 
4103 3975 4038 4039 3976 
4104 3976 4039 4040 3977 
4105 3977 4040 4041 3978 
4106 3978 4041 4042 3979 
4107 3979 4042 4043 3980 
4108 3980 4043 4044 3981 
4109 3981 4044 4045 3982 
4110 3982 4045 4046 3983 
4111 3983 4046 4047 3984 
4112 3984 4047 4048 3985 
4113 3985 4048 4049 3986 
4114 3986 4049 4050 3987 
4115 3987 4050 4051 3988 
4116 3988 4051 4052 3989 
4117 3989 4052 4053 3990 
4118 3990 4053 4054 3991 
4119 3991 4054 4055 3992 
4120 3992 4055 4056 3993 
4121 3993 4056 4057 3994 
4122 3994 4057 4058 3995 
4123 3995 4058 4059 3996 
4124 3996 4059 4060 3997 
4125 3997 4060 4061 3998 
4126 3998 4061 4062 3999 
4127 3999 4062 4063 4000 
4128 4000 4063 4064 4001 
4129 4001 4064 4065 4002 
4130 4002 4065 4066 4003 
4131 4003 4066 4067 4004 
4132 4004 4067 4068 4005 
4133 4005 4068 4069 4006 
4134 4006 4069 4070 4007 
4135 4007 4070 4071 4008 
4136 4008 4071 4072 4009 
4137 4009 4072 4073 4010 
4138 4010 4073 4074 4011 
4139 4011 4074 4075 4012 
4140 4012 4075 4076 4013 
4141 4013 4076 4077 4014 
4142 4014 4077 4078 4015 
4143 4015 4078 4079 4016 
4144 4016 4079 4080 4017 
4145 4017 4080 4081 4018 
4146 4018 4081 4082 4019 
4147 4019 4082 4083 4020 
4148 4020 4083 4084 4021 
4149 4021 4084 4085 4022 
4150 4022 4085 4086 4023 
4151 4023 4086 4087 4024 
4152 4024 4087 4088 4025 
4153 4025 4088 4089 4026 
4154 4026 4089 4090 4027 
4155 4027 4090 4091 4028 
4156 4028 4091 4092 4029 
4157 4029 4092 4093 4030 
4158 4030 4093 4094 4031 
4159 4031 4094 4095 4032 
4160 4032 4095 4096 4033 
4161 4033 4096 4097 4034 
4162 4034 4097 4098 4035 
4163 4035 4098 4099 4036 
4164 4036 4099 133 134 
4165 65 66 4100 4037 
4166 4037 4100 4101 4038 
4167 4038 4101 4102 4039 
4168 4039 4102 4103 4040 
4169 4040 4103 4104 4041 
4170 4041 4104 4105 4042 
4171 4042 4105 4106 4043 
4172 4043 4106 4107 4044 
4173 4044 4107 4108 4045 
4174 4045 4108 4109 4046 
4175 4046 4109 4110 4047 
4176 4047 4110 4111 4048 
4177 4048 4111 4112 4049 
4178 4049 4112 4113 4050 
4179 4050 4113 4114 4051 
4180 4051 4114 4115 4052 
4181 4052 4115 4116 4053 
4182 4053 4116 4117 4054 
4183 4054 4117 4118 4055 
4184 4055 4118 4119 4056 
4185 4056 4119 4120 4057 
4186 4057 4120 4121 4058 
4187 4058 4121 4122 4059 
4188 4059 4122 4123 4060 
4189 4060 4123 4124 4061 
4190 4061 4124 4125 4062 
4191 4062 4125 4126 4063 
4192 4063 4126 4127 4064 
4193 4064 4127 4128 4065 
4194 4065 4128 4129 4066 
4195 4066 4129 4130 4067 
4196 4067 4130 4131 4068 
4197 4068 4131 4132 4069 
4198 4069 4132 4133 4070 
4199 4070 4133 4134 4071 
4200 4071 4134 4135 4072 
4201 4072 4135 4136 4073 
4202 4073 4136 4137 4074 
4203 4074 4137 4138 4075 
4204 4075 4138 4139 4076 
4205 4076 4139 4140 4077 
4206 4077 4140 4141 4078 
4207 4078 4141 4142 4079 
4208 4079 4142 4143 4080 
4209 4080 4143 4144 4081 
4210 4081 4144 4145 4082 
4211 4082 4145 4146 4083 
4212 4083 4146 4147 4084 
4213 4084 4147 4148 4085 
4214 4085 4148 4149 4086 
4215 4086 4149 4150 4087 
4216 4087 4150 4151 4088 
4217 4088 4151 4152 4089 
4218 4089 4152 4153 4090 
4219 4090 4153 4154 4091 
4220 4091 4154 4155 4092 
4221 4092 4155 4156 4093 
4222 4093 4156 4157 4094 
4223 4094 4157 4158 4095 
4224 4095 4158 4159 4096 
4225 4096 4159 4160 4097 
4226 4097 4160 4161 4098 
4227 4098 4161 4162 4099 
4228 4099 4162 132 133 
4229 66 67 4163 4100 
4230 4100 4163 4164 4101 
4231 4101 4164 4165 4102 
4232 4102 4165 4166 4103 
4233 4103 4166 4167 4104 
4234 4104 4167 4168 4105 
4235 4105 4168 4169 4106 
4236 4106 4169 4170 4107 
4237 4107 4170 4171 4108 
4238 4108 4171 4172 4109 
4239 4109 4172 4173 4110 
4240 4110 4173 4174 4111 
4241 4111 4174 4175 4112 
4242 4112 4175 4176 4113 
4243 4113 4176 4177 4114 
4244 4114 4177 4178 4115 
4245 4115 4178 4179 4116 
4246 4116 4179 4180 4117 
4247 4117 4180 4181 4118 
4248 4118 4181 4182 4119 
4249 4119 4182 4183 4120 
4250 4120 4183 4184 4121 
4251 4121 4184 4185 4122 
4252 4122 4185 4186 4123 
4253 4123 4186 4187 4124 
4254 4124 4187 4188 4125 
4255 4125 4188 4189 4126 
4256 4126 4189 4190 4127 
4257 4127 4190 4191 4128 
4258 4128 4191 4192 4129 
4259 4129 4192 4193 4130 
4260 4130 4193 4194 4131 
4261 4131 4194 4195 4132 
4262 4132 4195 4196 4133 
4263 4133 4196 4197 4134 
4264 4134 4197 4198 4135 
4265 4135 4198 4199 4136 
4266 4136 4199 4200 4137 
4267 4137 4200 4201 4138 
4268 4138 4201 4202 4139 
4269 4139 4202 4203 4140 
4270 4140 4203 4204 4141 
4271 4141 4204 4205 4142 
4272 4142 4205 4206 4143 
4273 4143 4206 4207 4144 
4274 4144 4207 4208 4145 
4275 4145 4208 4209 4146 
4276 4146 4209 4210 4147 
4277 4147 4210 4211 4148 
4278 4148 4211 4212 4149 
4279 4149 4212 4213 4150 
4280 4150 4213 4214 4151 
4281 4151 4214 4215 4152 
4282 4152 4215 4216 4153 
4283 4153 4216 4217 4154 
4284 4154 4217 4218 4155 
4285 4155 4218 4219 4156 
4286 4156 4219 4220 4157 
4287 4157 4220 4221 4158 
4288 4158 4221 4222 4159 
4289 4159 4222 4223 4160 
4290 4160 4223 4224 4161 
4291 4161 4224 4225 4162 
4292 4162 4225 131 132 
4293 67 2 68 4163 
4294 4163 68 69 4164 
4295 4164 69 70 4165 
4296 4165 70 71 4166 
4297 4166 71 72 4167 
4298 4167 72 73 4168 
4299 4168 73 74 4169 
4300 4169 74 75 4170 
4301 4170 75 76 4171 
4302 4171 76 77 4172 
4303 4172 77 78 4173 
4304 4173 78 79 4174 
4305 4174 79 80 4175 
4306 4175 80 81 4176 
4307 4176 81 82 4177 
4308 4177 82 83 4178 
4309 4178 83 84 4179 
4310 4179 84 85 4180 
4311 4180 85 86 4181 
4312 4181 86 87 4182 
4313 4182 87 88 4183 
4314 4183 88 89 4184 
4315 4184 89 90 4185 
4316 4185 90 91 4186 
4317 4186 91 92 4187 
4318 4187 92 93 4188 
4319 4188 93 94 4189 
4320 4189 94 95 4190 
4321 4190 95 96 4191 
4322 4191 96 97 4192 
4323 4192 97 98 4193 
4324 4193 98 99 4194 
4325 4194 99 100 4195 
4326 4195 100 101 4196 
4327 4196 101 102 4197 
4328 4197 102 103 4198 
4329 4198 103 104 4199 
4330 4199 104 105 4200 
4331 4200 105 106 4201 
4332 4201 106 107 4202 
4333 4202 107 108 4203 
4334 4203 108 109 4204 
4335 4204 109 110 4205 
4336 4205 110 111 4206 
4337 4206 111 112 4207 
4338 4207 112 113 4208 
4339 4208 113 114 4209 
4340 4209 114 115 4210 
4341 4210 115 116 4211 
4342 4211 116 117 4212 
4343 4212 117 118 4213 
4344 4213 118 119 4214 
4345 4214 119 120 4215 
4346 4215 120 121 4216 
4347 4216 121 122 4217 
4348 4217 122 123 4218 
4349 4218 123 124 4219 
4350 4219 124 125 4220 
4351 4220 125 126 4221 
4352 4221 126 127 4222 
4353 4222 127 128 4223 
4354 4223 128 129 4224 
4355 4224 129 130 4225 
4356 4225 130 3 131 
$EndElements
