Strategy,Model,First step,NIF,N_conv,use cbam,use augmentation,probability of augmentation,dataset portion,batch size,seed,Input ID,Number of FEM iterations for the full-FEM strategy,Number of FEM iterations for the hybrid strategy,Ratio of FEM iterations (Hybrid / full-FEM),Relative compliance error
Only UNet,U-Net,UNet,32,2,False,False,0.2,0.2,16,0,0,33,16,0.4848484848484848,0.0094637326332078
Only UNet,U-Net,UNet,32,2,False,False,0.2,0.2,16,0,1,34,26,0.7647058823529411,-0.0030745413329004
Only UNet,U-Net,UNet,32,2,False,False,0.2,0.2,16,0,2,29,14,0.4827586206896552,0.0189463484804914
Only UNet,U-Net,UNet,32,2,False,False,0.2,0.2,16,0,3,28,11,0.3928571428571428,0.0836464725918158
Only UNet,U-Net,UNet,32,2,False,False,0.2,0.2,16,0,4,36,15,0.4166666666666667,0.0842292955470338
Only UNet,U-Net,UNet,32,2,False,False,0.2,0.2,16,0,5,42,7,0.1666666666666666,-0.0143671190049112
Only UNet,U-Net,UNet,32,2,False,False,0.2,0.2,16,0,6,28,31,1.1071428571428572,0.0095758201500496
Only UNet,U-Net,UNet,32,2,False,False,0.2,0.2,16,0,7,38,26,0.6842105263157895,0.0371923697550257
Only UNet,U-Net,UNet,32,2,False,False,0.2,0.2,16,0,8,33,5,0.1515151515151515,-0.001153402670506
Only UNet,U-Net,UNet,32,2,False,False,0.2,0.2,16,0,9,28,13,0.4642857142857143,0.0392800734734059
Only UNet,U-Net,UNet,32,2,False,False,0.2,0.2,16,0,10,31,15,0.4838709677419355,-0.039015356447798
Only UNet,U-Net,UNet,32,2,False,False,0.2,0.2,16,0,11,29,12,0.4137931034482758,0.0313611106373608
Only UNet,U-Net,UNet,32,2,False,False,0.2,0.2,16,0,12,29,9,0.3103448275862069,0.0339426804818827
Only UNet,U-Net,UNet,32,2,False,False,0.2,0.2,16,0,13,28,23,0.8214285714285714,-0.0336253544027432
Only UNet,U-Net,UNet,32,2,False,False,0.2,0.2,16,0,14,29,14,0.4827586206896552,0.0062463077873465
Only UNet,U-Net,UNet,32,2,False,False,0.2,0.2,16,0,15,42,13,0.3095238095238095,0.0087839544795894
Only UNet,U-Net,UNet,32,2,False,False,0.2,0.2,16,0,16,58,20,0.3448275862068966,0.0140481180942694
Only UNet,U-Net,UNet,32,2,False,False,0.2,0.2,16,0,17,35,19,0.5428571428571428,0.0293201388461322
Only UNet,U-Net,UNet,32,2,False,False,0.2,0.2,16,0,18,17,7,0.4117647058823529,-0.0006434688655548
Only UNet,U-Net,UNet,32,2,False,False,0.2,0.2,16,0,19,17,15,0.8823529411764706,0.0068157542514366
Only UNet,U-Net,UNet,32,2,False,False,0.2,0.2,16,0,20,27,14,0.5185185185185185,0.0067846239601956
Only UNet,U-Net,UNet,32,2,False,False,0.2,0.2,16,0,21,40,31,0.775,-0.0150509538098867
Only UNet,U-Net,UNet,32,2,False,False,0.2,0.2,16,0,22,45,25,0.5555555555555556,0.0031881462401942
Only UNet,U-Net,UNet,32,2,False,False,0.2,0.2,16,0,23,23,32,1.391304347826087,0.0177550900144376
Only UNet,U-Net,UNet,32,2,False,False,0.2,0.2,16,0,24,20,16,0.8,-0.0129690915586332
Only UNet,U-Net,UNet,32,2,False,False,0.2,0.2,16,0,25,18,10,0.5555555555555556,-0.0202316433618185
Only UNet,U-Net,UNet,32,2,False,False,0.2,0.2,16,0,26,34,8,0.2352941176470588,0.0745634594059391
Only UNet,U-Net,UNet,32,2,False,False,0.2,0.2,16,0,27,35,19,0.5428571428571428,0.0472611489461881
Only UNet,U-Net,UNet,32,2,False,False,0.2,0.2,16,0,28,33,24,0.7272727272727273,-0.0103163425915342
Only UNet,U-Net,UNet,32,2,False,False,0.2,0.2,16,0,29,40,8,0.2,-0.0045978253853415
Only UNet,U-Net,UNet,32,2,False,False,0.2,0.2,16,0,30,19,16,0.8421052631578947,0.048581823985673
Only UNet,U-Net,UNet,32,2,False,False,0.2,0.2,16,0,31,37,16,0.4324324324324324,-0.0067125573915045
Only UNet,U-Net,UNet,32,2,False,False,0.2,0.2,16,0,32,37,16,0.4324324324324324,-0.0378829873977508
Only UNet,U-Net,UNet,32,2,False,False,0.2,0.2,16,0,33,31,14,0.4516129032258064,-0.0101576500040623
Only UNet,U-Net,UNet,32,2,False,False,0.2,0.2,16,0,34,25,16,0.64,0.0693575961766799
Only UNet,U-Net,UNet,32,2,False,False,0.2,0.2,16,0,35,25,19,0.76,0.0313731814063975
Only UNet,U-Net,UNet,32,2,False,False,0.2,0.2,16,0,36,26,14,0.5384615384615384,-0.0113055874262675
Only UNet,U-Net,UNet,32,2,False,False,0.2,0.2,16,0,37,27,16,0.5925925925925926,0.0403327481262821
Only UNet,U-Net,UNet,32,2,False,False,0.2,0.2,16,0,38,44,45,1.0227272727272727,0.0227691543010736
Only UNet,U-Net,UNet,32,2,False,False,0.2,0.2,16,0,39,19,11,0.5789473684210527,-0.0085054219510374
Only UNet,U-Net,UNet,32,2,False,False,0.2,0.2,16,0,40,41,24,0.5853658536585366,0.0147215500218733
Only UNet,U-Net,UNet,32,2,False,False,0.2,0.2,16,0,41,32,8,0.25,0.0148338964078659
Only UNet,U-Net,UNet,32,2,False,False,0.2,0.2,16,0,42,32,20,0.625,0.0320508261539737
Only UNet,U-Net,UNet,32,2,False,False,0.2,0.2,16,0,43,28,31,1.1071428571428572,0.0108505256558483
Only UNet,U-Net,UNet,32,2,False,False,0.2,0.2,16,0,44,41,13,0.3170731707317073,-0.036663920559043
Only UNet,U-Net,UNet,32,2,False,False,0.2,0.2,16,0,45,30,15,0.5,0.007944015797155
Only UNet,U-Net,UNet,32,2,False,False,0.2,0.2,16,0,46,21,20,0.9523809523809524,0.0041105142742614
Only UNet,U-Net,UNet,32,2,False,False,0.2,0.2,16,0,47,28,46,1.6428571428571428,0.0079467636930951
Only UNet,U-Net,UNet,32,2,False,False,0.2,0.2,16,0,48,17,71,4.176470588235294,0.047848292525061
Only UNet,U-Net,UNet,32,2,False,False,0.2,0.2,16,0,49,20,26,1.3,0.0746365404547944
Only UNet,U-Net,UNet,32,2,False,False,0.2,0.2,16,0,50,34,12,0.3529411764705882,0.0142122244052839
Only UNet,U-Net,UNet,32,2,False,False,0.2,0.2,16,0,51,41,29,0.7073170731707317,0.0708876783773
Only UNet,U-Net,UNet,32,2,False,False,0.2,0.2,16,0,52,46,22,0.4782608695652174,0.0790273469355767
Only UNet,U-Net,UNet,32,2,False,False,0.2,0.2,16,0,53,18,14,0.7777777777777778,0.008206261402295
Only UNet,U-Net,UNet,32,2,False,False,0.2,0.2,16,0,54,30,18,0.6,-0.0500878417008332
Only UNet,U-Net,UNet,32,2,False,False,0.2,0.2,16,0,55,40,25,0.625,0.0314618573872953
Only UNet,U-Net,UNet,32,2,False,False,0.2,0.2,16,0,56,29,26,0.896551724137931,-0.0161205206148394
Only UNet,U-Net,UNet,32,2,False,False,0.2,0.2,16,0,57,38,14,0.3684210526315789,-0.0048529614832935
Only UNet,U-Net,UNet,32,2,False,False,0.2,0.2,16,0,58,29,18,0.6206896551724138,-0.0029987386258161
Only UNet,U-Net,UNet,32,2,False,False,0.2,0.2,16,0,59,25,17,0.68,0.0225508420523839
Only UNet,U-Net,UNet,32,2,False,False,0.2,0.2,16,0,60,35,18,0.5142857142857142,-0.0177219255617638
Only UNet,U-Net,UNet,32,2,False,False,0.2,0.2,16,0,61,18,28,1.5555555555555556,-0.0148044673757354
Only UNet,U-Net,UNet,32,2,False,False,0.2,0.2,16,0,62,24,14,0.5833333333333334,-0.0111334501499052
Only UNet,U-Net,UNet,32,2,False,False,0.2,0.2,16,0,63,15,18,1.2,0.0013358632050297
Only UNet,U-Net,UNet,32,2,False,False,0.2,0.2,16,0,64,22,18,0.8181818181818182,-0.0154570344051607
Only UNet,U-Net,UNet,32,2,False,False,0.2,0.2,16,0,65,20,9,0.45,-0.0059187844360221
Only UNet,U-Net,UNet,32,2,False,False,0.2,0.2,16,0,66,31,21,0.6774193548387096,0.0158279343235279
Only UNet,U-Net,UNet,32,2,False,False,0.2,0.2,16,0,67,46,22,0.4782608695652174,0.0242652408666421
Only UNet,U-Net,UNet,32,2,False,False,0.2,0.2,16,0,68,29,20,0.6896551724137931,-0.0038256230761872
Only UNet,U-Net,UNet,32,2,False,False,0.2,0.2,16,0,69,50,26,0.52,-0.0042728181701254
Only UNet,U-Net,UNet,32,2,False,False,0.2,0.2,16,0,70,31,22,0.7096774193548387,0.0029925340753042
Only UNet,U-Net,UNet,32,2,False,False,0.2,0.2,16,0,71,41,17,0.4146341463414634,0.0068569473513326
Only UNet,U-Net,UNet,32,2,False,False,0.2,0.2,16,0,72,38,29,0.7631578947368421,-0.0333981746313309
Only UNet,U-Net,UNet,32,2,False,False,0.2,0.2,16,0,73,44,23,0.5227272727272727,0.001262402773635
Only UNet,U-Net,UNet,32,2,False,False,0.2,0.2,16,0,74,37,16,0.4324324324324324,0.0005947103686982
Only UNet,U-Net,UNet,32,2,False,False,0.2,0.2,16,0,75,29,12,0.4137931034482758,0.0026002433255222
Only UNet,U-Net,UNet,32,2,False,False,0.2,0.2,16,0,76,28,12,0.4285714285714285,0.2180317110796293
Only UNet,U-Net,UNet,32,2,False,False,0.2,0.2,16,0,77,18,9,0.5,-0.0121992776308044
Only UNet,U-Net,UNet,32,2,False,False,0.2,0.2,16,0,78,37,16,0.4324324324324324,-0.004279042805463
Only UNet,U-Net,UNet,32,2,False,False,0.2,0.2,16,0,79,24,15,0.625,-0.0039524548794226
Only UNet,U-Net,UNet,32,2,False,False,0.2,0.2,16,0,80,38,52,1.368421052631579,0.0370945508506013
Only UNet,U-Net,UNet,32,2,False,False,0.2,0.2,16,0,81,25,16,0.64,0.0035893361021941
Only UNet,U-Net,UNet,32,2,False,False,0.2,0.2,16,0,82,29,11,0.3793103448275862,-0.0122246350751241
Only UNet,U-Net,UNet,32,2,False,False,0.2,0.2,16,0,83,34,17,0.5,0.0079802212852026
Only UNet,U-Net,UNet,32,2,False,False,0.2,0.2,16,0,84,21,12,0.5714285714285714,0.005140434350165
Only UNet,U-Net,UNet,32,2,False,False,0.2,0.2,16,0,85,22,7,0.3181818181818182,-0.008787381002121
Only UNet,U-Net,UNet,32,2,False,False,0.2,0.2,16,0,86,41,31,0.7560975609756098,0.0199927530732634
Only UNet,U-Net,UNet,32,2,False,False,0.2,0.2,16,0,87,28,15,0.5357142857142857,0.0055099828454234
Only UNet,U-Net,UNet,32,2,False,False,0.2,0.2,16,0,88,35,21,0.6,0.0130911506043022
Only UNet,U-Net,UNet,32,2,False,False,0.2,0.2,16,0,89,32,44,1.375,-0.0248049105592271
Only UNet,U-Net,UNet,32,2,False,False,0.2,0.2,16,0,90,29,16,0.5517241379310345,0.0022371400828073
Only UNet,U-Net,UNet,32,2,False,False,0.2,0.2,16,0,91,19,20,1.0526315789473684,0.0345273395335652
Only UNet,U-Net,UNet,32,2,False,False,0.2,0.2,16,0,92,45,15,0.3333333333333333,0.0116603634485156
Only UNet,U-Net,UNet,32,2,False,False,0.2,0.2,16,0,93,25,8,0.32,0.0188512892395894
Only UNet,U-Net,UNet,32,2,False,False,0.2,0.2,16,0,94,32,9,0.28125,0.1066770778329823
Only UNet,U-Net,UNet,32,2,False,False,0.2,0.2,16,0,95,41,20,0.4878048780487805,-0.0075489621977832
Only UNet,U-Net,UNet,32,2,False,False,0.2,0.2,16,0,96,16,23,1.4375,0.0100123488118528
Only UNet,U-Net,UNet,32,2,False,False,0.2,0.2,16,0,97,26,17,0.6538461538461539,0.0236100754894419
Only UNet,U-Net,UNet,32,2,False,False,0.2,0.2,16,0,98,25,11,0.44,0.0335960821449072
Only UNet,U-Net,UNet,32,2,False,False,0.2,0.2,16,0,99,61,16,0.2622950819672131,0.02707562588936
Only UNet,U-Net,UNet,32,2,False,False,0.2,0.2,16,1,0,33,13,0.3939393939393939,0.0625510334698444
Only UNet,U-Net,UNet,32,2,False,False,0.2,0.2,16,1,1,34,35,1.0294117647058822,-0.010546578505546
Only UNet,U-Net,UNet,32,2,False,False,0.2,0.2,16,1,2,29,13,0.4482758620689655,0.2080997277841793
Only UNet,U-Net,UNet,32,2,False,False,0.2,0.2,16,1,3,28,16,0.5714285714285714,0.0068563019706506
Only UNet,U-Net,UNet,32,2,False,False,0.2,0.2,16,1,4,36,7,0.1944444444444444,-0.0212332170834276
Only UNet,U-Net,UNet,32,2,False,False,0.2,0.2,16,1,5,42,7,0.1666666666666666,-0.016922869740041
Only UNet,U-Net,UNet,32,2,False,False,0.2,0.2,16,1,6,28,36,1.2857142857142858,0.0203016192050984
Only UNet,U-Net,UNet,32,2,False,False,0.2,0.2,16,1,7,38,15,0.3947368421052631,0.0499419310111936
Only UNet,U-Net,UNet,32,2,False,False,0.2,0.2,16,1,8,33,20,0.6060606060606061,0.0331820374112574
Only UNet,U-Net,UNet,32,2,False,False,0.2,0.2,16,1,9,28,23,0.8214285714285714,0.0729808902031825
Only UNet,U-Net,UNet,32,2,False,False,0.2,0.2,16,1,10,31,17,0.5483870967741935,-0.0489903583619901
Only UNet,U-Net,UNet,32,2,False,False,0.2,0.2,16,1,11,29,22,0.7586206896551724,0.0175611319608847
Only UNet,U-Net,UNet,32,2,False,False,0.2,0.2,16,1,12,29,11,0.3793103448275862,0.0034575698561452
Only UNet,U-Net,UNet,32,2,False,False,0.2,0.2,16,1,13,28,16,0.5714285714285714,-0.0352715407310256
Only UNet,U-Net,UNet,32,2,False,False,0.2,0.2,16,1,14,29,29,1.0,0.0030516220165618
Only UNet,U-Net,UNet,32,2,False,False,0.2,0.2,16,1,15,42,14,0.3333333333333333,0.0142731863962645
Only UNet,U-Net,UNet,32,2,False,False,0.2,0.2,16,1,16,58,13,0.2241379310344827,0.0524534255758494
Only UNet,U-Net,UNet,32,2,False,False,0.2,0.2,16,1,17,35,16,0.4571428571428571,-0.0005158124723616
Only UNet,U-Net,UNet,32,2,False,False,0.2,0.2,16,1,18,17,14,0.8235294117647058,-0.0192680071118869
Only UNet,U-Net,UNet,32,2,False,False,0.2,0.2,16,1,19,17,12,0.7058823529411765,0.0649308954489547
Only UNet,U-Net,UNet,32,2,False,False,0.2,0.2,16,1,20,27,37,1.3703703703703705,0.0043324101681307
Only UNet,U-Net,UNet,32,2,False,False,0.2,0.2,16,1,21,40,20,0.5,-0.0028401286948917
Only UNet,U-Net,UNet,32,2,False,False,0.2,0.2,16,1,22,45,17,0.3777777777777777,-0.0112741070160905
Only UNet,U-Net,UNet,32,2,False,False,0.2,0.2,16,1,23,23,22,0.9565217391304348,0.1091320457291022
Only UNet,U-Net,UNet,32,2,False,False,0.2,0.2,16,1,24,20,47,2.35,0.2491453933998103
Only UNet,U-Net,UNet,32,2,False,False,0.2,0.2,16,1,25,18,10,0.5555555555555556,0.010663536921676
Only UNet,U-Net,UNet,32,2,False,False,0.2,0.2,16,1,26,34,9,0.2647058823529412,0.0322944133094053
Only UNet,U-Net,UNet,32,2,False,False,0.2,0.2,16,1,27,35,10,0.2857142857142857,0.0805785530920288
Only UNet,U-Net,UNet,32,2,False,False,0.2,0.2,16,1,28,33,30,0.9090909090909092,-0.0071021476133148
Only UNet,U-Net,UNet,32,2,False,False,0.2,0.2,16,1,29,40,49,1.225,-0.0307324347185278
Only UNet,U-Net,UNet,32,2,False,False,0.2,0.2,16,1,30,19,17,0.8947368421052632,0.0371082455696246
Only UNet,U-Net,UNet,32,2,False,False,0.2,0.2,16,1,31,37,15,0.4054054054054054,0.0092072458693882
Only UNet,U-Net,UNet,32,2,False,False,0.2,0.2,16,1,32,37,19,0.5135135135135135,-0.0227677128475043
Only UNet,U-Net,UNet,32,2,False,False,0.2,0.2,16,1,33,31,10,0.3225806451612903,-0.0020893823575311
Only UNet,U-Net,UNet,32,2,False,False,0.2,0.2,16,1,34,25,18,0.72,0.071045327617361
Only UNet,U-Net,UNet,32,2,False,False,0.2,0.2,16,1,35,25,15,0.6,-0.0324851548883841
Only UNet,U-Net,UNet,32,2,False,False,0.2,0.2,16,1,36,26,28,1.0769230769230769,-0.0248080633372875
Only UNet,U-Net,UNet,32,2,False,False,0.2,0.2,16,1,37,27,27,1.0,-0.000778533512173
Only UNet,U-Net,UNet,32,2,False,False,0.2,0.2,16,1,38,44,21,0.4772727272727273,-0.0074856431640068
Only UNet,U-Net,UNet,32,2,False,False,0.2,0.2,16,1,39,19,9,0.4736842105263157,-0.0056554014796587
Only UNet,U-Net,UNet,32,2,False,False,0.2,0.2,16,1,40,41,14,0.3414634146341463,0.0137661054226885
Only UNet,U-Net,UNet,32,2,False,False,0.2,0.2,16,1,41,32,24,0.75,0.0547728064853149
Only UNet,U-Net,UNet,32,2,False,False,0.2,0.2,16,1,42,32,30,0.9375,-0.0058065127167728
Only UNet,U-Net,UNet,32,2,False,False,0.2,0.2,16,1,43,28,19,0.6785714285714286,0.0308592051582541
Only UNet,U-Net,UNet,32,2,False,False,0.2,0.2,16,1,44,41,23,0.5609756097560976,-0.043947920988736
Only UNet,U-Net,UNet,32,2,False,False,0.2,0.2,16,1,45,30,33,1.1,0.0203730865132737
Only UNet,U-Net,UNet,32,2,False,False,0.2,0.2,16,1,46,21,33,1.5714285714285714,-0.0071170834465566
Only UNet,U-Net,UNet,32,2,False,False,0.2,0.2,16,1,47,28,9,0.3214285714285714,-0.0028553339157056
Only UNet,U-Net,UNet,32,2,False,False,0.2,0.2,16,1,48,17,70,4.117647058823529,0.0487968518808955
Only UNet,U-Net,UNet,32,2,False,False,0.2,0.2,16,1,49,20,15,0.75,0.0511847386227736
Only UNet,U-Net,UNet,32,2,False,False,0.2,0.2,16,1,50,34,13,0.3823529411764705,0.0456944534914428
Only UNet,U-Net,UNet,32,2,False,False,0.2,0.2,16,1,51,41,15,0.3658536585365853,-0.0091728104289208
Only UNet,U-Net,UNet,32,2,False,False,0.2,0.2,16,1,52,46,13,0.2826086956521739,0.0762785007014103
Only UNet,U-Net,UNet,32,2,False,False,0.2,0.2,16,1,53,18,9,0.5,0.0148196848475992
Only UNet,U-Net,UNet,32,2,False,False,0.2,0.2,16,1,54,30,20,0.6666666666666666,-0.0484842209882462
Only UNet,U-Net,UNet,32,2,False,False,0.2,0.2,16,1,55,40,39,0.975,0.0862276744340813
Only UNet,U-Net,UNet,32,2,False,False,0.2,0.2,16,1,56,29,26,0.896551724137931,0.0059159680890663
Only UNet,U-Net,UNet,32,2,False,False,0.2,0.2,16,1,57,38,23,0.6052631578947368,0.0008600023455219
Only UNet,U-Net,UNet,32,2,False,False,0.2,0.2,16,1,58,29,20,0.6896551724137931,0.0082770396500864
Only UNet,U-Net,UNet,32,2,False,False,0.2,0.2,16,1,59,25,39,1.56,0.0396263680646623
Only UNet,U-Net,UNet,32,2,False,False,0.2,0.2,16,1,60,35,15,0.4285714285714285,0.0022175299053713
Only UNet,U-Net,UNet,32,2,False,False,0.2,0.2,16,1,61,18,34,1.8888888888888888,0.0247051909258763
Only UNet,U-Net,UNet,32,2,False,False,0.2,0.2,16,1,62,24,10,0.4166666666666667,0.0176677982056016
Only UNet,U-Net,UNet,32,2,False,False,0.2,0.2,16,1,63,15,27,1.8,0.0141044882604631
Only UNet,U-Net,UNet,32,2,False,False,0.2,0.2,16,1,64,22,16,0.7272727272727273,-0.0134576871817518
Only UNet,U-Net,UNet,32,2,False,False,0.2,0.2,16,1,65,20,9,0.45,0.0038121867772189
Only UNet,U-Net,UNet,32,2,False,False,0.2,0.2,16,1,66,31,15,0.4838709677419355,0.0095983436097546
Only UNet,U-Net,UNet,32,2,False,False,0.2,0.2,16,1,67,46,28,0.6086956521739131,0.0073603528858463
Only UNet,U-Net,UNet,32,2,False,False,0.2,0.2,16,1,68,29,16,0.5517241379310345,0.0209557305002053
Only UNet,U-Net,UNet,32,2,False,False,0.2,0.2,16,1,69,50,24,0.48,0.052540300245799
Only UNet,U-Net,UNet,32,2,False,False,0.2,0.2,16,1,70,31,27,0.8709677419354839,0.0081988651114275
Only UNet,U-Net,UNet,32,2,False,False,0.2,0.2,16,1,71,41,32,0.7804878048780488,-0.0873683346919823
Only UNet,U-Net,UNet,32,2,False,False,0.2,0.2,16,1,72,38,32,0.8421052631578947,-0.0029203660040875
Only UNet,U-Net,UNet,32,2,False,False,0.2,0.2,16,1,73,44,23,0.5227272727272727,-0.011762497894216
Only UNet,U-Net,UNet,32,2,False,False,0.2,0.2,16,1,74,37,10,0.2702702702702703,-0.0057189524368245
Only UNet,U-Net,UNet,32,2,False,False,0.2,0.2,16,1,75,29,21,0.7241379310344828,0.0679580735271122
Only UNet,U-Net,UNet,32,2,False,False,0.2,0.2,16,1,76,28,19,0.6785714285714286,-0.0014290571416227
Only UNet,U-Net,UNet,32,2,False,False,0.2,0.2,16,1,77,18,10,0.5555555555555556,0.003339368755688
Only UNet,U-Net,UNet,32,2,False,False,0.2,0.2,16,1,78,37,29,0.7837837837837838,-0.0640034680719374
Only UNet,U-Net,UNet,32,2,False,False,0.2,0.2,16,1,79,24,17,0.7083333333333334,-0.0068617562199542
Only UNet,U-Net,UNet,32,2,False,False,0.2,0.2,16,1,80,38,18,0.4736842105263157,0.0113987444286808
Only UNet,U-Net,UNet,32,2,False,False,0.2,0.2,16,1,81,25,18,0.72,0.0177853120171117
Only UNet,U-Net,UNet,32,2,False,False,0.2,0.2,16,1,82,29,14,0.4827586206896552,-0.0319572385960676
Only UNet,U-Net,UNet,32,2,False,False,0.2,0.2,16,1,83,34,22,0.6470588235294118,-0.0053526939025975
Only UNet,U-Net,UNet,32,2,False,False,0.2,0.2,16,1,84,21,14,0.6666666666666666,0.0278242276236961
Only UNet,U-Net,UNet,32,2,False,False,0.2,0.2,16,1,85,22,9,0.4090909090909091,-0.0100041083199511
Only UNet,U-Net,UNet,32,2,False,False,0.2,0.2,16,1,86,41,16,0.3902439024390244,0.0057185163966171
Only UNet,U-Net,UNet,32,2,False,False,0.2,0.2,16,1,87,28,9,0.3214285714285714,0.0764971926680629
Only UNet,U-Net,UNet,32,2,False,False,0.2,0.2,16,1,88,35,18,0.5142857142857142,-0.0021911733399074
Only UNet,U-Net,UNet,32,2,False,False,0.2,0.2,16,1,89,32,12,0.375,-0.0449599382848045
Only UNet,U-Net,UNet,32,2,False,False,0.2,0.2,16,1,90,29,15,0.5172413793103449,0.0107082400211623
Only UNet,U-Net,UNet,32,2,False,False,0.2,0.2,16,1,91,19,19,1.0,0.0230963507310531
Only UNet,U-Net,UNet,32,2,False,False,0.2,0.2,16,1,92,45,20,0.4444444444444444,-0.0345853299943111
Only UNet,U-Net,UNet,32,2,False,False,0.2,0.2,16,1,93,25,10,0.4,-0.0106147417498512
Only UNet,U-Net,UNet,32,2,False,False,0.2,0.2,16,1,94,32,21,0.65625,0.0842722071468715
Only UNet,U-Net,UNet,32,2,False,False,0.2,0.2,16,1,95,41,15,0.3658536585365853,0.0323610120486983
Only UNet,U-Net,UNet,32,2,False,False,0.2,0.2,16,1,96,16,38,2.375,0.0055885070300735
Only UNet,U-Net,UNet,32,2,False,False,0.2,0.2,16,1,97,26,13,0.5,0.017067342405707
Only UNet,U-Net,UNet,32,2,False,False,0.2,0.2,16,1,98,25,12,0.48,-0.0015479312923075
Only UNet,U-Net,UNet,32,2,False,False,0.2,0.2,16,1,99,61,9,0.1475409836065573,-0.0064753431042433
Only UNet,U-Net,UNet,32,2,False,False,0.2,0.2,16,2,0,33,30,0.9090909090909092,0.0056771363727879
Only UNet,U-Net,UNet,32,2,False,False,0.2,0.2,16,2,1,34,34,1.0,-0.021263549075603
Only UNet,U-Net,UNet,32,2,False,False,0.2,0.2,16,2,2,29,16,0.5517241379310345,0.1869342941660282
Only UNet,U-Net,UNet,32,2,False,False,0.2,0.2,16,2,3,28,14,0.5,0.007586008762036
Only UNet,U-Net,UNet,32,2,False,False,0.2,0.2,16,2,4,36,28,0.7777777777777778,-0.0171745736124016
Only UNet,U-Net,UNet,32,2,False,False,0.2,0.2,16,2,5,42,13,0.3095238095238095,-0.021677606576035
Only UNet,U-Net,UNet,32,2,False,False,0.2,0.2,16,2,6,28,0,0.0,-0.1102829874714038
Only UNet,U-Net,UNet,32,2,False,False,0.2,0.2,16,2,7,38,11,0.2894736842105263,0.0652374515493071
Only UNet,U-Net,UNet,32,2,False,False,0.2,0.2,16,2,8,33,12,0.3636363636363636,0.0090932093749344
Only UNet,U-Net,UNet,32,2,False,False,0.2,0.2,16,2,9,28,22,0.7857142857142857,0.0274956025887249
Only UNet,U-Net,UNet,32,2,False,False,0.2,0.2,16,2,10,31,10,0.3225806451612903,-0.0387148072640011
Only UNet,U-Net,UNet,32,2,False,False,0.2,0.2,16,2,11,29,9,0.3103448275862069,-0.0052507510158448
Only UNet,U-Net,UNet,32,2,False,False,0.2,0.2,16,2,12,29,8,0.2758620689655172,0.0330286597590586
Only UNet,U-Net,UNet,32,2,False,False,0.2,0.2,16,2,13,28,24,0.8571428571428571,-0.0256337225670071
Only UNet,U-Net,UNet,32,2,False,False,0.2,0.2,16,2,14,29,17,0.5862068965517241,-0.0091097970387445
Only UNet,U-Net,UNet,32,2,False,False,0.2,0.2,16,2,15,42,8,0.1904761904761904,0.0165584721792974
Only UNet,U-Net,UNet,32,2,False,False,0.2,0.2,16,2,16,58,15,0.2586206896551724,0.0215745283630199
Only UNet,U-Net,UNet,32,2,False,False,0.2,0.2,16,2,17,35,20,0.5714285714285714,0.0378833921660123
Only UNet,U-Net,UNet,32,2,False,False,0.2,0.2,16,2,18,17,13,0.7647058823529411,-0.0052782895691889
Only UNet,U-Net,UNet,32,2,False,False,0.2,0.2,16,2,19,17,21,1.2352941176470589,0.0132650377585185
Only UNet,U-Net,UNet,32,2,False,False,0.2,0.2,16,2,20,27,11,0.4074074074074074,0.0118814525919267
Only UNet,U-Net,UNet,32,2,False,False,0.2,0.2,16,2,21,40,26,0.65,-0.0063698383325391
Only UNet,U-Net,UNet,32,2,False,False,0.2,0.2,16,2,22,45,22,0.4888888888888889,-0.0022166548723813
Only UNet,U-Net,UNet,32,2,False,False,0.2,0.2,16,2,23,23,25,1.0869565217391304,0.0959329974365773
Only UNet,U-Net,UNet,32,2,False,False,0.2,0.2,16,2,24,20,41,2.05,0.3046373745243924
Only UNet,U-Net,UNet,32,2,False,False,0.2,0.2,16,2,25,18,12,0.6666666666666666,0.0069551176925417
Only UNet,U-Net,UNet,32,2,False,False,0.2,0.2,16,2,26,34,12,0.3529411764705882,0.0516989441274036
Only UNet,U-Net,UNet,32,2,False,False,0.2,0.2,16,2,27,35,23,0.6571428571428571,0.0503171612218233
Only UNet,U-Net,UNet,32,2,False,False,0.2,0.2,16,2,28,33,22,0.6666666666666666,-0.0065609847731632
Only UNet,U-Net,UNet,32,2,False,False,0.2,0.2,16,2,29,40,9,0.225,-0.007004697253727
Only UNet,U-Net,UNet,32,2,False,False,0.2,0.2,16,2,30,19,8,0.4210526315789473,0.0409081430242805
Only UNet,U-Net,UNet,32,2,False,False,0.2,0.2,16,2,31,37,17,0.4594594594594595,-0.0084520501281563
Only UNet,U-Net,UNet,32,2,False,False,0.2,0.2,16,2,32,37,12,0.3243243243243243,-0.0421274786350928
Only UNet,U-Net,UNet,32,2,False,False,0.2,0.2,16,2,33,31,12,0.3870967741935484,0.0150332175322303
Only UNet,U-Net,UNet,32,2,False,False,0.2,0.2,16,2,34,25,11,0.44,0.0689482847003017
Only UNet,U-Net,UNet,32,2,False,False,0.2,0.2,16,2,35,25,22,0.88,-0.0092587628087412
Only UNet,U-Net,UNet,32,2,False,False,0.2,0.2,16,2,36,26,24,0.9230769230769232,-0.0339554694109126
Only UNet,U-Net,UNet,32,2,False,False,0.2,0.2,16,2,37,27,18,0.6666666666666666,-0.0160698274461037
Only UNet,U-Net,UNet,32,2,False,False,0.2,0.2,16,2,38,44,40,0.9090909090909092,0.0163307394368808
Only UNet,U-Net,UNet,32,2,False,False,0.2,0.2,16,2,39,19,9,0.4736842105263157,-0.0049939701850235
Only UNet,U-Net,UNet,32,2,False,False,0.2,0.2,16,2,40,41,28,0.6829268292682927,0.0016733947443589
Only UNet,U-Net,UNet,32,2,False,False,0.2,0.2,16,2,41,32,16,0.5,-0.0087113476575148
Only UNet,U-Net,UNet,32,2,False,False,0.2,0.2,16,2,42,32,29,0.90625,0.019667345833566
Only UNet,U-Net,UNet,32,2,False,False,0.2,0.2,16,2,43,28,12,0.4285714285714285,0.0171930056392173
Only UNet,U-Net,UNet,32,2,False,False,0.2,0.2,16,2,44,41,24,0.5853658536585366,0.0040985727770468
Only UNet,U-Net,UNet,32,2,False,False,0.2,0.2,16,2,45,30,15,0.5,-0.0026752042241795
Only UNet,U-Net,UNet,32,2,False,False,0.2,0.2,16,2,46,21,16,0.7619047619047619,-0.0070591848884196
Only UNet,U-Net,UNet,32,2,False,False,0.2,0.2,16,2,47,28,9,0.3214285714285714,0.0080955090548204
Only UNet,U-Net,UNet,32,2,False,False,0.2,0.2,16,2,48,17,73,4.294117647058823,0.0482744842038256
Only UNet,U-Net,UNet,32,2,False,False,0.2,0.2,16,2,49,20,28,1.4,0.0587534653948192
Only UNet,U-Net,UNet,32,2,False,False,0.2,0.2,16,2,50,34,22,0.6470588235294118,0.0175827573130465
Only UNet,U-Net,UNet,32,2,False,False,0.2,0.2,16,2,51,41,20,0.4878048780487805,0.0578027916389269
Only UNet,U-Net,UNet,32,2,False,False,0.2,0.2,16,2,52,46,9,0.1956521739130435,0.1067348761133707
Only UNet,U-Net,UNet,32,2,False,False,0.2,0.2,16,2,53,18,15,0.8333333333333334,0.0100569509572304
Only UNet,U-Net,UNet,32,2,False,False,0.2,0.2,16,2,54,30,20,0.6666666666666666,-0.0388077458806453
Only UNet,U-Net,UNet,32,2,False,False,0.2,0.2,16,2,55,40,26,0.65,0.0427526022889577
Only UNet,U-Net,UNet,32,2,False,False,0.2,0.2,16,2,56,29,30,1.0344827586206895,-0.008503525783523
Only UNet,U-Net,UNet,32,2,False,False,0.2,0.2,16,2,57,38,23,0.6052631578947368,0.0142851283367718
Only UNet,U-Net,UNet,32,2,False,False,0.2,0.2,16,2,58,29,8,0.2758620689655172,-0.0058856293350249
Only UNet,U-Net,UNet,32,2,False,False,0.2,0.2,16,2,59,25,27,1.08,0.0555285616717999
Only UNet,U-Net,UNet,32,2,False,False,0.2,0.2,16,2,60,35,25,0.7142857142857143,0.0257050332211005
Only UNet,U-Net,UNet,32,2,False,False,0.2,0.2,16,2,61,18,13,0.7222222222222222,-0.0046909526687614
Only UNet,U-Net,UNet,32,2,False,False,0.2,0.2,16,2,62,24,13,0.5416666666666666,-0.0215496570616764
Only UNet,U-Net,UNet,32,2,False,False,0.2,0.2,16,2,63,15,10,0.6666666666666666,0.0117442812468724
Only UNet,U-Net,UNet,32,2,False,False,0.2,0.2,16,2,64,22,12,0.5454545454545454,0.0060498434838618
Only UNet,U-Net,UNet,32,2,False,False,0.2,0.2,16,2,65,20,17,0.85,-0.0024261798386507
Only UNet,U-Net,UNet,32,2,False,False,0.2,0.2,16,2,66,31,23,0.7419354838709677,-0.007421080194914
Only UNet,U-Net,UNet,32,2,False,False,0.2,0.2,16,2,67,46,17,0.3695652173913043,0.0314643728088414
Only UNet,U-Net,UNet,32,2,False,False,0.2,0.2,16,2,68,29,31,1.0689655172413792,0.0489177128644341
Only UNet,U-Net,UNet,32,2,False,False,0.2,0.2,16,2,69,50,20,0.4,0.0585788899811853
Only UNet,U-Net,UNet,32,2,False,False,0.2,0.2,16,2,70,31,13,0.4193548387096774,0.0283408136218319
Only UNet,U-Net,UNet,32,2,False,False,0.2,0.2,16,2,71,41,25,0.6097560975609756,-0.0237352432389028
Only UNet,U-Net,UNet,32,2,False,False,0.2,0.2,16,2,72,38,16,0.4210526315789473,-0.0423880088444664
Only UNet,U-Net,UNet,32,2,False,False,0.2,0.2,16,2,73,44,28,0.6363636363636364,-0.0073115806478405
Only UNet,U-Net,UNet,32,2,False,False,0.2,0.2,16,2,74,37,10,0.2702702702702703,0.0016745484851748
Only UNet,U-Net,UNet,32,2,False,False,0.2,0.2,16,2,75,29,19,0.6551724137931034,0.0331176331227905
Only UNet,U-Net,UNet,32,2,False,False,0.2,0.2,16,2,76,28,19,0.6785714285714286,0.0367812324896853
Only UNet,U-Net,UNet,32,2,False,False,0.2,0.2,16,2,77,18,14,0.7777777777777778,-0.0105228591537084
Only UNet,U-Net,UNet,32,2,False,False,0.2,0.2,16,2,78,37,22,0.5945945945945946,-0.0206858964239266
Only UNet,U-Net,UNet,32,2,False,False,0.2,0.2,16,2,79,24,21,0.875,0.0374124623824006
Only UNet,U-Net,UNet,32,2,False,False,0.2,0.2,16,2,80,38,10,0.2631578947368421,0.0162337391747548
Only UNet,U-Net,UNet,32,2,False,False,0.2,0.2,16,2,81,25,12,0.48,0.0259077116890328
Only UNet,U-Net,UNet,32,2,False,False,0.2,0.2,16,2,82,29,18,0.6206896551724138,-0.0077836976470787
Only UNet,U-Net,UNet,32,2,False,False,0.2,0.2,16,2,83,34,22,0.6470588235294118,0.0082326173776541
Only UNet,U-Net,UNet,32,2,False,False,0.2,0.2,16,2,84,21,12,0.5714285714285714,-0.0006431596386724
Only UNet,U-Net,UNet,32,2,False,False,0.2,0.2,16,2,85,22,15,0.6818181818181818,-0.0106990938201851
Only UNet,U-Net,UNet,32,2,False,False,0.2,0.2,16,2,86,41,18,0.4390243902439024,0.0362420445026858
Only UNet,U-Net,UNet,32,2,False,False,0.2,0.2,16,2,87,28,18,0.6428571428571429,0.0713387161812015
Only UNet,U-Net,UNet,32,2,False,False,0.2,0.2,16,2,88,35,25,0.7142857142857143,-0.0215916804687043
Only UNet,U-Net,UNet,32,2,False,False,0.2,0.2,16,2,89,32,26,0.8125,-0.0280712912302245
Only UNet,U-Net,UNet,32,2,False,False,0.2,0.2,16,2,90,29,48,1.6551724137931034,0.0040216630013104
Only UNet,U-Net,UNet,32,2,False,False,0.2,0.2,16,2,91,19,15,0.7894736842105263,0.0323762007043405
Only UNet,U-Net,UNet,32,2,False,False,0.2,0.2,16,2,92,45,24,0.5333333333333333,-0.0124518841509875
Only UNet,U-Net,UNet,32,2,False,False,0.2,0.2,16,2,93,25,13,0.52,-0.0040556693117714
Only UNet,U-Net,UNet,32,2,False,False,0.2,0.2,16,2,94,32,49,1.53125,0.1372990226959348
Only UNet,U-Net,UNet,32,2,False,False,0.2,0.2,16,2,95,41,20,0.4878048780487805,0.0053313432685853
Only UNet,U-Net,UNet,32,2,False,False,0.2,0.2,16,2,96,16,18,1.125,-0.0179612525318551
Only UNet,U-Net,UNet,32,2,False,False,0.2,0.2,16,2,97,26,25,0.9615384615384616,0.0446625993786925
Only UNet,U-Net,UNet,32,2,False,False,0.2,0.2,16,2,98,25,17,0.68,-0.0093569225829784
Only UNet,U-Net,UNet,32,2,False,False,0.2,0.2,16,2,99,61,25,0.4098360655737705,0.0140993516182392
Only UNet,U-Net,UNet,32,2,False,False,0.2,0.2,16,3,0,33,16,0.4848484848484848,0.0968241911260938
Only UNet,U-Net,UNet,32,2,False,False,0.2,0.2,16,3,1,34,21,0.6176470588235294,0.0214736145163285
Only UNet,U-Net,UNet,32,2,False,False,0.2,0.2,16,3,2,29,15,0.5172413793103449,-0.0036869960471393
Only UNet,U-Net,UNet,32,2,False,False,0.2,0.2,16,3,3,28,19,0.6785714285714286,-0.0062266804214442
Only UNet,U-Net,UNet,32,2,False,False,0.2,0.2,16,3,4,36,22,0.6111111111111112,-0.0165901846630265
Only UNet,U-Net,UNet,32,2,False,False,0.2,0.2,16,3,5,42,11,0.2619047619047619,-0.0337106151594461
Only UNet,U-Net,UNet,32,2,False,False,0.2,0.2,16,3,6,28,15,0.5357142857142857,-0.0153931138579743
Only UNet,U-Net,UNet,32,2,False,False,0.2,0.2,16,3,7,38,18,0.4736842105263157,0.0362149850954203
Only UNet,U-Net,UNet,32,2,False,False,0.2,0.2,16,3,8,33,21,0.6363636363636364,0.0081247939940485
Only UNet,U-Net,UNet,32,2,False,False,0.2,0.2,16,3,9,28,27,0.9642857142857144,0.0602705922778116
Only UNet,U-Net,UNet,32,2,False,False,0.2,0.2,16,3,10,31,23,0.7419354838709677,-0.0274517013591184
Only UNet,U-Net,UNet,32,2,False,False,0.2,0.2,16,3,11,29,11,0.3793103448275862,0.0418015385903854
Only UNet,U-Net,UNet,32,2,False,False,0.2,0.2,16,3,12,29,40,1.3793103448275863,0.0759640524633907
Only UNet,U-Net,UNet,32,2,False,False,0.2,0.2,16,3,13,28,32,1.1428571428571428,-0.0153504874783804
Only UNet,U-Net,UNet,32,2,False,False,0.2,0.2,16,3,14,29,19,0.6551724137931034,-0.0178588277157418
Only UNet,U-Net,UNet,32,2,False,False,0.2,0.2,16,3,15,42,13,0.3095238095238095,0.0120480814892356
Only UNet,U-Net,UNet,32,2,False,False,0.2,0.2,16,3,16,58,25,0.4310344827586206,0.0123778772574778
Only UNet,U-Net,UNet,32,2,False,False,0.2,0.2,16,3,17,35,22,0.6285714285714286,0.0223347958860814
Only UNet,U-Net,UNet,32,2,False,False,0.2,0.2,16,3,18,17,8,0.4705882352941176,0.0129332024157755
Only UNet,U-Net,UNet,32,2,False,False,0.2,0.2,16,3,19,17,8,0.4705882352941176,0.0545043766432904
Only UNet,U-Net,UNet,32,2,False,False,0.2,0.2,16,3,20,27,19,0.7037037037037037,0.0197065026791687
Only UNet,U-Net,UNet,32,2,False,False,0.2,0.2,16,3,21,40,18,0.45,0.0412185438704348
Only UNet,U-Net,UNet,32,2,False,False,0.2,0.2,16,3,22,45,23,0.5111111111111111,0.0104637110523073
Only UNet,U-Net,UNet,32,2,False,False,0.2,0.2,16,3,23,23,27,1.173913043478261,-0.0092493886089749
Only UNet,U-Net,UNet,32,2,False,False,0.2,0.2,16,3,24,20,36,1.8,0.3143210380075964
Only UNet,U-Net,UNet,32,2,False,False,0.2,0.2,16,3,25,18,8,0.4444444444444444,0.0046441456855935
Only UNet,U-Net,UNet,32,2,False,False,0.2,0.2,16,3,26,34,15,0.4411764705882353,0.0135112001970766
Only UNet,U-Net,UNet,32,2,False,False,0.2,0.2,16,3,27,35,19,0.5428571428571428,0.0810369666575062
Only UNet,U-Net,UNet,32,2,False,False,0.2,0.2,16,3,28,33,20,0.6060606060606061,0.0147673702876324
Only UNet,U-Net,UNet,32,2,False,False,0.2,0.2,16,3,29,40,15,0.375,0.0346916662408253
Only UNet,U-Net,UNet,32,2,False,False,0.2,0.2,16,3,30,19,7,0.3684210526315789,0.0391992815302089
Only UNet,U-Net,UNet,32,2,False,False,0.2,0.2,16,3,31,37,22,0.5945945945945946,6.606937521335852e-05
Only UNet,U-Net,UNet,32,2,False,False,0.2,0.2,16,3,32,37,14,0.3783783783783784,-0.0164940805742826
Only UNet,U-Net,UNet,32,2,False,False,0.2,0.2,16,3,33,31,15,0.4838709677419355,-0.0103732204593618
Only UNet,U-Net,UNet,32,2,False,False,0.2,0.2,16,3,34,25,14,0.56,0.0737030124024658
Only UNet,U-Net,UNet,32,2,False,False,0.2,0.2,16,3,35,25,18,0.72,-0.002247159052829
Only UNet,U-Net,UNet,32,2,False,False,0.2,0.2,16,3,36,26,14,0.5384615384615384,-0.0108268195301699
Only UNet,U-Net,UNet,32,2,False,False,0.2,0.2,16,3,37,27,30,1.1111111111111112,0.0356173428643205
Only UNet,U-Net,UNet,32,2,False,False,0.2,0.2,16,3,38,44,12,0.2727272727272727,0.0078913444182315
Only UNet,U-Net,UNet,32,2,False,False,0.2,0.2,16,3,39,19,11,0.5789473684210527,0.0020762232782245
Only UNet,U-Net,UNet,32,2,False,False,0.2,0.2,16,3,40,41,26,0.6341463414634146,0.0449626761593214
Only UNet,U-Net,UNet,32,2,False,False,0.2,0.2,16,3,41,32,28,0.875,0.0124399457796382
Only UNet,U-Net,UNet,32,2,False,False,0.2,0.2,16,3,42,32,14,0.4375,-0.008187887191916
Only UNet,U-Net,UNet,32,2,False,False,0.2,0.2,16,3,43,28,12,0.4285714285714285,0.0318795467378252
Only UNet,U-Net,UNet,32,2,False,False,0.2,0.2,16,3,44,41,37,0.902439024390244,-0.0283738400888438
Only UNet,U-Net,UNet,32,2,False,False,0.2,0.2,16,3,45,30,16,0.5333333333333333,0.0085357798032054
Only UNet,U-Net,UNet,32,2,False,False,0.2,0.2,16,3,46,21,12,0.5714285714285714,0.007254415426216
Only UNet,U-Net,UNet,32,2,False,False,0.2,0.2,16,3,47,28,15,0.5357142857142857,0.006352559633052
Only UNet,U-Net,UNet,32,2,False,False,0.2,0.2,16,3,48,17,46,2.7058823529411766,0.0433587173013392
Only UNet,U-Net,UNet,32,2,False,False,0.2,0.2,16,3,49,20,24,1.2,0.0542633979794449
Only UNet,U-Net,UNet,32,2,False,False,0.2,0.2,16,3,50,34,16,0.4705882352941176,0.0313332060862482
Only UNet,U-Net,UNet,32,2,False,False,0.2,0.2,16,3,51,41,26,0.6341463414634146,0.0008450553014279
Only UNet,U-Net,UNet,32,2,False,False,0.2,0.2,16,3,52,46,11,0.2391304347826087,0.1283673573818194
Only UNet,U-Net,UNet,32,2,False,False,0.2,0.2,16,3,53,18,11,0.6111111111111112,0.0103338056807527
Only UNet,U-Net,UNet,32,2,False,False,0.2,0.2,16,3,54,30,28,0.9333333333333332,-0.0533934565722631
Only UNet,U-Net,UNet,32,2,False,False,0.2,0.2,16,3,55,40,34,0.85,0.0976643858387902
Only UNet,U-Net,UNet,32,2,False,False,0.2,0.2,16,3,56,29,33,1.137931034482759,-0.0014079015176425
Only UNet,U-Net,UNet,32,2,False,False,0.2,0.2,16,3,57,38,15,0.3947368421052631,-0.0026281392418378
Only UNet,U-Net,UNet,32,2,False,False,0.2,0.2,16,3,58,29,15,0.5172413793103449,0.0042691233248644
Only UNet,U-Net,UNet,32,2,False,False,0.2,0.2,16,3,59,25,14,0.56,0.0836540849559453
Only UNet,U-Net,UNet,32,2,False,False,0.2,0.2,16,3,60,35,32,0.9142857142857144,0.0508344699278996
Only UNet,U-Net,UNet,32,2,False,False,0.2,0.2,16,3,61,18,11,0.6111111111111112,-0.006967147161255
Only UNet,U-Net,UNet,32,2,False,False,0.2,0.2,16,3,62,24,14,0.5833333333333334,-0.0213669668936537
Only UNet,U-Net,UNet,32,2,False,False,0.2,0.2,16,3,63,15,22,1.4666666666666666,0.0195091707550603
Only UNet,U-Net,UNet,32,2,False,False,0.2,0.2,16,3,64,22,20,0.9090909090909092,0.0196918787568412
Only UNet,U-Net,UNet,32,2,False,False,0.2,0.2,16,3,65,20,18,0.9,-0.0142604265151849
Only UNet,U-Net,UNet,32,2,False,False,0.2,0.2,16,3,66,31,11,0.3548387096774194,-0.0012165168416593
Only UNet,U-Net,UNet,32,2,False,False,0.2,0.2,16,3,67,46,10,0.217391304347826,0.0223134039858241
Only UNet,U-Net,UNet,32,2,False,False,0.2,0.2,16,3,68,29,19,0.6551724137931034,0.0160878299673057
Only UNet,U-Net,UNet,32,2,False,False,0.2,0.2,16,3,69,50,18,0.36,0.0732614227387685
Only UNet,U-Net,UNet,32,2,False,False,0.2,0.2,16,3,70,31,45,1.4516129032258065,0.0060340532271648
Only UNet,U-Net,UNet,32,2,False,False,0.2,0.2,16,3,71,41,13,0.3170731707317073,-0.0112007373361984
Only UNet,U-Net,UNet,32,2,False,False,0.2,0.2,16,3,72,38,35,0.9210526315789472,-0.0163950869470127
Only UNet,U-Net,UNet,32,2,False,False,0.2,0.2,16,3,73,44,19,0.4318181818181818,-0.0084734182280071
Only UNet,U-Net,UNet,32,2,False,False,0.2,0.2,16,3,74,37,8,0.2162162162162162,0.0476329628724977
Only UNet,U-Net,UNet,32,2,False,False,0.2,0.2,16,3,75,29,13,0.4482758620689655,0.0153760405005548
Only UNet,U-Net,UNet,32,2,False,False,0.2,0.2,16,3,76,28,16,0.5714285714285714,-0.0019791109923146
Only UNet,U-Net,UNet,32,2,False,False,0.2,0.2,16,3,77,18,8,0.4444444444444444,-0.0201807757100295
Only UNet,U-Net,UNet,32,2,False,False,0.2,0.2,16,3,78,37,18,0.4864864864864865,-0.0364694660154843
Only UNet,U-Net,UNet,32,2,False,False,0.2,0.2,16,3,79,24,14,0.5833333333333334,0.0170273442211608
Only UNet,U-Net,UNet,32,2,False,False,0.2,0.2,16,3,80,38,24,0.631578947368421,0.0708796932134438
Only UNet,U-Net,UNet,32,2,False,False,0.2,0.2,16,3,81,25,15,0.6,0.0078708873987343
Only UNet,U-Net,UNet,32,2,False,False,0.2,0.2,16,3,82,29,20,0.6896551724137931,-0.0406110364055416
Only UNet,U-Net,UNet,32,2,False,False,0.2,0.2,16,3,83,34,27,0.7941176470588235,0.0012441985001507
Only UNet,U-Net,UNet,32,2,False,False,0.2,0.2,16,3,84,21,18,0.8571428571428571,-0.0008139956977751
Only UNet,U-Net,UNet,32,2,False,False,0.2,0.2,16,3,85,22,21,0.9545454545454546,-0.0027653374632426
Only UNet,U-Net,UNet,32,2,False,False,0.2,0.2,16,3,86,41,25,0.6097560975609756,0.0088584237684945
Only UNet,U-Net,UNet,32,2,False,False,0.2,0.2,16,3,87,28,17,0.6071428571428571,0.0717431033897705
Only UNet,U-Net,UNet,32,2,False,False,0.2,0.2,16,3,88,35,19,0.5428571428571428,0.001137322874352
Only UNet,U-Net,UNet,32,2,False,False,0.2,0.2,16,3,89,32,23,0.71875,-0.0150895550762721
Only UNet,U-Net,UNet,32,2,False,False,0.2,0.2,16,3,90,29,12,0.4137931034482758,0.0560028847545411
Only UNet,U-Net,UNet,32,2,False,False,0.2,0.2,16,3,91,19,13,0.6842105263157895,0.0312001482822159
Only UNet,U-Net,UNet,32,2,False,False,0.2,0.2,16,3,92,45,21,0.4666666666666667,0.0336065825301653
Only UNet,U-Net,UNet,32,2,False,False,0.2,0.2,16,3,93,25,8,0.32,0.001635457236527
Only UNet,U-Net,UNet,32,2,False,False,0.2,0.2,16,3,94,32,12,0.375,-0.014300538839019
Only UNet,U-Net,UNet,32,2,False,False,0.2,0.2,16,3,95,41,21,0.5121951219512195,0.0711418594929767
Only UNet,U-Net,UNet,32,2,False,False,0.2,0.2,16,3,96,16,35,2.1875,-0.0116606005697476
Only UNet,U-Net,UNet,32,2,False,False,0.2,0.2,16,3,97,26,17,0.6538461538461539,0.0224969160880847
Only UNet,U-Net,UNet,32,2,False,False,0.2,0.2,16,3,98,25,17,0.68,0.0378106715671607
Only UNet,U-Net,UNet,32,2,False,False,0.2,0.2,16,3,99,61,29,0.4754098360655737,-0.0265309539451897
Only UNet,U-Net,UNet,32,2,False,False,0.2,0.2,16,4,0,33,25,0.7575757575757576,0.0516659482300582
Only UNet,U-Net,UNet,32,2,False,False,0.2,0.2,16,4,1,34,20,0.5882352941176471,0.018564015608349
Only UNet,U-Net,UNet,32,2,False,False,0.2,0.2,16,4,2,29,13,0.4482758620689655,0.0175523400438789
Only UNet,U-Net,UNet,32,2,False,False,0.2,0.2,16,4,3,28,29,1.0357142857142858,0.0457956329301225
Only UNet,U-Net,UNet,32,2,False,False,0.2,0.2,16,4,4,36,20,0.5555555555555556,0.0772023580590706
Only UNet,U-Net,UNet,32,2,False,False,0.2,0.2,16,4,5,42,12,0.2857142857142857,-0.0130081348939148
Only UNet,U-Net,UNet,32,2,False,False,0.2,0.2,16,4,6,28,11,0.3928571428571428,0.0398882620077723
Only UNet,U-Net,UNet,32,2,False,False,0.2,0.2,16,4,7,38,10,0.2631578947368421,-0.00389959119926
Only UNet,U-Net,UNet,32,2,False,False,0.2,0.2,16,4,8,33,16,0.4848484848484848,0.0015745832077211
Only UNet,U-Net,UNet,32,2,False,False,0.2,0.2,16,4,9,28,32,1.1428571428571428,0.0251215811458725
Only UNet,U-Net,UNet,32,2,False,False,0.2,0.2,16,4,10,31,16,0.5161290322580645,-0.0854202513944152
Only UNet,U-Net,UNet,32,2,False,False,0.2,0.2,16,4,11,29,28,0.9655172413793104,0.0204385690524399
Only UNet,U-Net,UNet,32,2,False,False,0.2,0.2,16,4,12,29,29,1.0,0.0257953074172503
Only UNet,U-Net,UNet,32,2,False,False,0.2,0.2,16,4,13,28,26,0.9285714285714286,-0.0373151704848063
Only UNet,U-Net,UNet,32,2,False,False,0.2,0.2,16,4,14,29,34,1.1724137931034482,0.0370805823201912
Only UNet,U-Net,UNet,32,2,False,False,0.2,0.2,16,4,15,42,18,0.4285714285714285,0.0301307029046942
Only UNet,U-Net,UNet,32,2,False,False,0.2,0.2,16,4,16,58,25,0.4310344827586206,0.0503158394158647
Only UNet,U-Net,UNet,32,2,False,False,0.2,0.2,16,4,17,35,22,0.6285714285714286,0.0531056962929308
Only UNet,U-Net,UNet,32,2,False,False,0.2,0.2,16,4,18,17,12,0.7058823529411765,0.0200968017193458
Only UNet,U-Net,UNet,32,2,False,False,0.2,0.2,16,4,19,17,14,0.8235294117647058,0.0083108145165729
Only UNet,U-Net,UNet,32,2,False,False,0.2,0.2,16,4,20,27,19,0.7037037037037037,0.0550946432182916
Only UNet,U-Net,UNet,32,2,False,False,0.2,0.2,16,4,21,40,26,0.65,0.0004186261362315
Only UNet,U-Net,UNet,32,2,False,False,0.2,0.2,16,4,22,45,21,0.4666666666666667,0.0078791415549004
Only UNet,U-Net,UNet,32,2,False,False,0.2,0.2,16,4,23,23,18,0.782608695652174,0.0460876867320781
Only UNet,U-Net,UNet,32,2,False,False,0.2,0.2,16,4,24,20,18,0.9,-0.0021811725354024
Only UNet,U-Net,UNet,32,2,False,False,0.2,0.2,16,4,25,18,9,0.5,0.0193756949123241
Only UNet,U-Net,UNet,32,2,False,False,0.2,0.2,16,4,26,34,23,0.6764705882352942,-0.011676825169662
Only UNet,U-Net,UNet,32,2,False,False,0.2,0.2,16,4,27,35,19,0.5428571428571428,0.0262533800672871
Only UNet,U-Net,UNet,32,2,False,False,0.2,0.2,16,4,28,33,22,0.6666666666666666,-0.0066124008504357
Only UNet,U-Net,UNet,32,2,False,False,0.2,0.2,16,4,29,40,10,0.25,-0.0379306936551438
Only UNet,U-Net,UNet,32,2,False,False,0.2,0.2,16,4,30,19,7,0.3684210526315789,0.0410975613734036
Only UNet,U-Net,UNet,32,2,False,False,0.2,0.2,16,4,31,37,21,0.5675675675675675,-0.0102369256908168
Only UNet,U-Net,UNet,32,2,False,False,0.2,0.2,16,4,32,37,13,0.3513513513513513,-0.0529931726299669
Only UNet,U-Net,UNet,32,2,False,False,0.2,0.2,16,4,33,31,9,0.2903225806451613,-0.014988256493955
Only UNet,U-Net,UNet,32,2,False,False,0.2,0.2,16,4,34,25,19,0.76,0.0563807311100639
Only UNet,U-Net,UNet,32,2,False,False,0.2,0.2,16,4,35,25,22,0.88,-0.0327854408547802
Only UNet,U-Net,UNet,32,2,False,False,0.2,0.2,16,4,36,26,36,1.3846153846153846,-0.0231773960283998
Only UNet,U-Net,UNet,32,2,False,False,0.2,0.2,16,4,37,27,16,0.5925925925925926,0.0719590216956493
Only UNet,U-Net,UNet,32,2,False,False,0.2,0.2,16,4,38,44,46,1.0454545454545454,-0.027478367281087
Only UNet,U-Net,UNet,32,2,False,False,0.2,0.2,16,4,39,19,8,0.4210526315789473,-0.0088995744603681
Only UNet,U-Net,UNet,32,2,False,False,0.2,0.2,16,4,40,41,28,0.6829268292682927,0.0218516019351915
Only UNet,U-Net,UNet,32,2,False,False,0.2,0.2,16,4,41,32,28,0.875,0.0147538920135947
Only UNet,U-Net,UNet,32,2,False,False,0.2,0.2,16,4,42,32,20,0.625,0.0092095170328883
Only UNet,U-Net,UNet,32,2,False,False,0.2,0.2,16,4,43,28,9,0.3214285714285714,-0.0513784243374952
Only UNet,U-Net,UNet,32,2,False,False,0.2,0.2,16,4,44,41,24,0.5853658536585366,-0.0218880314411689
Only UNet,U-Net,UNet,32,2,False,False,0.2,0.2,16,4,45,30,21,0.7,0.0118430664895072
Only UNet,U-Net,UNet,32,2,False,False,0.2,0.2,16,4,46,21,10,0.4761904761904761,-0.0208157122896915
Only UNet,U-Net,UNet,32,2,False,False,0.2,0.2,16,4,47,28,19,0.6785714285714286,0.0209551439768547
Only UNet,U-Net,UNet,32,2,False,False,0.2,0.2,16,4,48,17,69,4.0588235294117645,0.0481072762590595
Only UNet,U-Net,UNet,32,2,False,False,0.2,0.2,16,4,49,20,30,1.5,0.0526941766018918
Only UNet,U-Net,UNet,32,2,False,False,0.2,0.2,16,4,50,34,22,0.6470588235294118,0.0190189577958785
Only UNet,U-Net,UNet,32,2,False,False,0.2,0.2,16,4,51,41,17,0.4146341463414634,-0.0037267191048286
Only UNet,U-Net,UNet,32,2,False,False,0.2,0.2,16,4,52,46,17,0.3695652173913043,0.0660952120158528
Only UNet,U-Net,UNet,32,2,False,False,0.2,0.2,16,4,53,18,12,0.6666666666666666,0.0099677101307542
Only UNet,U-Net,UNet,32,2,False,False,0.2,0.2,16,4,54,30,21,0.7,-0.0081136281854078
Only UNet,U-Net,UNet,32,2,False,False,0.2,0.2,16,4,55,40,16,0.4,0.0007552086702673
Only UNet,U-Net,UNet,32,2,False,False,0.2,0.2,16,4,56,29,10,0.3448275862068966,0.0081773576441286
Only UNet,U-Net,UNet,32,2,False,False,0.2,0.2,16,4,57,38,16,0.4210526315789473,0.0273304999553249
Only UNet,U-Net,UNet,32,2,False,False,0.2,0.2,16,4,58,29,22,0.7586206896551724,0.0139766801990892
Only UNet,U-Net,UNet,32,2,False,False,0.2,0.2,16,4,59,25,20,0.8,0.0515575993557843
Only UNet,U-Net,UNet,32,2,False,False,0.2,0.2,16,4,60,35,19,0.5428571428571428,0.0005648237606506
Only UNet,U-Net,UNet,32,2,False,False,0.2,0.2,16,4,61,18,12,0.6666666666666666,-0.0142097874814979
Only UNet,U-Net,UNet,32,2,False,False,0.2,0.2,16,4,62,24,12,0.5,-0.002731340897703
Only UNet,U-Net,UNet,32,2,False,False,0.2,0.2,16,4,63,15,22,1.4666666666666666,0.0135863634711639
Only UNet,U-Net,UNet,32,2,False,False,0.2,0.2,16,4,64,22,9,0.4090909090909091,0.0012610331180424
Only UNet,U-Net,UNet,32,2,False,False,0.2,0.2,16,4,65,20,12,0.6,-0.0009635669800864
Only UNet,U-Net,UNet,32,2,False,False,0.2,0.2,16,4,66,31,9,0.2903225806451613,0.0274240226640292
Only UNet,U-Net,UNet,32,2,False,False,0.2,0.2,16,4,67,46,16,0.3478260869565217,0.0200557152356599
Only UNet,U-Net,UNet,32,2,False,False,0.2,0.2,16,4,68,29,18,0.6206896551724138,0.0189770802500745
Only UNet,U-Net,UNet,32,2,False,False,0.2,0.2,16,4,69,50,20,0.4,0.0388443244857319
Only UNet,U-Net,UNet,32,2,False,False,0.2,0.2,16,4,70,31,12,0.3870967741935484,0.0190191564499287
Only UNet,U-Net,UNet,32,2,False,False,0.2,0.2,16,4,71,41,22,0.5365853658536586,-0.0758558354120372
Only UNet,U-Net,UNet,32,2,False,False,0.2,0.2,16,4,72,38,9,0.2368421052631578,-0.0475091703446532
Only UNet,U-Net,UNet,32,2,False,False,0.2,0.2,16,4,73,44,20,0.4545454545454545,0.0003105564201694
Only UNet,U-Net,UNet,32,2,False,False,0.2,0.2,16,4,74,37,13,0.3513513513513513,-0.0038041157551917
Only UNet,U-Net,UNet,32,2,False,False,0.2,0.2,16,4,75,29,46,1.5862068965517242,0.0269858183735397
Only UNet,U-Net,UNet,32,2,False,False,0.2,0.2,16,4,76,28,17,0.6071428571428571,0.014349024306347
Only UNet,U-Net,UNet,32,2,False,False,0.2,0.2,16,4,77,18,10,0.5555555555555556,-0.0159597475477557
Only UNet,U-Net,UNet,32,2,False,False,0.2,0.2,16,4,78,37,22,0.5945945945945946,-0.0290582163318457
Only UNet,U-Net,UNet,32,2,False,False,0.2,0.2,16,4,79,24,17,0.7083333333333334,0.0045504601611126
Only UNet,U-Net,UNet,32,2,False,False,0.2,0.2,16,4,80,38,8,0.2105263157894736,0.067843213539541
Only UNet,U-Net,UNet,32,2,False,False,0.2,0.2,16,4,81,25,29,1.16,-0.0036478553663463
Only UNet,U-Net,UNet,32,2,False,False,0.2,0.2,16,4,82,29,10,0.3448275862068966,-0.0141030522678166
Only UNet,U-Net,UNet,32,2,False,False,0.2,0.2,16,4,83,34,10,0.2941176470588235,0.0026440161111042
Only UNet,U-Net,UNet,32,2,False,False,0.2,0.2,16,4,84,21,13,0.6190476190476191,0.0016224273743249
Only UNet,U-Net,UNet,32,2,False,False,0.2,0.2,16,4,85,22,7,0.3181818181818182,0.0149214984932985
Only UNet,U-Net,UNet,32,2,False,False,0.2,0.2,16,4,86,41,14,0.3414634146341463,-0.0002103532716453
Only UNet,U-Net,UNet,32,2,False,False,0.2,0.2,16,4,87,28,24,0.8571428571428571,0.0554064509305696
Only UNet,U-Net,UNet,32,2,False,False,0.2,0.2,16,4,88,35,15,0.4285714285714285,-0.0067167706107666
Only UNet,U-Net,UNet,32,2,False,False,0.2,0.2,16,4,89,32,13,0.40625,-0.0213132659741391
Only UNet,U-Net,UNet,32,2,False,False,0.2,0.2,16,4,90,29,8,0.2758620689655172,0.0283029789015573
Only UNet,U-Net,UNet,32,2,False,False,0.2,0.2,16,4,91,19,13,0.6842105263157895,0.0469141380551042
Only UNet,U-Net,UNet,32,2,False,False,0.2,0.2,16,4,92,45,18,0.4,0.050204477216789
Only UNet,U-Net,UNet,32,2,False,False,0.2,0.2,16,4,93,25,12,0.48,0.0088223335455807
Only UNet,U-Net,UNet,32,2,False,False,0.2,0.2,16,4,94,32,29,0.90625,0.1014564079981134
Only UNet,U-Net,UNet,32,2,False,False,0.2,0.2,16,4,95,41,26,0.6341463414634146,-0.0002591753466026
Only UNet,U-Net,UNet,32,2,False,False,0.2,0.2,16,4,96,16,29,1.8125,0.0014960115604279
Only UNet,U-Net,UNet,32,2,False,False,0.2,0.2,16,4,97,26,7,0.2692307692307692,0.0085568866163141
Only UNet,U-Net,UNet,32,2,False,False,0.2,0.2,16,4,98,25,9,0.36,0.0070958107396527
Only UNet,U-Net,UNet,32,2,False,False,0.2,0.2,16,4,99,61,26,0.4262295081967213,0.0190012345623145
Only UNet,U-Net,UNet,32,2,False,False,0.2,0.2,16,5,0,33,28,0.8484848484848485,0.1263308450063734
Only UNet,U-Net,UNet,32,2,False,False,0.2,0.2,16,5,1,34,20,0.5882352941176471,0.0203128412836793
Only UNet,U-Net,UNet,32,2,False,False,0.2,0.2,16,5,2,29,9,0.3103448275862069,0.0093550308312402
Only UNet,U-Net,UNet,32,2,False,False,0.2,0.2,16,5,3,28,18,0.6428571428571429,-0.0103145402461479
Only UNet,U-Net,UNet,32,2,False,False,0.2,0.2,16,5,4,36,38,1.0555555555555556,-0.01539651971779
Only UNet,U-Net,UNet,32,2,False,False,0.2,0.2,16,5,5,42,7,0.1666666666666666,-0.0144795897958029
Only UNet,U-Net,UNet,32,2,False,False,0.2,0.2,16,5,6,28,19,0.6785714285714286,0.0331384906461359
Only UNet,U-Net,UNet,32,2,False,False,0.2,0.2,16,5,7,38,21,0.5526315789473685,0.0744730961755477
Only UNet,U-Net,UNet,32,2,False,False,0.2,0.2,16,5,8,33,20,0.6060606060606061,-0.0038290293034167
Only UNet,U-Net,UNet,32,2,False,False,0.2,0.2,16,5,9,28,11,0.3928571428571428,0.1121850166488566
Only UNet,U-Net,UNet,32,2,False,False,0.2,0.2,16,5,10,31,17,0.5483870967741935,-0.047423581667846
Only UNet,U-Net,UNet,32,2,False,False,0.2,0.2,16,5,11,29,28,0.9655172413793104,0.0280265231098692
Only UNet,U-Net,UNet,32,2,False,False,0.2,0.2,16,5,12,29,8,0.2758620689655172,0.0159217496404529
Only UNet,U-Net,UNet,32,2,False,False,0.2,0.2,16,5,13,28,21,0.75,-0.025650128622805
Only UNet,U-Net,UNet,32,2,False,False,0.2,0.2,16,5,14,29,30,1.0344827586206895,0.0802356959280255
Only UNet,U-Net,UNet,32,2,False,False,0.2,0.2,16,5,15,42,22,0.5238095238095238,0.0066293492318603
Only UNet,U-Net,UNet,32,2,False,False,0.2,0.2,16,5,16,58,23,0.396551724137931,0.0031079932440037
Only UNet,U-Net,UNet,32,2,False,False,0.2,0.2,16,5,17,35,14,0.4,0.0261356272271644
Only UNet,U-Net,UNet,32,2,False,False,0.2,0.2,16,5,18,17,0,0.0,-0.0783235595512452
Only UNet,U-Net,UNet,32,2,False,False,0.2,0.2,16,5,19,17,13,0.7647058823529411,0.0012881120800889
Only UNet,U-Net,UNet,32,2,False,False,0.2,0.2,16,5,20,27,27,1.0,0.0529385450099391
Only UNet,U-Net,UNet,32,2,False,False,0.2,0.2,16,5,21,40,30,0.75,-0.0138457714103504
Only UNet,U-Net,UNet,32,2,False,False,0.2,0.2,16,5,22,45,30,0.6666666666666666,0.0502690326785548
Only UNet,U-Net,UNet,32,2,False,False,0.2,0.2,16,5,23,23,17,0.7391304347826086,-0.0042085800995904
Only UNet,U-Net,UNet,32,2,False,False,0.2,0.2,16,5,24,20,11,0.55,0.0317375566212662
Only UNet,U-Net,UNet,32,2,False,False,0.2,0.2,16,5,25,18,8,0.4444444444444444,0.0017166332556176
Only UNet,U-Net,UNet,32,2,False,False,0.2,0.2,16,5,26,34,8,0.2352941176470588,0.0428965283739827
Only UNet,U-Net,UNet,32,2,False,False,0.2,0.2,16,5,27,35,17,0.4857142857142857,0.0604834688174039
Only UNet,U-Net,UNet,32,2,False,False,0.2,0.2,16,5,28,33,32,0.9696969696969696,-0.0083169818417566
Only UNet,U-Net,UNet,32,2,False,False,0.2,0.2,16,5,29,40,21,0.525,-0.0348279074427198
Only UNet,U-Net,UNet,32,2,False,False,0.2,0.2,16,5,30,19,8,0.4210526315789473,0.0435915569937965
Only UNet,U-Net,UNet,32,2,False,False,0.2,0.2,16,5,31,37,17,0.4594594594594595,-0.0252533555496543
Only UNet,U-Net,UNet,32,2,False,False,0.2,0.2,16,5,32,37,18,0.4864864864864865,0.0560531500433739
Only UNet,U-Net,UNet,32,2,False,False,0.2,0.2,16,5,33,31,15,0.4838709677419355,-0.0242353055526975
Only UNet,U-Net,UNet,32,2,False,False,0.2,0.2,16,5,34,25,16,0.64,0.0738539641526195
Only UNet,U-Net,UNet,32,2,False,False,0.2,0.2,16,5,35,25,15,0.6,-0.0305328057105661
Only UNet,U-Net,UNet,32,2,False,False,0.2,0.2,16,5,36,26,8,0.3076923076923077,-0.0307017934235547
Only UNet,U-Net,UNet,32,2,False,False,0.2,0.2,16,5,37,27,21,0.7777777777777778,0.0414496698107564
Only UNet,U-Net,UNet,32,2,False,False,0.2,0.2,16,5,38,44,20,0.4545454545454545,-0.0258733138006511
Only UNet,U-Net,UNet,32,2,False,False,0.2,0.2,16,5,39,19,11,0.5789473684210527,-0.0084074941288643
Only UNet,U-Net,UNet,32,2,False,False,0.2,0.2,16,5,40,41,34,0.8292682926829268,0.0163470482912016
Only UNet,U-Net,UNet,32,2,False,False,0.2,0.2,16,5,41,32,27,0.84375,0.0063282843700352
Only UNet,U-Net,UNet,32,2,False,False,0.2,0.2,16,5,42,32,14,0.4375,-0.0257015812573526
Only UNet,U-Net,UNet,32,2,False,False,0.2,0.2,16,5,43,28,18,0.6428571428571429,0.0413961768218265
Only UNet,U-Net,UNet,32,2,False,False,0.2,0.2,16,5,44,41,22,0.5365853658536586,0.0014993499798355
Only UNet,U-Net,UNet,32,2,False,False,0.2,0.2,16,5,45,30,16,0.5333333333333333,-0.0119033308484507
Only UNet,U-Net,UNet,32,2,False,False,0.2,0.2,16,5,46,21,14,0.6666666666666666,0.0202708235753483
Only UNet,U-Net,UNet,32,2,False,False,0.2,0.2,16,5,47,28,30,1.0714285714285714,0.0369121445992984
Only UNet,U-Net,UNet,32,2,False,False,0.2,0.2,16,5,48,17,60,3.5294117647058822,0.0596288046486323
Only UNet,U-Net,UNet,32,2,False,False,0.2,0.2,16,5,49,20,33,1.65,0.0358874913574
Only UNet,U-Net,UNet,32,2,False,False,0.2,0.2,16,5,50,34,8,0.2352941176470588,0.0345551578242566
Only UNet,U-Net,UNet,32,2,False,False,0.2,0.2,16,5,51,41,24,0.5853658536585366,0.0689950572084781
Only UNet,U-Net,UNet,32,2,False,False,0.2,0.2,16,5,52,46,35,0.7608695652173914,0.0487183068788922
Only UNet,U-Net,UNet,32,2,False,False,0.2,0.2,16,5,53,18,8,0.4444444444444444,0.0110820453567675
Only UNet,U-Net,UNet,32,2,False,False,0.2,0.2,16,5,54,30,23,0.7666666666666667,-0.0502914435755729
Only UNet,U-Net,UNet,32,2,False,False,0.2,0.2,16,5,55,40,19,0.475,0.1154848085826588
Only UNet,U-Net,UNet,32,2,False,False,0.2,0.2,16,5,56,29,28,0.9655172413793104,-0.0111709974860049
Only UNet,U-Net,UNet,32,2,False,False,0.2,0.2,16,5,57,38,28,0.7368421052631579,0.0081297778514119
Only UNet,U-Net,UNet,32,2,False,False,0.2,0.2,16,5,58,29,38,1.3103448275862069,0.0060856235957185
Only UNet,U-Net,UNet,32,2,False,False,0.2,0.2,16,5,59,25,12,0.48,0.031361888733563
Only UNet,U-Net,UNet,32,2,False,False,0.2,0.2,16,5,60,35,16,0.4571428571428571,0.012784109624867
Only UNet,U-Net,UNet,32,2,False,False,0.2,0.2,16,5,61,18,16,0.8888888888888888,0.002768005258367
Only UNet,U-Net,UNet,32,2,False,False,0.2,0.2,16,5,62,24,12,0.5,0.0068742295958686
Only UNet,U-Net,UNet,32,2,False,False,0.2,0.2,16,5,63,15,16,1.0666666666666669,0.0042636979464963
Only UNet,U-Net,UNet,32,2,False,False,0.2,0.2,16,5,64,22,12,0.5454545454545454,-0.0171919342917037
Only UNet,U-Net,UNet,32,2,False,False,0.2,0.2,16,5,65,20,19,0.95,0.0086281325860868
Only UNet,U-Net,UNet,32,2,False,False,0.2,0.2,16,5,66,31,23,0.7419354838709677,0.0173215063851345
Only UNet,U-Net,UNet,32,2,False,False,0.2,0.2,16,5,67,46,22,0.4782608695652174,0.0243667377456768
Only UNet,U-Net,UNet,32,2,False,False,0.2,0.2,16,5,68,29,20,0.6896551724137931,-0.0007095950075123
Only UNet,U-Net,UNet,32,2,False,False,0.2,0.2,16,5,69,50,24,0.48,0.0297935171881574
Only UNet,U-Net,UNet,32,2,False,False,0.2,0.2,16,5,70,31,22,0.7096774193548387,0.0422143148306618
Only UNet,U-Net,UNet,32,2,False,False,0.2,0.2,16,5,71,41,0,0.0,-0.1924596900185556
Only UNet,U-Net,UNet,32,2,False,False,0.2,0.2,16,5,72,38,13,0.3421052631578947,-0.0444320251904917
Only UNet,U-Net,UNet,32,2,False,False,0.2,0.2,16,5,73,44,24,0.5454545454545454,-0.0026415978207885
Only UNet,U-Net,UNet,32,2,False,False,0.2,0.2,16,5,74,37,13,0.3513513513513513,-0.0036322145830778
Only UNet,U-Net,UNet,32,2,False,False,0.2,0.2,16,5,75,29,22,0.7586206896551724,0.0373389842081794
Only UNet,U-Net,UNet,32,2,False,False,0.2,0.2,16,5,76,28,13,0.4642857142857143,-0.0022073977049561
Only UNet,U-Net,UNet,32,2,False,False,0.2,0.2,16,5,77,18,12,0.6666666666666666,-0.0090312730892467
Only UNet,U-Net,UNet,32,2,False,False,0.2,0.2,16,5,78,37,30,0.8108108108108109,-0.0399108926025323
Only UNet,U-Net,UNet,32,2,False,False,0.2,0.2,16,5,79,24,14,0.5833333333333334,0.0168973185290123
Only UNet,U-Net,UNet,32,2,False,False,0.2,0.2,16,5,80,38,25,0.6578947368421053,0.0228528030888059
Only UNet,U-Net,UNet,32,2,False,False,0.2,0.2,16,5,81,25,11,0.44,0.1345241029812922
Only UNet,U-Net,UNet,32,2,False,False,0.2,0.2,16,5,82,29,44,1.5172413793103448,-0.0246427609555922
Only UNet,U-Net,UNet,32,2,False,False,0.2,0.2,16,5,83,34,20,0.5882352941176471,8.987973574064458e-05
Only UNet,U-Net,UNet,32,2,False,False,0.2,0.2,16,5,84,21,14,0.6666666666666666,0.012477626710022
Only UNet,U-Net,UNet,32,2,False,False,0.2,0.2,16,5,85,22,9,0.4090909090909091,0.0026686088585199
Only UNet,U-Net,UNet,32,2,False,False,0.2,0.2,16,5,86,41,19,0.4634146341463415,-0.0114021876882766
Only UNet,U-Net,UNet,32,2,False,False,0.2,0.2,16,5,87,28,23,0.8214285714285714,0.0498039626200112
Only UNet,U-Net,UNet,32,2,False,False,0.2,0.2,16,5,88,35,15,0.4285714285714285,-0.0047849676591894
Only UNet,U-Net,UNet,32,2,False,False,0.2,0.2,16,5,89,32,25,0.78125,-0.0087861553165033
Only UNet,U-Net,UNet,32,2,False,False,0.2,0.2,16,5,90,29,28,0.9655172413793104,0.0268915454156635
Only UNet,U-Net,UNet,32,2,False,False,0.2,0.2,16,5,91,19,23,1.2105263157894737,0.0402047166828396
Only UNet,U-Net,UNet,32,2,False,False,0.2,0.2,16,5,92,45,40,0.8888888888888888,0.0322432561404973
Only UNet,U-Net,UNet,32,2,False,False,0.2,0.2,16,5,93,25,7,0.28,-0.0076917235250286
Only UNet,U-Net,UNet,32,2,False,False,0.2,0.2,16,5,94,32,20,0.625,0.0063941007015304
Only UNet,U-Net,UNet,32,2,False,False,0.2,0.2,16,5,95,41,24,0.5853658536585366,-0.0075115044153638
Only UNet,U-Net,UNet,32,2,False,False,0.2,0.2,16,5,96,16,20,1.25,-0.0082510066001395
Only UNet,U-Net,UNet,32,2,False,False,0.2,0.2,16,5,97,26,24,0.9230769230769232,0.0320594629369858
Only UNet,U-Net,UNet,32,2,False,False,0.2,0.2,16,5,98,25,22,0.88,-0.0048909163253539
Only UNet,U-Net,UNet,32,2,False,False,0.2,0.2,16,5,99,61,33,0.5409836065573771,0.0344384057896488
Only UNet,U-Net,UNet,32,2,False,False,0.2,0.2,16,6,0,33,25,0.7575757575757576,0.1051507281085984
Only UNet,U-Net,UNet,32,2,False,False,0.2,0.2,16,6,1,34,23,0.6764705882352942,0.0072478026689864
Only UNet,U-Net,UNet,32,2,False,False,0.2,0.2,16,6,2,29,31,1.0689655172413792,0.0196092084156985
Only UNet,U-Net,UNet,32,2,False,False,0.2,0.2,16,6,3,28,18,0.6428571428571429,-0.0088726132935625
Only UNet,U-Net,UNet,32,2,False,False,0.2,0.2,16,6,4,36,21,0.5833333333333334,-0.0203178760800892
Only UNet,U-Net,UNet,32,2,False,False,0.2,0.2,16,6,5,42,14,0.3333333333333333,0.0139006156637432
Only UNet,U-Net,UNet,32,2,False,False,0.2,0.2,16,6,6,28,39,1.3928571428571428,0.0227635237299106
Only UNet,U-Net,UNet,32,2,False,False,0.2,0.2,16,6,7,38,28,0.7368421052631579,0.0441373076885317
Only UNet,U-Net,UNet,32,2,False,False,0.2,0.2,16,6,8,33,12,0.3636363636363636,-0.009540108219871
Only UNet,U-Net,UNet,32,2,False,False,0.2,0.2,16,6,9,28,34,1.2142857142857142,0.0117230578097233
Only UNet,U-Net,UNet,32,2,False,False,0.2,0.2,16,6,10,31,17,0.5483870967741935,-0.075093795409473
Only UNet,U-Net,UNet,32,2,False,False,0.2,0.2,16,6,11,29,38,1.3103448275862069,0.0109303544935801
Only UNet,U-Net,UNet,32,2,False,False,0.2,0.2,16,6,12,29,9,0.3103448275862069,0.0367168418674212
Only UNet,U-Net,UNet,32,2,False,False,0.2,0.2,16,6,13,28,26,0.9285714285714286,-0.0053733867014259
Only UNet,U-Net,UNet,32,2,False,False,0.2,0.2,16,6,14,29,25,0.8620689655172413,-0.0225367910621365
Only UNet,U-Net,UNet,32,2,False,False,0.2,0.2,16,6,15,42,15,0.3571428571428571,0.0113448888793317
Only UNet,U-Net,UNet,32,2,False,False,0.2,0.2,16,6,16,58,21,0.3620689655172414,0.0394649582904009
Only UNet,U-Net,UNet,32,2,False,False,0.2,0.2,16,6,17,35,23,0.6571428571428571,0.0330488865302554
Only UNet,U-Net,UNet,32,2,False,False,0.2,0.2,16,6,18,17,18,1.0588235294117647,0.0138593652486188
Only UNet,U-Net,UNet,32,2,False,False,0.2,0.2,16,6,19,17,12,0.7058823529411765,0.0082701066855994
Only UNet,U-Net,UNet,32,2,False,False,0.2,0.2,16,6,20,27,22,0.8148148148148148,-0.0053362187140603
Only UNet,U-Net,UNet,32,2,False,False,0.2,0.2,16,6,21,40,32,0.8,0.0372407314397157
Only UNet,U-Net,UNet,32,2,False,False,0.2,0.2,16,6,22,45,22,0.4888888888888889,-0.0086852893400901
Only UNet,U-Net,UNet,32,2,False,False,0.2,0.2,16,6,23,23,32,1.391304347826087,0.0909405109166445
Only UNet,U-Net,UNet,32,2,False,False,0.2,0.2,16,6,24,20,8,0.4,-0.0060445891663258
Only UNet,U-Net,UNet,32,2,False,False,0.2,0.2,16,6,25,18,14,0.7777777777777778,-0.0076576525906094
Only UNet,U-Net,UNet,32,2,False,False,0.2,0.2,16,6,26,34,16,0.4705882352941176,0.0699608952760175
Only UNet,U-Net,UNet,32,2,False,False,0.2,0.2,16,6,27,35,20,0.5714285714285714,0.0287298294123145
Only UNet,U-Net,UNet,32,2,False,False,0.2,0.2,16,6,28,33,34,1.0303030303030305,-0.0169063998781887
Only UNet,U-Net,UNet,32,2,False,False,0.2,0.2,16,6,29,40,12,0.3,-0.0144724128795926
Only UNet,U-Net,UNet,32,2,False,False,0.2,0.2,16,6,30,19,14,0.7368421052631579,0.0594008963880113
Only UNet,U-Net,UNet,32,2,False,False,0.2,0.2,16,6,31,37,15,0.4054054054054054,-0.0067636814183937
Only UNet,U-Net,UNet,32,2,False,False,0.2,0.2,16,6,32,37,10,0.2702702702702703,-0.0217935575021587
Only UNet,U-Net,UNet,32,2,False,False,0.2,0.2,16,6,33,31,11,0.3548387096774194,-0.0206064273949658
Only UNet,U-Net,UNet,32,2,False,False,0.2,0.2,16,6,34,25,40,1.6,0.0512915998443278
Only UNet,U-Net,UNet,32,2,False,False,0.2,0.2,16,6,35,25,24,0.96,-0.035668235171807
Only UNet,U-Net,UNet,32,2,False,False,0.2,0.2,16,6,36,26,16,0.6153846153846154,-0.0197320472905939
Only UNet,U-Net,UNet,32,2,False,False,0.2,0.2,16,6,37,27,26,0.9629629629629628,0.012630435182216
Only UNet,U-Net,UNet,32,2,False,False,0.2,0.2,16,6,38,44,85,1.9318181818181817,0.0145706408911361
Only UNet,U-Net,UNet,32,2,False,False,0.2,0.2,16,6,39,19,8,0.4210526315789473,-0.0008609836445192
Only UNet,U-Net,UNet,32,2,False,False,0.2,0.2,16,6,40,41,31,0.7560975609756098,0.0083562265231172
Only UNet,U-Net,UNet,32,2,False,False,0.2,0.2,16,6,41,32,16,0.5,-0.0232830347556227
Only UNet,U-Net,UNet,32,2,False,False,0.2,0.2,16,6,42,32,22,0.6875,0.0278594655316149
Only UNet,U-Net,UNet,32,2,False,False,0.2,0.2,16,6,43,28,12,0.4285714285714285,-0.0523141678203267
Only UNet,U-Net,UNet,32,2,False,False,0.2,0.2,16,6,44,41,27,0.6585365853658537,0.0037829753337388
Only UNet,U-Net,UNet,32,2,False,False,0.2,0.2,16,6,45,30,26,0.8666666666666667,0.0019284594861914
Only UNet,U-Net,UNet,32,2,False,False,0.2,0.2,16,6,46,21,32,1.5238095238095235,-0.0233010055364433
Only UNet,U-Net,UNet,32,2,False,False,0.2,0.2,16,6,47,28,18,0.6428571428571429,0.014719379372801
Only UNet,U-Net,UNet,32,2,False,False,0.2,0.2,16,6,48,17,57,3.3529411764705883,0.086210886724894
Only UNet,U-Net,UNet,32,2,False,False,0.2,0.2,16,6,49,20,33,1.65,0.0663744252810252
Only UNet,U-Net,UNet,32,2,False,False,0.2,0.2,16,6,50,34,22,0.6470588235294118,0.0184515847564051
Only UNet,U-Net,UNet,32,2,False,False,0.2,0.2,16,6,51,41,66,1.6097560975609757,0.0161851045457012
Only UNet,U-Net,UNet,32,2,False,False,0.2,0.2,16,6,52,46,19,0.4130434782608695,0.0075284862951842
Only UNet,U-Net,UNet,32,2,False,False,0.2,0.2,16,6,53,18,21,1.1666666666666667,0.0034133776766456
Only UNet,U-Net,UNet,32,2,False,False,0.2,0.2,16,6,54,30,31,1.0333333333333334,-0.065134438665091
Only UNet,U-Net,UNet,32,2,False,False,0.2,0.2,16,6,55,40,19,0.475,-0.0083540446839063
Only UNet,U-Net,UNet,32,2,False,False,0.2,0.2,16,6,56,29,22,0.7586206896551724,-0.0295022579325104
Only UNet,U-Net,UNet,32,2,False,False,0.2,0.2,16,6,57,38,18,0.4736842105263157,0.0031193294035882
Only UNet,U-Net,UNet,32,2,False,False,0.2,0.2,16,6,58,29,9,0.3103448275862069,-0.0081354178572544
Only UNet,U-Net,UNet,32,2,False,False,0.2,0.2,16,6,59,25,9,0.36,0.0722440211552608
Only UNet,U-Net,UNet,32,2,False,False,0.2,0.2,16,6,60,35,13,0.3714285714285714,-0.0211836256464791
Only UNet,U-Net,UNet,32,2,False,False,0.2,0.2,16,6,61,18,58,3.2222222222222223,-0.0044336078258979
Only UNet,U-Net,UNet,32,2,False,False,0.2,0.2,16,6,62,24,17,0.7083333333333334,0.0089052240478836
Only UNet,U-Net,UNet,32,2,False,False,0.2,0.2,16,6,63,15,17,1.1333333333333333,0.0051600323478876
Only UNet,U-Net,UNet,32,2,False,False,0.2,0.2,16,6,64,22,21,0.9545454545454546,-0.0061958471721141
Only UNet,U-Net,UNet,32,2,False,False,0.2,0.2,16,6,65,20,14,0.7,-0.0235238149956609
Only UNet,U-Net,UNet,32,2,False,False,0.2,0.2,16,6,66,31,9,0.2903225806451613,-0.0007642700980815
Only UNet,U-Net,UNet,32,2,False,False,0.2,0.2,16,6,67,46,40,0.8695652173913043,0.0379493682861473
Only UNet,U-Net,UNet,32,2,False,False,0.2,0.2,16,6,68,29,13,0.4482758620689655,0.0216248093772333
Only UNet,U-Net,UNet,32,2,False,False,0.2,0.2,16,6,69,50,28,0.56,-0.0003757758374973
Only UNet,U-Net,UNet,32,2,False,False,0.2,0.2,16,6,70,31,20,0.6451612903225806,0.002962582647824
Only UNet,U-Net,UNet,32,2,False,False,0.2,0.2,16,6,71,41,14,0.3414634146341463,0.0487741611142434
Only UNet,U-Net,UNet,32,2,False,False,0.2,0.2,16,6,72,38,27,0.7105263157894737,-0.0120525152732474
Only UNet,U-Net,UNet,32,2,False,False,0.2,0.2,16,6,73,44,30,0.6818181818181818,0.0116527515896666
Only UNet,U-Net,UNet,32,2,False,False,0.2,0.2,16,6,74,37,11,0.2972972972972973,0.0181236117638285
Only UNet,U-Net,UNet,32,2,False,False,0.2,0.2,16,6,75,29,38,1.3103448275862069,0.0492957766883255
Only UNet,U-Net,UNet,32,2,False,False,0.2,0.2,16,6,76,28,17,0.6071428571428571,-0.003410930557856
Only UNet,U-Net,UNet,32,2,False,False,0.2,0.2,16,6,77,18,10,0.5555555555555556,-0.0228527580061841
Only UNet,U-Net,UNet,32,2,False,False,0.2,0.2,16,6,78,37,28,0.7567567567567568,0.0675777872999406
Only UNet,U-Net,UNet,32,2,False,False,0.2,0.2,16,6,79,24,26,1.0833333333333333,0.0359593484364269
Only UNet,U-Net,UNet,32,2,False,False,0.2,0.2,16,6,80,38,17,0.4473684210526316,0.1164324444389843
Only UNet,U-Net,UNet,32,2,False,False,0.2,0.2,16,6,81,25,21,0.84,0.0340020109852993
Only UNet,U-Net,UNet,32,2,False,False,0.2,0.2,16,6,82,29,8,0.2758620689655172,0.0058226577669009
Only UNet,U-Net,UNet,32,2,False,False,0.2,0.2,16,6,83,34,26,0.7647058823529411,0.0418292099657444
Only UNet,U-Net,UNet,32,2,False,False,0.2,0.2,16,6,84,21,14,0.6666666666666666,9.201242507762068e-05
Only UNet,U-Net,UNet,32,2,False,False,0.2,0.2,16,6,85,22,8,0.3636363636363636,0.0089171285616287
Only UNet,U-Net,UNet,32,2,False,False,0.2,0.2,16,6,86,41,15,0.3658536585365853,0.002773428077815
Only UNet,U-Net,UNet,32,2,False,False,0.2,0.2,16,6,87,28,22,0.7857142857142857,0.0611893393070922
Only UNet,U-Net,UNet,32,2,False,False,0.2,0.2,16,6,88,35,18,0.5142857142857142,-0.0026801606794129
Only UNet,U-Net,UNet,32,2,False,False,0.2,0.2,16,6,89,32,37,1.15625,-0.0470978427179099
Only UNet,U-Net,UNet,32,2,False,False,0.2,0.2,16,6,90,29,31,1.0689655172413792,-0.0114985192921267
Only UNet,U-Net,UNet,32,2,False,False,0.2,0.2,16,6,91,19,13,0.6842105263157895,0.0365501706335793
Only UNet,U-Net,UNet,32,2,False,False,0.2,0.2,16,6,92,45,20,0.4444444444444444,-0.0408026996434243
Only UNet,U-Net,UNet,32,2,False,False,0.2,0.2,16,6,93,25,8,0.32,-0.0076601925682801
Only UNet,U-Net,UNet,32,2,False,False,0.2,0.2,16,6,94,32,17,0.53125,0.0911717115291434
Only UNet,U-Net,UNet,32,2,False,False,0.2,0.2,16,6,95,41,18,0.4390243902439024,-0.0179853505346562
Only UNet,U-Net,UNet,32,2,False,False,0.2,0.2,16,6,96,16,16,1.0,-0.0215862493420227
Only UNet,U-Net,UNet,32,2,False,False,0.2,0.2,16,6,97,26,47,1.807692307692308,0.0341290186766033
Only UNet,U-Net,UNet,32,2,False,False,0.2,0.2,16,6,98,25,10,0.4,0.0170822123682091
Only UNet,U-Net,UNet,32,2,False,False,0.2,0.2,16,6,99,61,18,0.2950819672131147,0.0134732257126296
Only UNet,U-Net,UNet,32,2,False,False,0.2,0.2,16,7,0,33,18,0.5454545454545454,0.0139652233418512
Only UNet,U-Net,UNet,32,2,False,False,0.2,0.2,16,7,1,34,19,0.5588235294117647,-0.0080063924999008
Only UNet,U-Net,UNet,32,2,False,False,0.2,0.2,16,7,2,29,13,0.4482758620689655,0.0115639774210349
Only UNet,U-Net,UNet,32,2,False,False,0.2,0.2,16,7,3,28,21,0.75,0.0706593580781494
Only UNet,U-Net,UNet,32,2,False,False,0.2,0.2,16,7,4,36,16,0.4444444444444444,-0.0007274323862898
Only UNet,U-Net,UNet,32,2,False,False,0.2,0.2,16,7,5,42,14,0.3333333333333333,-0.0048192823202405
Only UNet,U-Net,UNet,32,2,False,False,0.2,0.2,16,7,6,28,38,1.3571428571428572,0.0137258488444918
Only UNet,U-Net,UNet,32,2,False,False,0.2,0.2,16,7,7,38,30,0.7894736842105263,0.0010979242165075
Only UNet,U-Net,UNet,32,2,False,False,0.2,0.2,16,7,8,33,16,0.4848484848484848,0.0200255660737923
Only UNet,U-Net,UNet,32,2,False,False,0.2,0.2,16,7,9,28,11,0.3928571428571428,0.0821748264955953
Only UNet,U-Net,UNet,32,2,False,False,0.2,0.2,16,7,10,31,15,0.4838709677419355,-0.0824296523911413
Only UNet,U-Net,UNet,32,2,False,False,0.2,0.2,16,7,11,29,22,0.7586206896551724,0.0319627998834923
Only UNet,U-Net,UNet,32,2,False,False,0.2,0.2,16,7,12,29,12,0.4137931034482758,0.0486955882405683
Only UNet,U-Net,UNet,32,2,False,False,0.2,0.2,16,7,13,28,26,0.9285714285714286,-0.0318298326239395
Only UNet,U-Net,UNet,32,2,False,False,0.2,0.2,16,7,14,29,8,0.2758620689655172,-0.0374216354536981
Only UNet,U-Net,UNet,32,2,False,False,0.2,0.2,16,7,15,42,23,0.5476190476190477,0.0137827194727635
Only UNet,U-Net,UNet,32,2,False,False,0.2,0.2,16,7,16,58,17,0.293103448275862,0.0318896629239882
Only UNet,U-Net,UNet,32,2,False,False,0.2,0.2,16,7,17,35,10,0.2857142857142857,0.0229209099719675
Only UNet,U-Net,UNet,32,2,False,False,0.2,0.2,16,7,18,17,10,0.5882352941176471,-0.0035639565750759
Only UNet,U-Net,UNet,32,2,False,False,0.2,0.2,16,7,19,17,29,1.7058823529411764,0.0026622520394272
Only UNet,U-Net,UNet,32,2,False,False,0.2,0.2,16,7,20,27,19,0.7037037037037037,-0.0122407493777392
Only UNet,U-Net,UNet,32,2,False,False,0.2,0.2,16,7,21,40,28,0.7,0.0189681806690548
Only UNet,U-Net,UNet,32,2,False,False,0.2,0.2,16,7,22,45,23,0.5111111111111111,-0.0210356388645736
Only UNet,U-Net,UNet,32,2,False,False,0.2,0.2,16,7,23,23,25,1.0869565217391304,-0.02088217095377
Only UNet,U-Net,UNet,32,2,False,False,0.2,0.2,16,7,24,20,15,0.75,-0.0086637325758339
Only UNet,U-Net,UNet,32,2,False,False,0.2,0.2,16,7,25,18,21,1.1666666666666667,0.0077992252504644
Only UNet,U-Net,UNet,32,2,False,False,0.2,0.2,16,7,26,34,8,0.2352941176470588,0.0477264703629913
Only UNet,U-Net,UNet,32,2,False,False,0.2,0.2,16,7,27,35,15,0.4285714285714285,0.0288699718714622
Only UNet,U-Net,UNet,32,2,False,False,0.2,0.2,16,7,28,33,36,1.0909090909090908,-0.0067335219452185
Only UNet,U-Net,UNet,32,2,False,False,0.2,0.2,16,7,29,40,25,0.625,-0.013909461880031
Only UNet,U-Net,UNet,32,2,False,False,0.2,0.2,16,7,30,19,8,0.4210526315789473,0.0416326663132172
Only UNet,U-Net,UNet,32,2,False,False,0.2,0.2,16,7,31,37,15,0.4054054054054054,0.018299120940128
Only UNet,U-Net,UNet,32,2,False,False,0.2,0.2,16,7,32,37,12,0.3243243243243243,-0.0150704685934691
Only UNet,U-Net,UNet,32,2,False,False,0.2,0.2,16,7,33,31,18,0.5806451612903226,0.0047711870264457
Only UNet,U-Net,UNet,32,2,False,False,0.2,0.2,16,7,34,25,15,0.6,0.0645318100837662
Only UNet,U-Net,UNet,32,2,False,False,0.2,0.2,16,7,35,25,18,0.72,-0.0226848311614773
Only UNet,U-Net,UNet,32,2,False,False,0.2,0.2,16,7,36,26,16,0.6153846153846154,-0.0228314122245402
Only UNet,U-Net,UNet,32,2,False,False,0.2,0.2,16,7,37,27,16,0.5925925925925926,0.0576707835404024
Only UNet,U-Net,UNet,32,2,False,False,0.2,0.2,16,7,38,44,10,0.2272727272727272,0.004619556485726
Only UNet,U-Net,UNet,32,2,False,False,0.2,0.2,16,7,39,19,11,0.5789473684210527,-0.0044730834499888
Only UNet,U-Net,UNet,32,2,False,False,0.2,0.2,16,7,40,41,30,0.7317073170731707,0.0256928246856071
Only UNet,U-Net,UNet,32,2,False,False,0.2,0.2,16,7,41,32,42,1.3125,0.0170071501029942
Only UNet,U-Net,UNet,32,2,False,False,0.2,0.2,16,7,42,32,13,0.40625,-0.0095758716620878
Only UNet,U-Net,UNet,32,2,False,False,0.2,0.2,16,7,43,28,15,0.5357142857142857,-0.0437914833981153
Only UNet,U-Net,UNet,32,2,False,False,0.2,0.2,16,7,44,41,21,0.5121951219512195,0.0380044709796665
Only UNet,U-Net,UNet,32,2,False,False,0.2,0.2,16,7,45,30,20,0.6666666666666666,0.0011422495927889
Only UNet,U-Net,UNet,32,2,False,False,0.2,0.2,16,7,46,21,14,0.6666666666666666,-0.0340027936762684
Only UNet,U-Net,UNet,32,2,False,False,0.2,0.2,16,7,47,28,30,1.0714285714285714,0.0273218087735186
Only UNet,U-Net,UNet,32,2,False,False,0.2,0.2,16,7,48,17,43,2.5294117647058822,0.0314272360998181
Only UNet,U-Net,UNet,32,2,False,False,0.2,0.2,16,7,49,20,27,1.35,0.0473452334065174
Only UNet,U-Net,UNet,32,2,False,False,0.2,0.2,16,7,50,34,16,0.4705882352941176,-0.0027488778776398
Only UNet,U-Net,UNet,32,2,False,False,0.2,0.2,16,7,51,41,28,0.6829268292682927,0.0404117048887281
Only UNet,U-Net,UNet,32,2,False,False,0.2,0.2,16,7,52,46,15,0.3260869565217391,0.0279792421264788
Only UNet,U-Net,UNet,32,2,False,False,0.2,0.2,16,7,53,18,9,0.5,0.0026040996926798
Only UNet,U-Net,UNet,32,2,False,False,0.2,0.2,16,7,54,30,19,0.6333333333333333,-0.0601865659085175
Only UNet,U-Net,UNet,32,2,False,False,0.2,0.2,16,7,55,40,30,0.75,0.0517040945891532
Only UNet,U-Net,UNet,32,2,False,False,0.2,0.2,16,7,56,29,39,1.3448275862068966,-0.0030996022790767
Only UNet,U-Net,UNet,32,2,False,False,0.2,0.2,16,7,57,38,24,0.631578947368421,0.0105976777989901
Only UNet,U-Net,UNet,32,2,False,False,0.2,0.2,16,7,58,29,20,0.6896551724137931,-0.0141589472505833
Only UNet,U-Net,UNet,32,2,False,False,0.2,0.2,16,7,59,25,28,1.12,0.0704702642902432
Only UNet,U-Net,UNet,32,2,False,False,0.2,0.2,16,7,60,35,20,0.5714285714285714,-0.015070999490283
Only UNet,U-Net,UNet,32,2,False,False,0.2,0.2,16,7,61,18,58,3.2222222222222223,0.0019727477660153
Only UNet,U-Net,UNet,32,2,False,False,0.2,0.2,16,7,62,24,17,0.7083333333333334,-0.0209075789487266
Only UNet,U-Net,UNet,32,2,False,False,0.2,0.2,16,7,63,15,14,0.9333333333333332,0.0113856758726616
Only UNet,U-Net,UNet,32,2,False,False,0.2,0.2,16,7,64,22,11,0.5,-0.0059652277099883
Only UNet,U-Net,UNet,32,2,False,False,0.2,0.2,16,7,65,20,10,0.5,-0.0463669707582956
Only UNet,U-Net,UNet,32,2,False,False,0.2,0.2,16,7,66,31,12,0.3870967741935484,-0.0001613913902605
Only UNet,U-Net,UNet,32,2,False,False,0.2,0.2,16,7,67,46,23,0.5,0.0171567159455425
Only UNet,U-Net,UNet,32,2,False,False,0.2,0.2,16,7,68,29,14,0.4827586206896552,0.0200267856640424
Only UNet,U-Net,UNet,32,2,False,False,0.2,0.2,16,7,69,50,23,0.46,0.0417947529697214
Only UNet,U-Net,UNet,32,2,False,False,0.2,0.2,16,7,70,31,28,0.9032258064516128,-0.0008226980806255
Only UNet,U-Net,UNet,32,2,False,False,0.2,0.2,16,7,71,41,19,0.4634146341463415,-0.0005206738666336
Only UNet,U-Net,UNet,32,2,False,False,0.2,0.2,16,7,72,38,28,0.7368421052631579,-0.002205592632819
Only UNet,U-Net,UNet,32,2,False,False,0.2,0.2,16,7,73,44,18,0.4090909090909091,-0.007294926539368
Only UNet,U-Net,UNet,32,2,False,False,0.2,0.2,16,7,74,37,9,0.2432432432432432,-0.0003204620628817
Only UNet,U-Net,UNet,32,2,False,False,0.2,0.2,16,7,75,29,15,0.5172413793103449,0.0253289757390141
Only UNet,U-Net,UNet,32,2,False,False,0.2,0.2,16,7,76,28,17,0.6071428571428571,0.0053575554448867
Only UNet,U-Net,UNet,32,2,False,False,0.2,0.2,16,7,77,18,8,0.4444444444444444,-0.0023699291809636
Only UNet,U-Net,UNet,32,2,False,False,0.2,0.2,16,7,78,37,30,0.8108108108108109,-0.0244603481269321
Only UNet,U-Net,UNet,32,2,False,False,0.2,0.2,16,7,79,24,17,0.7083333333333334,0.0030026965434303
Only UNet,U-Net,UNet,32,2,False,False,0.2,0.2,16,7,80,38,14,0.3684210526315789,0.0796335407472965
Only UNet,U-Net,UNet,32,2,False,False,0.2,0.2,16,7,81,25,23,0.92,-0.0013694064254708
Only UNet,U-Net,UNet,32,2,False,False,0.2,0.2,16,7,82,29,17,0.5862068965517241,0.0040235967833514
Only UNet,U-Net,UNet,32,2,False,False,0.2,0.2,16,7,83,34,14,0.4117647058823529,0.0122829172677508
Only UNet,U-Net,UNet,32,2,False,False,0.2,0.2,16,7,84,21,19,0.9047619047619048,-0.0015539074833097
Only UNet,U-Net,UNet,32,2,False,False,0.2,0.2,16,7,85,22,8,0.3636363636363636,0.0194372638800785
Only UNet,U-Net,UNet,32,2,False,False,0.2,0.2,16,7,86,41,37,0.902439024390244,0.0087531758747884
Only UNet,U-Net,UNet,32,2,False,False,0.2,0.2,16,7,87,28,22,0.7857142857142857,0.0509117227694781
Only UNet,U-Net,UNet,32,2,False,False,0.2,0.2,16,7,88,35,13,0.3714285714285714,-0.0460577781001318
Only UNet,U-Net,UNet,32,2,False,False,0.2,0.2,16,7,89,32,25,0.78125,-0.0410093548685203
Only UNet,U-Net,UNet,32,2,False,False,0.2,0.2,16,7,90,29,13,0.4482758620689655,0.0167321349440075
Only UNet,U-Net,UNet,32,2,False,False,0.2,0.2,16,7,91,19,37,1.947368421052632,0.0307172716072265
Only UNet,U-Net,UNet,32,2,False,False,0.2,0.2,16,7,92,45,20,0.4444444444444444,-0.0668191440419835
Only UNet,U-Net,UNet,32,2,False,False,0.2,0.2,16,7,93,25,8,0.32,-0.0021274950013228
Only UNet,U-Net,UNet,32,2,False,False,0.2,0.2,16,7,94,32,43,1.34375,0.1529695269511252
Only UNet,U-Net,UNet,32,2,False,False,0.2,0.2,16,7,95,41,21,0.5121951219512195,0.0120628096824008
Only UNet,U-Net,UNet,32,2,False,False,0.2,0.2,16,7,96,16,25,1.5625,0.0005925559377718
Only UNet,U-Net,UNet,32,2,False,False,0.2,0.2,16,7,97,26,9,0.3461538461538461,0.0038458890027799
Only UNet,U-Net,UNet,32,2,False,False,0.2,0.2,16,7,98,25,13,0.52,0.044373666007257
Only UNet,U-Net,UNet,32,2,False,False,0.2,0.2,16,7,99,61,27,0.4426229508196721,0.0310899074839323
Only UNet,U-Net,UNet,32,2,False,False,0.2,0.2,16,8,0,33,16,0.4848484848484848,0.070614179748459
Only UNet,U-Net,UNet,32,2,False,False,0.2,0.2,16,8,1,34,14,0.4117647058823529,0.0043493210257704
Only UNet,U-Net,UNet,32,2,False,False,0.2,0.2,16,8,2,29,18,0.6206896551724138,0.2067205501159313
Only UNet,U-Net,UNet,32,2,False,False,0.2,0.2,16,8,3,28,19,0.6785714285714286,0.0091134144774691
Only UNet,U-Net,UNet,32,2,False,False,0.2,0.2,16,8,4,36,35,0.9722222222222222,-0.0308550287302685
Only UNet,U-Net,UNet,32,2,False,False,0.2,0.2,16,8,5,42,10,0.238095238095238,-0.0068596937128941
Only UNet,U-Net,UNet,32,2,False,False,0.2,0.2,16,8,6,28,28,1.0,0.017711624786757
Only UNet,U-Net,UNet,32,2,False,False,0.2,0.2,16,8,7,38,9,0.2368421052631578,0.0183697993666537
Only UNet,U-Net,UNet,32,2,False,False,0.2,0.2,16,8,8,33,13,0.3939393939393939,0.0057581330399985
Only UNet,U-Net,UNet,32,2,False,False,0.2,0.2,16,8,9,28,12,0.4285714285714285,0.042668123101725
Only UNet,U-Net,UNet,32,2,False,False,0.2,0.2,16,8,10,31,42,1.3548387096774193,-0.0363637587495403
Only UNet,U-Net,UNet,32,2,False,False,0.2,0.2,16,8,11,29,12,0.4137931034482758,0.0433499236955134
Only UNet,U-Net,UNet,32,2,False,False,0.2,0.2,16,8,12,29,13,0.4482758620689655,0.0331426209459047
Only UNet,U-Net,UNet,32,2,False,False,0.2,0.2,16,8,13,28,23,0.8214285714285714,-0.0125451191748668
Only UNet,U-Net,UNet,32,2,False,False,0.2,0.2,16,8,14,29,15,0.5172413793103449,0.0107812788042584
Only UNet,U-Net,UNet,32,2,False,False,0.2,0.2,16,8,15,42,12,0.2857142857142857,0.0027813089744623
Only UNet,U-Net,UNet,32,2,False,False,0.2,0.2,16,8,16,58,19,0.3275862068965517,0.0599804990145294
Only UNet,U-Net,UNet,32,2,False,False,0.2,0.2,16,8,17,35,18,0.5142857142857142,0.0461848633052397
Only UNet,U-Net,UNet,32,2,False,False,0.2,0.2,16,8,18,17,12,0.7058823529411765,0.0055229679996764
Only UNet,U-Net,UNet,32,2,False,False,0.2,0.2,16,8,19,17,63,3.7058823529411766,0.0285370919027411
Only UNet,U-Net,UNet,32,2,False,False,0.2,0.2,16,8,20,27,22,0.8148148148148148,-0.0124900875890423
Only UNet,U-Net,UNet,32,2,False,False,0.2,0.2,16,8,21,40,19,0.475,-0.0128402045468751
Only UNet,U-Net,UNet,32,2,False,False,0.2,0.2,16,8,22,45,9,0.2,0.0010414745204309
Only UNet,U-Net,UNet,32,2,False,False,0.2,0.2,16,8,23,23,11,0.4782608695652174,-0.0139831020360057
Only UNet,U-Net,UNet,32,2,False,False,0.2,0.2,16,8,24,20,12,0.6,-0.0048924911731597
Only UNet,U-Net,UNet,32,2,False,False,0.2,0.2,16,8,25,18,13,0.7222222222222222,0.008833601134831
Only UNet,U-Net,UNet,32,2,False,False,0.2,0.2,16,8,26,34,14,0.4117647058823529,0.0005858714179392
Only UNet,U-Net,UNet,32,2,False,False,0.2,0.2,16,8,27,35,9,0.2571428571428571,0.1678193833356625
Only UNet,U-Net,UNet,32,2,False,False,0.2,0.2,16,8,28,33,39,1.181818181818182,-0.0058681617587749
Only UNet,U-Net,UNet,32,2,False,False,0.2,0.2,16,8,29,40,16,0.4,-0.027280262524441
Only UNet,U-Net,UNet,32,2,False,False,0.2,0.2,16,8,30,19,6,0.3157894736842105,0.0429667874610059
Only UNet,U-Net,UNet,32,2,False,False,0.2,0.2,16,8,31,37,12,0.3243243243243243,-0.0057385581056005
Only UNet,U-Net,UNet,32,2,False,False,0.2,0.2,16,8,32,37,12,0.3243243243243243,-0.0385007906904198
Only UNet,U-Net,UNet,32,2,False,False,0.2,0.2,16,8,33,31,8,0.2580645161290322,-0.0233079141781462
Only UNet,U-Net,UNet,32,2,False,False,0.2,0.2,16,8,34,25,13,0.52,0.0832860504743021
Only UNet,U-Net,UNet,32,2,False,False,0.2,0.2,16,8,35,25,18,0.72,0.0177921478407363
Only UNet,U-Net,UNet,32,2,False,False,0.2,0.2,16,8,36,26,22,0.8461538461538461,-0.0106153792336443
Only UNet,U-Net,UNet,32,2,False,False,0.2,0.2,16,8,37,27,18,0.6666666666666666,-0.019324452035829
Only UNet,U-Net,UNet,32,2,False,False,0.2,0.2,16,8,38,44,38,0.8636363636363636,-0.0006251237270856
Only UNet,U-Net,UNet,32,2,False,False,0.2,0.2,16,8,39,19,9,0.4736842105263157,-0.0037455299506385
Only UNet,U-Net,UNet,32,2,False,False,0.2,0.2,16,8,40,41,40,0.975609756097561,0.0519827711844369
Only UNet,U-Net,UNet,32,2,False,False,0.2,0.2,16,8,41,32,11,0.34375,0.0297029132697578
Only UNet,U-Net,UNet,32,2,False,False,0.2,0.2,16,8,42,32,42,1.3125,0.0266576419459397
Only UNet,U-Net,UNet,32,2,False,False,0.2,0.2,16,8,43,28,12,0.4285714285714285,-0.031468278664819
Only UNet,U-Net,UNet,32,2,False,False,0.2,0.2,16,8,44,41,12,0.2926829268292683,-0.004152046098006
Only UNet,U-Net,UNet,32,2,False,False,0.2,0.2,16,8,45,30,28,0.9333333333333332,0.0024944111473491
Only UNet,U-Net,UNet,32,2,False,False,0.2,0.2,16,8,46,21,22,1.0476190476190477,0.0137412263141296
Only UNet,U-Net,UNet,32,2,False,False,0.2,0.2,16,8,47,28,25,0.8928571428571429,0.02873595828291
Only UNet,U-Net,UNet,32,2,False,False,0.2,0.2,16,8,48,17,58,3.411764705882353,0.0872449358569999
Only UNet,U-Net,UNet,32,2,False,False,0.2,0.2,16,8,49,20,17,0.85,0.0525664406449873
Only UNet,U-Net,UNet,32,2,False,False,0.2,0.2,16,8,50,34,22,0.6470588235294118,0.0291922865038812
Only UNet,U-Net,UNet,32,2,False,False,0.2,0.2,16,8,51,41,8,0.1951219512195122,0.0627493165394526
Only UNet,U-Net,UNet,32,2,False,False,0.2,0.2,16,8,52,46,11,0.2391304347826087,0.0832752704797757
Only UNet,U-Net,UNet,32,2,False,False,0.2,0.2,16,8,53,18,15,0.8333333333333334,0.010041170976627
Only UNet,U-Net,UNet,32,2,False,False,0.2,0.2,16,8,54,30,15,0.5,-0.0182704862034134
Only UNet,U-Net,UNet,32,2,False,False,0.2,0.2,16,8,55,40,23,0.575,0.0112662980142765
Only UNet,U-Net,UNet,32,2,False,False,0.2,0.2,16,8,56,29,44,1.5172413793103448,-0.0653219835074853
Only UNet,U-Net,UNet,32,2,False,False,0.2,0.2,16,8,57,38,16,0.4210526315789473,0.0290560093058282
Only UNet,U-Net,UNet,32,2,False,False,0.2,0.2,16,8,58,29,13,0.4482758620689655,-0.0047785112533009
Only UNet,U-Net,UNet,32,2,False,False,0.2,0.2,16,8,59,25,15,0.6,0.0248786921518196
Only UNet,U-Net,UNet,32,2,False,False,0.2,0.2,16,8,60,35,19,0.5428571428571428,-0.0235485765421963
Only UNet,U-Net,UNet,32,2,False,False,0.2,0.2,16,8,61,18,67,3.7222222222222223,-0.0170554606519993
Only UNet,U-Net,UNet,32,2,False,False,0.2,0.2,16,8,62,24,25,1.0416666666666667,-0.0239769581001533
Only UNet,U-Net,UNet,32,2,False,False,0.2,0.2,16,8,63,15,11,0.7333333333333333,0.0143529876410945
Only UNet,U-Net,UNet,32,2,False,False,0.2,0.2,16,8,64,22,13,0.5909090909090909,0.0017070633247675
Only UNet,U-Net,UNet,32,2,False,False,0.2,0.2,16,8,65,20,9,0.45,-0.048516105547845
Only UNet,U-Net,UNet,32,2,False,False,0.2,0.2,16,8,66,31,17,0.5483870967741935,-0.0249619853105766
Only UNet,U-Net,UNet,32,2,False,False,0.2,0.2,16,8,67,46,29,0.6304347826086957,0.0156072933462287
Only UNet,U-Net,UNet,32,2,False,False,0.2,0.2,16,8,68,29,26,0.896551724137931,0.037492726791854
Only UNet,U-Net,UNet,32,2,False,False,0.2,0.2,16,8,69,50,26,0.52,0.0377212627464211
Only UNet,U-Net,UNet,32,2,False,False,0.2,0.2,16,8,70,31,20,0.6451612903225806,0.0227967077777383
Only UNet,U-Net,UNet,32,2,False,False,0.2,0.2,16,8,71,41,19,0.4634146341463415,-0.0518128799925987
Only UNet,U-Net,UNet,32,2,False,False,0.2,0.2,16,8,72,38,32,0.8421052631578947,-0.0116536260865968
Only UNet,U-Net,UNet,32,2,False,False,0.2,0.2,16,8,73,44,12,0.2727272727272727,0.0097115871386725
Only UNet,U-Net,UNet,32,2,False,False,0.2,0.2,16,8,74,37,9,0.2432432432432432,0.0430093698392449
Only UNet,U-Net,UNet,32,2,False,False,0.2,0.2,16,8,75,29,13,0.4482758620689655,0.0389595124835921
Only UNet,U-Net,UNet,32,2,False,False,0.2,0.2,16,8,76,28,32,1.1428571428571428,0.0110047234134101
Only UNet,U-Net,UNet,32,2,False,False,0.2,0.2,16,8,77,18,10,0.5555555555555556,-0.0135634234049
Only UNet,U-Net,UNet,32,2,False,False,0.2,0.2,16,8,78,37,37,1.0,-0.0245929066569106
Only UNet,U-Net,UNet,32,2,False,False,0.2,0.2,16,8,79,24,22,0.9166666666666666,0.0174495356991402
Only UNet,U-Net,UNet,32,2,False,False,0.2,0.2,16,8,80,38,14,0.3684210526315789,0.1489628921144686
Only UNet,U-Net,UNet,32,2,False,False,0.2,0.2,16,8,81,25,11,0.44,0.0975319523528917
Only UNet,U-Net,UNet,32,2,False,False,0.2,0.2,16,8,82,29,10,0.3448275862068966,-0.0194607812839757
Only UNet,U-Net,UNet,32,2,False,False,0.2,0.2,16,8,83,34,18,0.5294117647058824,-0.0032670314016518
Only UNet,U-Net,UNet,32,2,False,False,0.2,0.2,16,8,84,21,11,0.5238095238095238,-0.0022511617727837
Only UNet,U-Net,UNet,32,2,False,False,0.2,0.2,16,8,85,22,19,0.8636363636363636,0.0114321781144017
Only UNet,U-Net,UNet,32,2,False,False,0.2,0.2,16,8,86,41,22,0.5365853658536586,0.0404323643330066
Only UNet,U-Net,UNet,32,2,False,False,0.2,0.2,16,8,87,28,10,0.3571428571428571,0.0278647498054971
Only UNet,U-Net,UNet,32,2,False,False,0.2,0.2,16,8,88,35,15,0.4285714285714285,-0.0154688933692882
Only UNet,U-Net,UNet,32,2,False,False,0.2,0.2,16,8,89,32,26,0.8125,-0.0171396831445764
Only UNet,U-Net,UNet,32,2,False,False,0.2,0.2,16,8,90,29,14,0.4827586206896552,0.0218524125531216
Only UNet,U-Net,UNet,32,2,False,False,0.2,0.2,16,8,91,19,59,3.1052631578947367,-0.0117488360936358
Only UNet,U-Net,UNet,32,2,False,False,0.2,0.2,16,8,92,45,16,0.3555555555555555,-0.0180798684269212
Only UNet,U-Net,UNet,32,2,False,False,0.2,0.2,16,8,93,25,7,0.28,0.0014623888824098
Only UNet,U-Net,UNet,32,2,False,False,0.2,0.2,16,8,94,32,11,0.34375,0.101916075941711
Only UNet,U-Net,UNet,32,2,False,False,0.2,0.2,16,8,95,41,26,0.6341463414634146,0.0020238284690671
Only UNet,U-Net,UNet,32,2,False,False,0.2,0.2,16,8,96,16,27,1.6875,-0.0035777635162112
Only UNet,U-Net,UNet,32,2,False,False,0.2,0.2,16,8,97,26,20,0.7692307692307693,0.0094963632464591
Only UNet,U-Net,UNet,32,2,False,False,0.2,0.2,16,8,98,25,15,0.6,0.0078635690446847
Only UNet,U-Net,UNet,32,2,False,False,0.2,0.2,16,8,99,61,10,0.1639344262295081,0.0119812195139008
Only UNet,U-Net,UNet,32,2,False,False,0.2,0.2,16,9,0,33,21,0.6363636363636364,0.0447233683769243
Only UNet,U-Net,UNet,32,2,False,False,0.2,0.2,16,9,1,34,17,0.5,0.0417164097658122
Only UNet,U-Net,UNet,32,2,False,False,0.2,0.2,16,9,2,29,31,1.0689655172413792,0.0017553094150744
Only UNet,U-Net,UNet,32,2,False,False,0.2,0.2,16,9,3,28,15,0.5357142857142857,-0.0209222387042283
Only UNet,U-Net,UNet,32,2,False,False,0.2,0.2,16,9,4,36,32,0.8888888888888888,0.0180705072859111
Only UNet,U-Net,UNet,32,2,False,False,0.2,0.2,16,9,5,42,14,0.3333333333333333,-0.0142206110009866
Only UNet,U-Net,UNet,32,2,False,False,0.2,0.2,16,9,6,28,13,0.4642857142857143,-0.0150947964791002
Only UNet,U-Net,UNet,32,2,False,False,0.2,0.2,16,9,7,38,17,0.4473684210526316,0.0247528045114302
Only UNet,U-Net,UNet,32,2,False,False,0.2,0.2,16,9,8,33,15,0.4545454545454545,0.0039035316656952
Only UNet,U-Net,UNet,32,2,False,False,0.2,0.2,16,9,9,28,12,0.4285714285714285,0.0428800053348156
Only UNet,U-Net,UNet,32,2,False,False,0.2,0.2,16,9,10,31,21,0.6774193548387096,-0.0803610628940395
Only UNet,U-Net,UNet,32,2,False,False,0.2,0.2,16,9,11,29,41,1.4137931034482758,-0.0002448679909038
Only UNet,U-Net,UNet,32,2,False,False,0.2,0.2,16,9,12,29,11,0.3793103448275862,0.0424655605886171
Only UNet,U-Net,UNet,32,2,False,False,0.2,0.2,16,9,13,28,20,0.7142857142857143,-0.0382020388289653
Only UNet,U-Net,UNet,32,2,False,False,0.2,0.2,16,9,14,29,30,1.0344827586206895,-0.0261251699998092
Only UNet,U-Net,UNet,32,2,False,False,0.2,0.2,16,9,15,42,31,0.7380952380952381,0.0244972966591748
Only UNet,U-Net,UNet,32,2,False,False,0.2,0.2,16,9,16,58,70,1.206896551724138,0.0029977175585796
Only UNet,U-Net,UNet,32,2,False,False,0.2,0.2,16,9,17,35,13,0.3714285714285714,0.0214930476693945
Only UNet,U-Net,UNet,32,2,False,False,0.2,0.2,16,9,18,17,11,0.6470588235294118,-0.017915567120064
Only UNet,U-Net,UNet,32,2,False,False,0.2,0.2,16,9,19,17,14,0.8235294117647058,0.0597105673217786
Only UNet,U-Net,UNet,32,2,False,False,0.2,0.2,16,9,20,27,9,0.3333333333333333,0.0252951287081518
Only UNet,U-Net,UNet,32,2,False,False,0.2,0.2,16,9,21,40,23,0.575,-0.0304910570991647
Only UNet,U-Net,UNet,32,2,False,False,0.2,0.2,16,9,22,45,15,0.3333333333333333,-0.0125831049937339
Only UNet,U-Net,UNet,32,2,False,False,0.2,0.2,16,9,23,23,22,0.9565217391304348,0.0057982704263531
Only UNet,U-Net,UNet,32,2,False,False,0.2,0.2,16,9,24,20,20,1.0,0.0845386306566312
Only UNet,U-Net,UNet,32,2,False,False,0.2,0.2,16,9,25,18,18,1.0,-0.0050445898374363
Only UNet,U-Net,UNet,32,2,False,False,0.2,0.2,16,9,26,34,15,0.4411764705882353,0.0146003140612222
Only UNet,U-Net,UNet,32,2,False,False,0.2,0.2,16,9,27,35,11,0.3142857142857143,0.0883211699370742
Only UNet,U-Net,UNet,32,2,False,False,0.2,0.2,16,9,28,33,35,1.0606060606060606,-0.0033994136324207
Only UNet,U-Net,UNet,32,2,False,False,0.2,0.2,16,9,29,40,15,0.375,0.026129818618499
Only UNet,U-Net,UNet,32,2,False,False,0.2,0.2,16,9,30,19,10,0.5263157894736842,0.0148168084851531
Only UNet,U-Net,UNet,32,2,False,False,0.2,0.2,16,9,31,37,25,0.6756756756756757,-0.0223827551093498
Only UNet,U-Net,UNet,32,2,False,False,0.2,0.2,16,9,32,37,17,0.4594594594594595,-0.021550866885494
Only UNet,U-Net,UNet,32,2,False,False,0.2,0.2,16,9,33,31,12,0.3870967741935484,-0.0110892389859215
Only UNet,U-Net,UNet,32,2,False,False,0.2,0.2,16,9,34,25,27,1.08,0.0976051366002901
Only UNet,U-Net,UNet,32,2,False,False,0.2,0.2,16,9,35,25,25,1.0,-0.0112596612146591
Only UNet,U-Net,UNet,32,2,False,False,0.2,0.2,16,9,36,26,21,0.8076923076923077,-0.0515256095286609
Only UNet,U-Net,UNet,32,2,False,False,0.2,0.2,16,9,37,27,10,0.3703703703703703,0.1028266755211207
Only UNet,U-Net,UNet,32,2,False,False,0.2,0.2,16,9,38,44,40,0.9090909090909092,0.0075963093881584
Only UNet,U-Net,UNet,32,2,False,False,0.2,0.2,16,9,39,19,11,0.5789473684210527,0.0009597484566254
Only UNet,U-Net,UNet,32,2,False,False,0.2,0.2,16,9,40,41,30,0.7317073170731707,0.0283548374632188
Only UNet,U-Net,UNet,32,2,False,False,0.2,0.2,16,9,41,32,27,0.84375,0.0433465072497748
Only UNet,U-Net,UNet,32,2,False,False,0.2,0.2,16,9,42,32,18,0.5625,0.0191399478152809
Only UNet,U-Net,UNet,32,2,False,False,0.2,0.2,16,9,43,28,22,0.7857142857142857,-0.0158606675904691
Only UNet,U-Net,UNet,32,2,False,False,0.2,0.2,16,9,44,41,41,1.0,-0.0369744661556294
Only UNet,U-Net,UNet,32,2,False,False,0.2,0.2,16,9,45,30,12,0.4,0.0163398542925129
Only UNet,U-Net,UNet,32,2,False,False,0.2,0.2,16,9,46,21,14,0.6666666666666666,-0.0433842491175664
Only UNet,U-Net,UNet,32,2,False,False,0.2,0.2,16,9,47,28,11,0.3928571428571428,0.0250821866209317
Only UNet,U-Net,UNet,32,2,False,False,0.2,0.2,16,9,48,17,18,1.0588235294117647,0.0368239877607136
Only UNet,U-Net,UNet,32,2,False,False,0.2,0.2,16,9,49,20,27,1.35,0.073839799801118
Only UNet,U-Net,UNet,32,2,False,False,0.2,0.2,16,9,50,34,37,1.088235294117647,-0.0020593072406116
Only UNet,U-Net,UNet,32,2,False,False,0.2,0.2,16,9,51,41,50,1.2195121951219512,0.0669108229032487
Only UNet,U-Net,UNet,32,2,False,False,0.2,0.2,16,9,52,46,32,0.6956521739130435,0.0843434057056031
Only UNet,U-Net,UNet,32,2,False,False,0.2,0.2,16,9,53,18,8,0.4444444444444444,-0.0004851504674869
Only UNet,U-Net,UNet,32,2,False,False,0.2,0.2,16,9,54,30,24,0.8,-0.0575504246260874
Only UNet,U-Net,UNet,32,2,False,False,0.2,0.2,16,9,55,40,15,0.375,0.0557425488281899
Only UNet,U-Net,UNet,32,2,False,False,0.2,0.2,16,9,56,29,24,0.8275862068965517,-0.0287316585694106
Only UNet,U-Net,UNet,32,2,False,False,0.2,0.2,16,9,57,38,42,1.105263157894737,0.0103167387765867
Only UNet,U-Net,UNet,32,2,False,False,0.2,0.2,16,9,58,29,15,0.5172413793103449,0.0140148769481933
Only UNet,U-Net,UNet,32,2,False,False,0.2,0.2,16,9,59,25,39,1.56,0.0535868835124807
Only UNet,U-Net,UNet,32,2,False,False,0.2,0.2,16,9,60,35,12,0.3428571428571428,0.0324687480344903
Only UNet,U-Net,UNet,32,2,False,False,0.2,0.2,16,9,61,18,37,2.055555555555556,0.0163196367446806
Only UNet,U-Net,UNet,32,2,False,False,0.2,0.2,16,9,62,24,14,0.5833333333333334,-0.0236349260591242
Only UNet,U-Net,UNet,32,2,False,False,0.2,0.2,16,9,63,15,24,1.6,0.0136253929127905
Only UNet,U-Net,UNet,32,2,False,False,0.2,0.2,16,9,64,22,16,0.7272727272727273,-0.0132587755913172
Only UNet,U-Net,UNet,32,2,False,False,0.2,0.2,16,9,65,20,8,0.4,-0.042111824579739
Only UNet,U-Net,UNet,32,2,False,False,0.2,0.2,16,9,66,31,11,0.3548387096774194,-0.0079695770212341
Only UNet,U-Net,UNet,32,2,False,False,0.2,0.2,16,9,67,46,5,0.108695652173913,0.0348490767782627
Only UNet,U-Net,UNet,32,2,False,False,0.2,0.2,16,9,68,29,34,1.1724137931034482,0.0043998266809973
Only UNet,U-Net,UNet,32,2,False,False,0.2,0.2,16,9,69,50,16,0.32,0.0859797608452435
Only UNet,U-Net,UNet,32,2,False,False,0.2,0.2,16,9,70,31,25,0.8064516129032258,-0.0029071241982316
Only UNet,U-Net,UNet,32,2,False,False,0.2,0.2,16,9,71,41,8,0.1951219512195122,-0.0539651894922609
Only UNet,U-Net,UNet,32,2,False,False,0.2,0.2,16,9,72,38,23,0.6052631578947368,-0.0458370774622012
Only UNet,U-Net,UNet,32,2,False,False,0.2,0.2,16,9,73,44,20,0.4545454545454545,0.0147440103392121
Only UNet,U-Net,UNet,32,2,False,False,0.2,0.2,16,9,74,37,15,0.4054054054054054,0.0073870823446292
Only UNet,U-Net,UNet,32,2,False,False,0.2,0.2,16,9,75,29,24,0.8275862068965517,0.0496135273305633
Only UNet,U-Net,UNet,32,2,False,False,0.2,0.2,16,9,76,28,18,0.6428571428571429,0.0389233264932033
Only UNet,U-Net,UNet,32,2,False,False,0.2,0.2,16,9,77,18,8,0.4444444444444444,0.007260103466897
Only UNet,U-Net,UNet,32,2,False,False,0.2,0.2,16,9,78,37,26,0.7027027027027027,-0.0133802258089035
Only UNet,U-Net,UNet,32,2,False,False,0.2,0.2,16,9,79,24,10,0.4166666666666667,0.0105978152296653
Only UNet,U-Net,UNet,32,2,False,False,0.2,0.2,16,9,80,38,26,0.6842105263157895,0.0568963048920437
Only UNet,U-Net,UNet,32,2,False,False,0.2,0.2,16,9,81,25,22,0.88,-0.0009875009900049
Only UNet,U-Net,UNet,32,2,False,False,0.2,0.2,16,9,82,29,16,0.5517241379310345,-0.0350256786829303
Only UNet,U-Net,UNet,32,2,False,False,0.2,0.2,16,9,83,34,24,0.7058823529411765,0.0107246785398444
Only UNet,U-Net,UNet,32,2,False,False,0.2,0.2,16,9,84,21,14,0.6666666666666666,0.0009211546250771
Only UNet,U-Net,UNet,32,2,False,False,0.2,0.2,16,9,85,22,9,0.4090909090909091,0.0063118060331133
Only UNet,U-Net,UNet,32,2,False,False,0.2,0.2,16,9,86,41,18,0.4390243902439024,0.0217756965725314
Only UNet,U-Net,UNet,32,2,False,False,0.2,0.2,16,9,87,28,11,0.3928571428571428,0.0753859743703666
Only UNet,U-Net,UNet,32,2,False,False,0.2,0.2,16,9,88,35,12,0.3428571428571428,0.0102405181041073
Only UNet,U-Net,UNet,32,2,False,False,0.2,0.2,16,9,89,32,12,0.375,-0.002117308259055
Only UNet,U-Net,UNet,32,2,False,False,0.2,0.2,16,9,90,29,21,0.7241379310344828,0.0151359207580389
Only UNet,U-Net,UNet,32,2,False,False,0.2,0.2,16,9,91,19,15,0.7894736842105263,0.0170988584449992
Only UNet,U-Net,UNet,32,2,False,False,0.2,0.2,16,9,92,45,13,0.2888888888888888,0.0203964113586885
Only UNet,U-Net,UNet,32,2,False,False,0.2,0.2,16,9,93,25,7,0.28,-0.0007294349012078
Only UNet,U-Net,UNet,32,2,False,False,0.2,0.2,16,9,94,32,11,0.34375,0.0971928587010371
Only UNet,U-Net,UNet,32,2,False,False,0.2,0.2,16,9,95,41,22,0.5365853658536586,0.0135316423693473
Only UNet,U-Net,UNet,32,2,False,False,0.2,0.2,16,9,96,16,46,2.875,0.0645332011223771
Only UNet,U-Net,UNet,32,2,False,False,0.2,0.2,16,9,97,26,15,0.5769230769230769,0.0071038378226303
Only UNet,U-Net,UNet,32,2,False,False,0.2,0.2,16,9,98,25,17,0.68,0.0028281270788736
Only UNet,U-Net,UNet,32,2,False,False,0.2,0.2,16,9,99,61,17,0.2786885245901639,0.0179272764222458
Only UNet,U-Net,UNet,32,2,False,False,0.2,0.2,16,10,0,33,14,0.4242424242424242,0.1107892522316014
Only UNet,U-Net,UNet,32,2,False,False,0.2,0.2,16,10,1,34,16,0.4705882352941176,0.0358028241921563
Only UNet,U-Net,UNet,32,2,False,False,0.2,0.2,16,10,2,29,23,0.7931034482758621,0.0071254719871084
Only UNet,U-Net,UNet,32,2,False,False,0.2,0.2,16,10,3,28,67,2.392857142857143,0.0382190875208926
Only UNet,U-Net,UNet,32,2,False,False,0.2,0.2,16,10,4,36,13,0.3611111111111111,-0.0209205307516561
Only UNet,U-Net,UNet,32,2,False,False,0.2,0.2,16,10,5,42,5,0.119047619047619,-0.0270213351853827
Only UNet,U-Net,UNet,32,2,False,False,0.2,0.2,16,10,6,28,24,0.8571428571428571,-0.0032602127319467
Only UNet,U-Net,UNet,32,2,False,False,0.2,0.2,16,10,7,38,9,0.2368421052631578,-0.0040068675039463
Only UNet,U-Net,UNet,32,2,False,False,0.2,0.2,16,10,8,33,21,0.6363636363636364,0.0063769870275933
Only UNet,U-Net,UNet,32,2,False,False,0.2,0.2,16,10,9,28,25,0.8928571428571429,0.0375018728494291
Only UNet,U-Net,UNet,32,2,False,False,0.2,0.2,16,10,10,31,19,0.6129032258064516,-0.0490675991656646
Only UNet,U-Net,UNet,32,2,False,False,0.2,0.2,16,10,11,29,16,0.5517241379310345,-0.007264480583064
Only UNet,U-Net,UNet,32,2,False,False,0.2,0.2,16,10,12,29,21,0.7241379310344828,0.0610828374990585
Only UNet,U-Net,UNet,32,2,False,False,0.2,0.2,16,10,13,28,30,1.0714285714285714,-0.0197461673873564
Only UNet,U-Net,UNet,32,2,False,False,0.2,0.2,16,10,14,29,24,0.8275862068965517,-0.0228494171491229
Only UNet,U-Net,UNet,32,2,False,False,0.2,0.2,16,10,15,42,9,0.2142857142857142,0.0144943547235457
Only UNet,U-Net,UNet,32,2,False,False,0.2,0.2,16,10,16,58,12,0.2068965517241379,0.0442141076328585
Only UNet,U-Net,UNet,32,2,False,False,0.2,0.2,16,10,17,35,15,0.4285714285714285,0.0039108725232157
Only UNet,U-Net,UNet,32,2,False,False,0.2,0.2,16,10,18,17,11,0.6470588235294118,-0.0102346583549298
Only UNet,U-Net,UNet,32,2,False,False,0.2,0.2,16,10,19,17,8,0.4705882352941176,0.0039622957251463
Only UNet,U-Net,UNet,32,2,False,False,0.2,0.2,16,10,20,27,20,0.7407407407407407,0.0109631556227089
Only UNet,U-Net,UNet,32,2,False,False,0.2,0.2,16,10,21,40,28,0.7,0.0206545910949195
Only UNet,U-Net,UNet,32,2,False,False,0.2,0.2,16,10,22,45,15,0.3333333333333333,0.0035202867296962
Only UNet,U-Net,UNet,32,2,False,False,0.2,0.2,16,10,23,23,26,1.1304347826086956,-0.0284440466719703
Only UNet,U-Net,UNet,32,2,False,False,0.2,0.2,16,10,24,20,12,0.6,-0.0079702017252099
Only UNet,U-Net,UNet,32,2,False,False,0.2,0.2,16,10,25,18,10,0.5555555555555556,-0.0012008884220946
Only UNet,U-Net,UNet,32,2,False,False,0.2,0.2,16,10,26,34,6,0.1764705882352941,0.093306602801703
Only UNet,U-Net,UNet,32,2,False,False,0.2,0.2,16,10,27,35,15,0.4285714285714285,0.0799701487964318
Only UNet,U-Net,UNet,32,2,False,False,0.2,0.2,16,10,28,33,31,0.9393939393939394,0.0097040081679097
Only UNet,U-Net,UNet,32,2,False,False,0.2,0.2,16,10,29,40,11,0.275,0.0051741399574517
Only UNet,U-Net,UNet,32,2,False,False,0.2,0.2,16,10,30,19,7,0.3684210526315789,0.0376126278697126
Only UNet,U-Net,UNet,32,2,False,False,0.2,0.2,16,10,31,37,24,0.6486486486486487,-0.0102126850648764
Only UNet,U-Net,UNet,32,2,False,False,0.2,0.2,16,10,32,37,21,0.5675675675675675,-0.0254497834495178
Only UNet,U-Net,UNet,32,2,False,False,0.2,0.2,16,10,33,31,14,0.4516129032258064,0.011117316314803
Only UNet,U-Net,UNet,32,2,False,False,0.2,0.2,16,10,34,25,16,0.64,0.0827059716752167
Only UNet,U-Net,UNet,32,2,False,False,0.2,0.2,16,10,35,25,11,0.44,-0.0416899741103476
Only UNet,U-Net,UNet,32,2,False,False,0.2,0.2,16,10,36,26,14,0.5384615384615384,-0.0155164887208038
Only UNet,U-Net,UNet,32,2,False,False,0.2,0.2,16,10,37,27,22,0.8148148148148148,-0.0069433401502125
Only UNet,U-Net,UNet,32,2,False,False,0.2,0.2,16,10,38,44,24,0.5454545454545454,-0.0126086467060001
Only UNet,U-Net,UNet,32,2,False,False,0.2,0.2,16,10,39,19,12,0.631578947368421,-0.002755440608938
Only UNet,U-Net,UNet,32,2,False,False,0.2,0.2,16,10,40,41,23,0.5609756097560976,0.0005828957525455
Only UNet,U-Net,UNet,32,2,False,False,0.2,0.2,16,10,41,32,40,1.25,0.0181869163946353
Only UNet,U-Net,UNet,32,2,False,False,0.2,0.2,16,10,42,32,28,0.875,0.0215868914428093
Only UNet,U-Net,UNet,32,2,False,False,0.2,0.2,16,10,43,28,33,1.1785714285714286,0.0059642477950391
Only UNet,U-Net,UNet,32,2,False,False,0.2,0.2,16,10,44,41,19,0.4634146341463415,-0.0118171273426628
Only UNet,U-Net,UNet,32,2,False,False,0.2,0.2,16,10,45,30,17,0.5666666666666667,0.0807303485658522
Only UNet,U-Net,UNet,32,2,False,False,0.2,0.2,16,10,46,21,12,0.5714285714285714,0.0176375253683996
Only UNet,U-Net,UNet,32,2,False,False,0.2,0.2,16,10,47,28,7,0.25,-0.0130432157635889
Only UNet,U-Net,UNet,32,2,False,False,0.2,0.2,16,10,48,17,73,4.294117647058823,0.0481521164848489
Only UNet,U-Net,UNet,32,2,False,False,0.2,0.2,16,10,49,20,16,0.8,0.0287222715810022
Only UNet,U-Net,UNet,32,2,False,False,0.2,0.2,16,10,50,34,14,0.4117647058823529,0.0199539335255168
Only UNet,U-Net,UNet,32,2,False,False,0.2,0.2,16,10,51,41,22,0.5365853658536586,0.0127629080557633
Only UNet,U-Net,UNet,32,2,False,False,0.2,0.2,16,10,52,46,11,0.2391304347826087,0.0732858780721565
Only UNet,U-Net,UNet,32,2,False,False,0.2,0.2,16,10,53,18,14,0.7777777777777778,0.0022694298061808
Only UNet,U-Net,UNet,32,2,False,False,0.2,0.2,16,10,54,30,16,0.5333333333333333,-0.0498096362532768
Only UNet,U-Net,UNet,32,2,False,False,0.2,0.2,16,10,55,40,36,0.9,0.1403337829320839
Only UNet,U-Net,UNet,32,2,False,False,0.2,0.2,16,10,56,29,16,0.5517241379310345,-0.0109052874291406
Only UNet,U-Net,UNet,32,2,False,False,0.2,0.2,16,10,57,38,20,0.5263157894736842,0.0120882993025663
Only UNet,U-Net,UNet,32,2,False,False,0.2,0.2,16,10,58,29,58,2.0,0.0183392386486852
Only UNet,U-Net,UNet,32,2,False,False,0.2,0.2,16,10,59,25,26,1.04,0.0234945173932594
Only UNet,U-Net,UNet,32,2,False,False,0.2,0.2,16,10,60,35,22,0.6285714285714286,-0.0147476511460842
Only UNet,U-Net,UNet,32,2,False,False,0.2,0.2,16,10,61,18,35,1.9444444444444444,0.0116297162076418
Only UNet,U-Net,UNet,32,2,False,False,0.2,0.2,16,10,62,24,22,0.9166666666666666,-0.0056812136443749
Only UNet,U-Net,UNet,32,2,False,False,0.2,0.2,16,10,63,15,8,0.5333333333333333,0.006241846114073
Only UNet,U-Net,UNet,32,2,False,False,0.2,0.2,16,10,64,22,17,0.7727272727272727,-0.0076545936179981
Only UNet,U-Net,UNet,32,2,False,False,0.2,0.2,16,10,65,20,8,0.4,-0.042597646817265
Only UNet,U-Net,UNet,32,2,False,False,0.2,0.2,16,10,66,31,14,0.4516129032258064,0.0057855304899912
Only UNet,U-Net,UNet,32,2,False,False,0.2,0.2,16,10,67,46,28,0.6086956521739131,0.0228897156862278
Only UNet,U-Net,UNet,32,2,False,False,0.2,0.2,16,10,68,29,29,1.0,0.0478160117496778
Only UNet,U-Net,UNet,32,2,False,False,0.2,0.2,16,10,69,50,14,0.28,0.0687403494960893
Only UNet,U-Net,UNet,32,2,False,False,0.2,0.2,16,10,70,31,14,0.4516129032258064,0.056272645332297
Only UNet,U-Net,UNet,32,2,False,False,0.2,0.2,16,10,71,41,22,0.5365853658536586,-0.029591270665575
Only UNet,U-Net,UNet,32,2,False,False,0.2,0.2,16,10,72,38,22,0.5789473684210527,0.0198867483241093
Only UNet,U-Net,UNet,32,2,False,False,0.2,0.2,16,10,73,44,17,0.3863636363636363,-0.0008830947774637
Only UNet,U-Net,UNet,32,2,False,False,0.2,0.2,16,10,74,37,16,0.4324324324324324,0.0049731137464104
Only UNet,U-Net,UNet,32,2,False,False,0.2,0.2,16,10,75,29,23,0.7931034482758621,0.01078043903867
Only UNet,U-Net,UNet,32,2,False,False,0.2,0.2,16,10,76,28,27,0.9642857142857144,0.0077325770332296
Only UNet,U-Net,UNet,32,2,False,False,0.2,0.2,16,10,77,18,13,0.7222222222222222,-0.0129066626095128
Only UNet,U-Net,UNet,32,2,False,False,0.2,0.2,16,10,78,37,20,0.5405405405405406,-0.0003651832974581
Only UNet,U-Net,UNet,32,2,False,False,0.2,0.2,16,10,79,24,9,0.375,0.0172251112290451
Only UNet,U-Net,UNet,32,2,False,False,0.2,0.2,16,10,80,38,8,0.2105263157894736,0.0928717920446652
Only UNet,U-Net,UNet,32,2,False,False,0.2,0.2,16,10,81,25,13,0.52,0.0224437607613773
Only UNet,U-Net,UNet,32,2,False,False,0.2,0.2,16,10,82,29,11,0.3793103448275862,0.004154640208619
Only UNet,U-Net,UNet,32,2,False,False,0.2,0.2,16,10,83,34,10,0.2941176470588235,-0.0021114194036339
Only UNet,U-Net,UNet,32,2,False,False,0.2,0.2,16,10,84,21,12,0.5714285714285714,0.0086970803622919
Only UNet,U-Net,UNet,32,2,False,False,0.2,0.2,16,10,85,22,9,0.4090909090909091,0.0031157405378999
Only UNet,U-Net,UNet,32,2,False,False,0.2,0.2,16,10,86,41,25,0.6097560975609756,0.0292440215526593
Only UNet,U-Net,UNet,32,2,False,False,0.2,0.2,16,10,87,28,8,0.2857142857142857,0.0748472236941365
Only UNet,U-Net,UNet,32,2,False,False,0.2,0.2,16,10,88,35,15,0.4285714285714285,-0.0288393102773436
Only UNet,U-Net,UNet,32,2,False,False,0.2,0.2,16,10,89,32,14,0.4375,-0.0038116940331589
Only UNet,U-Net,UNet,32,2,False,False,0.2,0.2,16,10,90,29,8,0.2758620689655172,-0.0082249461736172
Only UNet,U-Net,UNet,32,2,False,False,0.2,0.2,16,10,91,19,12,0.631578947368421,0.0321466249441215
Only UNet,U-Net,UNet,32,2,False,False,0.2,0.2,16,10,92,45,18,0.4,0.0322907771997808
Only UNet,U-Net,UNet,32,2,False,False,0.2,0.2,16,10,93,25,10,0.4,0.0045645282789397
Only UNet,U-Net,UNet,32,2,False,False,0.2,0.2,16,10,94,32,14,0.4375,0.0970907857780206
Only UNet,U-Net,UNet,32,2,False,False,0.2,0.2,16,10,95,41,13,0.3170731707317073,0.0637363746392933
Only UNet,U-Net,UNet,32,2,False,False,0.2,0.2,16,10,96,16,24,1.5,-0.0187832386474857
Only UNet,U-Net,UNet,32,2,False,False,0.2,0.2,16,10,97,26,15,0.5769230769230769,0.0045148863920296
Only UNet,U-Net,UNet,32,2,False,False,0.2,0.2,16,10,98,25,9,0.36,0.0121524123211114
Only UNet,U-Net,UNet,32,2,False,False,0.2,0.2,16,10,99,61,21,0.3442622950819672,-0.033603132439616
Only UNet,U-Net,UNet,32,2,False,False,0.2,0.2,16,11,0,33,28,0.8484848484848485,0.1336405657051513
Only UNet,U-Net,UNet,32,2,False,False,0.2,0.2,16,11,1,34,26,0.7647058823529411,0.0028320687020804
Only UNet,U-Net,UNet,32,2,False,False,0.2,0.2,16,11,2,29,15,0.5172413793103449,-0.00124017063595
Only UNet,U-Net,UNet,32,2,False,False,0.2,0.2,16,11,3,28,22,0.7857142857142857,-0.0176550161478743
Only UNet,U-Net,UNet,32,2,False,False,0.2,0.2,16,11,4,36,34,0.9444444444444444,0.0102847432016409
Only UNet,U-Net,UNet,32,2,False,False,0.2,0.2,16,11,5,42,8,0.1904761904761904,0.0032821435657771
Only UNet,U-Net,UNet,32,2,False,False,0.2,0.2,16,11,6,28,18,0.6428571428571429,0.013184768623217
Only UNet,U-Net,UNet,32,2,False,False,0.2,0.2,16,11,7,38,16,0.4210526315789473,0.0053051058384771
Only UNet,U-Net,UNet,32,2,False,False,0.2,0.2,16,11,8,33,24,0.7272727272727273,0.0290639942999926
Only UNet,U-Net,UNet,32,2,False,False,0.2,0.2,16,11,9,28,23,0.8214285714285714,0.0414359431349123
Only UNet,U-Net,UNet,32,2,False,False,0.2,0.2,16,11,10,31,13,0.4193548387096774,-0.0583144508456521
Only UNet,U-Net,UNet,32,2,False,False,0.2,0.2,16,11,11,29,34,1.1724137931034482,0.0244824162391878
Only UNet,U-Net,UNet,32,2,False,False,0.2,0.2,16,11,12,29,8,0.2758620689655172,0.0235770542602296
Only UNet,U-Net,UNet,32,2,False,False,0.2,0.2,16,11,13,28,54,1.9285714285714288,-0.0359111079554107
Only UNet,U-Net,UNet,32,2,False,False,0.2,0.2,16,11,14,29,24,0.8275862068965517,0.0313385331972549
Only UNet,U-Net,UNet,32,2,False,False,0.2,0.2,16,11,15,42,11,0.2619047619047619,0.0016258938826428
Only UNet,U-Net,UNet,32,2,False,False,0.2,0.2,16,11,16,58,39,0.6724137931034483,0.0216602667610515
Only UNet,U-Net,UNet,32,2,False,False,0.2,0.2,16,11,17,35,20,0.5714285714285714,0.0068029508144428
Only UNet,U-Net,UNet,32,2,False,False,0.2,0.2,16,11,18,17,12,0.7058823529411765,0.0075777636689614
Only UNet,U-Net,UNet,32,2,False,False,0.2,0.2,16,11,19,17,12,0.7058823529411765,0.0808803439430708
Only UNet,U-Net,UNet,32,2,False,False,0.2,0.2,16,11,20,27,22,0.8148148148148148,0.0086978396579621
Only UNet,U-Net,UNet,32,2,False,False,0.2,0.2,16,11,21,40,25,0.625,-0.0389646837966049
Only UNet,U-Net,UNet,32,2,False,False,0.2,0.2,16,11,22,45,13,0.2888888888888888,0.0182697392177314
Only UNet,U-Net,UNet,32,2,False,False,0.2,0.2,16,11,23,23,22,0.9565217391304348,0.0104346032587878
Only UNet,U-Net,UNet,32,2,False,False,0.2,0.2,16,11,24,20,0,0.0,0.0334759555652595
Only UNet,U-Net,UNet,32,2,False,False,0.2,0.2,16,11,25,18,12,0.6666666666666666,0.0019568553433799
Only UNet,U-Net,UNet,32,2,False,False,0.2,0.2,16,11,26,34,12,0.3529411764705882,0.0631502289545668
Only UNet,U-Net,UNet,32,2,False,False,0.2,0.2,16,11,27,35,23,0.6571428571428571,0.1559053202860938
Only UNet,U-Net,UNet,32,2,False,False,0.2,0.2,16,11,28,33,17,0.5151515151515151,0.0119777030212552
Only UNet,U-Net,UNet,32,2,False,False,0.2,0.2,16,11,29,40,30,0.75,-0.0129949396605282
Only UNet,U-Net,UNet,32,2,False,False,0.2,0.2,16,11,30,19,8,0.4210526315789473,0.0416240943174419
Only UNet,U-Net,UNet,32,2,False,False,0.2,0.2,16,11,31,37,15,0.4054054054054054,-0.0072057538862006
Only UNet,U-Net,UNet,32,2,False,False,0.2,0.2,16,11,32,37,15,0.4054054054054054,-0.0364795331079597
Only UNet,U-Net,UNet,32,2,False,False,0.2,0.2,16,11,33,31,13,0.4193548387096774,-0.0075786400741092
Only UNet,U-Net,UNet,32,2,False,False,0.2,0.2,16,11,34,25,12,0.48,0.0602863552176137
Only UNet,U-Net,UNet,32,2,False,False,0.2,0.2,16,11,35,25,16,0.64,0.0060769085159269
Only UNet,U-Net,UNet,32,2,False,False,0.2,0.2,16,11,36,26,18,0.6923076923076923,-0.0147850895159352
Only UNet,U-Net,UNet,32,2,False,False,0.2,0.2,16,11,37,27,15,0.5555555555555556,0.0010729363281695
Only UNet,U-Net,UNet,32,2,False,False,0.2,0.2,16,11,38,44,52,1.181818181818182,0.055843637276339
Only UNet,U-Net,UNet,32,2,False,False,0.2,0.2,16,11,39,19,8,0.4210526315789473,-0.0036224226813112
Only UNet,U-Net,UNet,32,2,False,False,0.2,0.2,16,11,40,41,27,0.6585365853658537,0.0394632165632595
Only UNet,U-Net,UNet,32,2,False,False,0.2,0.2,16,11,41,32,38,1.1875,0.0147347864866045
Only UNet,U-Net,UNet,32,2,False,False,0.2,0.2,16,11,42,32,33,1.03125,-0.0182915037990211
Only UNet,U-Net,UNet,32,2,False,False,0.2,0.2,16,11,43,28,11,0.3928571428571428,0.0666996970863497
Only UNet,U-Net,UNet,32,2,False,False,0.2,0.2,16,11,44,41,24,0.5853658536585366,-0.0075906379939097
Only UNet,U-Net,UNet,32,2,False,False,0.2,0.2,16,11,45,30,32,1.0666666666666669,0.0192513161362674
Only UNet,U-Net,UNet,32,2,False,False,0.2,0.2,16,11,46,21,18,0.8571428571428571,0.0247104056743231
Only UNet,U-Net,UNet,32,2,False,False,0.2,0.2,16,11,47,28,11,0.3928571428571428,0.0101144708827214
Only UNet,U-Net,UNet,32,2,False,False,0.2,0.2,16,11,48,17,51,3.0,0.0554937605559182
Only UNet,U-Net,UNet,32,2,False,False,0.2,0.2,16,11,49,20,12,0.6,0.0236601154129027
Only UNet,U-Net,UNet,32,2,False,False,0.2,0.2,16,11,50,34,21,0.6176470588235294,-0.0257159668329462
Only UNet,U-Net,UNet,32,2,False,False,0.2,0.2,16,11,51,41,33,0.8048780487804879,0.0461146930244544
Only UNet,U-Net,UNet,32,2,False,False,0.2,0.2,16,11,52,46,20,0.4347826086956521,0.1040365553952814
Only UNet,U-Net,UNet,32,2,False,False,0.2,0.2,16,11,53,18,14,0.7777777777777778,0.0108685120022196
Only UNet,U-Net,UNet,32,2,False,False,0.2,0.2,16,11,54,30,26,0.8666666666666667,-0.0422743192958134
Only UNet,U-Net,UNet,32,2,False,False,0.2,0.2,16,11,55,40,16,0.4,0.1323479426836291
Only UNet,U-Net,UNet,32,2,False,False,0.2,0.2,16,11,56,29,22,0.7586206896551724,-0.0551405047445927
Only UNet,U-Net,UNet,32,2,False,False,0.2,0.2,16,11,57,38,20,0.5263157894736842,0.0072407082187452
Only UNet,U-Net,UNet,32,2,False,False,0.2,0.2,16,11,58,29,19,0.6551724137931034,-0.0094312670557054
Only UNet,U-Net,UNet,32,2,False,False,0.2,0.2,16,11,59,25,36,1.44,0.0539903414681871
Only UNet,U-Net,UNet,32,2,False,False,0.2,0.2,16,11,60,35,21,0.6,-0.0099546873121242
Only UNet,U-Net,UNet,32,2,False,False,0.2,0.2,16,11,61,18,30,1.6666666666666667,-0.0092693169687701
Only UNet,U-Net,UNet,32,2,False,False,0.2,0.2,16,11,62,24,12,0.5,-0.0147038960009593
Only UNet,U-Net,UNet,32,2,False,False,0.2,0.2,16,11,63,15,14,0.9333333333333332,0.0082049554142339
Only UNet,U-Net,UNet,32,2,False,False,0.2,0.2,16,11,64,22,15,0.6818181818181818,0.0190559700161516
Only UNet,U-Net,UNet,32,2,False,False,0.2,0.2,16,11,65,20,13,0.65,-0.0414045877826325
Only UNet,U-Net,UNet,32,2,False,False,0.2,0.2,16,11,66,31,11,0.3548387096774194,0.013681428833063
Only UNet,U-Net,UNet,32,2,False,False,0.2,0.2,16,11,67,46,20,0.4347826086956521,0.0593737174639971
Only UNet,U-Net,UNet,32,2,False,False,0.2,0.2,16,11,68,29,31,1.0689655172413792,0.0019094351938865
Only UNet,U-Net,UNet,32,2,False,False,0.2,0.2,16,11,69,50,22,0.44,0.0528480176111799
Only UNet,U-Net,UNet,32,2,False,False,0.2,0.2,16,11,70,31,28,0.9032258064516128,0.0021929275790908
Only UNet,U-Net,UNet,32,2,False,False,0.2,0.2,16,11,71,41,29,0.7073170731707317,-0.0583410284652968
Only UNet,U-Net,UNet,32,2,False,False,0.2,0.2,16,11,72,38,26,0.6842105263157895,-0.0083502159838124
Only UNet,U-Net,UNet,32,2,False,False,0.2,0.2,16,11,73,44,25,0.5681818181818182,-0.0199746814848376
Only UNet,U-Net,UNet,32,2,False,False,0.2,0.2,16,11,74,37,20,0.5405405405405406,0.0101810307231624
Only UNet,U-Net,UNet,32,2,False,False,0.2,0.2,16,11,75,29,47,1.6206896551724137,-7.880988573435795e-05
Only UNet,U-Net,UNet,32,2,False,False,0.2,0.2,16,11,76,28,20,0.7142857142857143,0.0407088468172953
Only UNet,U-Net,UNet,32,2,False,False,0.2,0.2,16,11,77,18,8,0.4444444444444444,0.0001250715117348
Only UNet,U-Net,UNet,32,2,False,False,0.2,0.2,16,11,78,37,22,0.5945945945945946,0.0506713542436688
Only UNet,U-Net,UNet,32,2,False,False,0.2,0.2,16,11,79,24,9,0.375,0.0192169568054399
Only UNet,U-Net,UNet,32,2,False,False,0.2,0.2,16,11,80,38,9,0.2368421052631578,0.0420072695000105
Only UNet,U-Net,UNet,32,2,False,False,0.2,0.2,16,11,81,25,13,0.52,0.0882567880955308
Only UNet,U-Net,UNet,32,2,False,False,0.2,0.2,16,11,82,29,19,0.6551724137931034,0.0163165717092872
Only UNet,U-Net,UNet,32,2,False,False,0.2,0.2,16,11,83,34,22,0.6470588235294118,0.0220111593128015
Only UNet,U-Net,UNet,32,2,False,False,0.2,0.2,16,11,84,21,14,0.6666666666666666,0.0053537218304681
Only UNet,U-Net,UNet,32,2,False,False,0.2,0.2,16,11,85,22,9,0.4090909090909091,0.0102633917789999
Only UNet,U-Net,UNet,32,2,False,False,0.2,0.2,16,11,86,41,16,0.3902439024390244,0.0471652366990925
Only UNet,U-Net,UNet,32,2,False,False,0.2,0.2,16,11,87,28,10,0.3571428571428571,0.0627113567965328
Only UNet,U-Net,UNet,32,2,False,False,0.2,0.2,16,11,88,35,24,0.6857142857142857,-0.0045133884136679
Only UNet,U-Net,UNet,32,2,False,False,0.2,0.2,16,11,89,32,25,0.78125,-0.0133945223019362
Only UNet,U-Net,UNet,32,2,False,False,0.2,0.2,16,11,90,29,10,0.3448275862068966,0.0531929539017723
Only UNet,U-Net,UNet,32,2,False,False,0.2,0.2,16,11,91,19,26,1.368421052631579,0.0409309506416476
Only UNet,U-Net,UNet,32,2,False,False,0.2,0.2,16,11,92,45,27,0.6,-0.0613998175936751
Only UNet,U-Net,UNet,32,2,False,False,0.2,0.2,16,11,93,25,10,0.4,0.0045420765485764
Only UNet,U-Net,UNet,32,2,False,False,0.2,0.2,16,11,94,32,23,0.71875,0.1448170128787214
Only UNet,U-Net,UNet,32,2,False,False,0.2,0.2,16,11,95,41,15,0.3658536585365853,0.0284684318074052
Only UNet,U-Net,UNet,32,2,False,False,0.2,0.2,16,11,96,16,35,2.1875,0.005407736655049
Only UNet,U-Net,UNet,32,2,False,False,0.2,0.2,16,11,97,26,10,0.3846153846153846,0.0025270174292667
Only UNet,U-Net,UNet,32,2,False,False,0.2,0.2,16,11,98,25,15,0.6,-0.0158112299936224
Only UNet,U-Net,UNet,32,2,False,False,0.2,0.2,16,11,99,61,15,0.2459016393442623,0.0305664629357735
Only UNet,U-Net,UNet,32,2,False,False,0.2,0.2,16,12,0,33,25,0.7575757575757576,0.0497646194008384
Only UNet,U-Net,UNet,32,2,False,False,0.2,0.2,16,12,1,34,26,0.7647058823529411,0.0140793981970267
Only UNet,U-Net,UNet,32,2,False,False,0.2,0.2,16,12,2,29,12,0.4137931034482758,0.236970122621128
Only UNet,U-Net,UNet,32,2,False,False,0.2,0.2,16,12,3,28,18,0.6428571428571429,-0.0241178689393525
Only UNet,U-Net,UNet,32,2,False,False,0.2,0.2,16,12,4,36,18,0.5,0.0530228799860997
Only UNet,U-Net,UNet,32,2,False,False,0.2,0.2,16,12,5,42,14,0.3333333333333333,-0.0088084664550743
Only UNet,U-Net,UNet,32,2,False,False,0.2,0.2,16,12,6,28,11,0.3928571428571428,0.0210116690731564
Only UNet,U-Net,UNet,32,2,False,False,0.2,0.2,16,12,7,38,14,0.3684210526315789,0.045029391431926
Only UNet,U-Net,UNet,32,2,False,False,0.2,0.2,16,12,8,33,14,0.4242424242424242,0.005009303568986
Only UNet,U-Net,UNet,32,2,False,False,0.2,0.2,16,12,9,28,26,0.9285714285714286,0.0066681632838297
Only UNet,U-Net,UNet,32,2,False,False,0.2,0.2,16,12,10,31,27,0.8709677419354839,-0.0636410372480733
Only UNet,U-Net,UNet,32,2,False,False,0.2,0.2,16,12,11,29,8,0.2758620689655172,0.0113808353733441
Only UNet,U-Net,UNet,32,2,False,False,0.2,0.2,16,12,12,29,10,0.3448275862068966,0.0186686535902705
Only UNet,U-Net,UNet,32,2,False,False,0.2,0.2,16,12,13,28,22,0.7857142857142857,-0.0386279911383093
Only UNet,U-Net,UNet,32,2,False,False,0.2,0.2,16,12,14,29,35,1.206896551724138,0.0067958497369176
Only UNet,U-Net,UNet,32,2,False,False,0.2,0.2,16,12,15,42,7,0.1666666666666666,0.0381699010039021
Only UNet,U-Net,UNet,32,2,False,False,0.2,0.2,16,12,16,58,12,0.2068965517241379,0.0234815208646523
Only UNet,U-Net,UNet,32,2,False,False,0.2,0.2,16,12,17,35,16,0.4571428571428571,0.0024148470592407
Only UNet,U-Net,UNet,32,2,False,False,0.2,0.2,16,12,18,17,14,0.8235294117647058,0.004901022636575
Only UNet,U-Net,UNet,32,2,False,False,0.2,0.2,16,12,19,17,25,1.4705882352941178,0.0188228598735189
Only UNet,U-Net,UNet,32,2,False,False,0.2,0.2,16,12,20,27,20,0.7407407407407407,0.0011856264776014
Only UNet,U-Net,UNet,32,2,False,False,0.2,0.2,16,12,21,40,14,0.35,0.0603298831562605
Only UNet,U-Net,UNet,32,2,False,False,0.2,0.2,16,12,22,45,14,0.3111111111111111,0.0232961170529714
Only UNet,U-Net,UNet,32,2,False,False,0.2,0.2,16,12,23,23,15,0.6521739130434783,0.0715950676213206
Only UNet,U-Net,UNet,32,2,False,False,0.2,0.2,16,12,24,20,58,2.9,0.2538994370107
Only UNet,U-Net,UNet,32,2,False,False,0.2,0.2,16,12,25,18,13,0.7222222222222222,0.0125731767099135
Only UNet,U-Net,UNet,32,2,False,False,0.2,0.2,16,12,26,34,12,0.3529411764705882,0.033291532794692
Only UNet,U-Net,UNet,32,2,False,False,0.2,0.2,16,12,27,35,19,0.5428571428571428,-0.012437740950455
Only UNet,U-Net,UNet,32,2,False,False,0.2,0.2,16,12,28,33,28,0.8484848484848485,-0.0057636042325093
Only UNet,U-Net,UNet,32,2,False,False,0.2,0.2,16,12,29,40,10,0.25,0.0018767834906256
Only UNet,U-Net,UNet,32,2,False,False,0.2,0.2,16,12,30,19,8,0.4210526315789473,0.0460718981076447
Only UNet,U-Net,UNet,32,2,False,False,0.2,0.2,16,12,31,37,22,0.5945945945945946,-0.0014434108055232
Only UNet,U-Net,UNet,32,2,False,False,0.2,0.2,16,12,32,37,12,0.3243243243243243,-0.0142853165490951
Only UNet,U-Net,UNet,32,2,False,False,0.2,0.2,16,12,33,31,10,0.3225806451612903,-0.0116835269005529
Only UNet,U-Net,UNet,32,2,False,False,0.2,0.2,16,12,34,25,12,0.48,0.0725832432324297
Only UNet,U-Net,UNet,32,2,False,False,0.2,0.2,16,12,35,25,17,0.68,-0.0250266366892891
Only UNet,U-Net,UNet,32,2,False,False,0.2,0.2,16,12,36,26,16,0.6153846153846154,-0.00365492612423
Only UNet,U-Net,UNet,32,2,False,False,0.2,0.2,16,12,37,27,18,0.6666666666666666,0.0013537715218233
Only UNet,U-Net,UNet,32,2,False,False,0.2,0.2,16,12,38,44,31,0.7045454545454546,0.0046307916353861
Only UNet,U-Net,UNet,32,2,False,False,0.2,0.2,16,12,39,19,10,0.5263157894736842,-0.0030033291274589
Only UNet,U-Net,UNet,32,2,False,False,0.2,0.2,16,12,40,41,17,0.4146341463414634,0.0311550728827801
Only UNet,U-Net,UNet,32,2,False,False,0.2,0.2,16,12,41,32,25,0.78125,0.0286129850995152
Only UNet,U-Net,UNet,32,2,False,False,0.2,0.2,16,12,42,32,16,0.5,0.0157533878262715
Only UNet,U-Net,UNet,32,2,False,False,0.2,0.2,16,12,43,28,13,0.4642857142857143,-0.0251959691958
Only UNet,U-Net,UNet,32,2,False,False,0.2,0.2,16,12,44,41,11,0.2682926829268293,0.0007544408830513
Only UNet,U-Net,UNet,32,2,False,False,0.2,0.2,16,12,45,30,13,0.4333333333333333,0.0067749938962337
Only UNet,U-Net,UNet,32,2,False,False,0.2,0.2,16,12,46,21,18,0.8571428571428571,-0.0156064477269998
Only UNet,U-Net,UNet,32,2,False,False,0.2,0.2,16,12,47,28,24,0.8571428571428571,0.0231919878396392
Only UNet,U-Net,UNet,32,2,False,False,0.2,0.2,16,12,48,17,10,0.5882352941176471,0.103812142083589
Only UNet,U-Net,UNet,32,2,False,False,0.2,0.2,16,12,49,20,7,0.35,0.0004743682701902
Only UNet,U-Net,UNet,32,2,False,False,0.2,0.2,16,12,50,34,13,0.3823529411764705,0.0297133936141151
Only UNet,U-Net,UNet,32,2,False,False,0.2,0.2,16,12,51,41,24,0.5853658536585366,-0.0060289020012322
Only UNet,U-Net,UNet,32,2,False,False,0.2,0.2,16,12,52,46,21,0.4565217391304347,0.0294601560666807
Only UNet,U-Net,UNet,32,2,False,False,0.2,0.2,16,12,53,18,12,0.6666666666666666,0.0029594514260972
Only UNet,U-Net,UNet,32,2,False,False,0.2,0.2,16,12,54,30,11,0.3666666666666666,0.0138556105714865
Only UNet,U-Net,UNet,32,2,False,False,0.2,0.2,16,12,55,40,14,0.35,0.0041006436894041
Only UNet,U-Net,UNet,32,2,False,False,0.2,0.2,16,12,56,29,18,0.6206896551724138,-0.0116462205256798
Only UNet,U-Net,UNet,32,2,False,False,0.2,0.2,16,12,57,38,15,0.3947368421052631,0.0068316180389301
Only UNet,U-Net,UNet,32,2,False,False,0.2,0.2,16,12,58,29,11,0.3793103448275862,0.0092703510075567
Only UNet,U-Net,UNet,32,2,False,False,0.2,0.2,16,12,59,25,16,0.64,-0.0086363050541957
Only UNet,U-Net,UNet,32,2,False,False,0.2,0.2,16,12,60,35,35,1.0,-0.0090885579185912
Only UNet,U-Net,UNet,32,2,False,False,0.2,0.2,16,12,61,18,16,0.8888888888888888,-0.0088465730173416
Only UNet,U-Net,UNet,32,2,False,False,0.2,0.2,16,12,62,24,9,0.375,-0.0183757226066896
Only UNet,U-Net,UNet,32,2,False,False,0.2,0.2,16,12,63,15,14,0.9333333333333332,0.0106956783128968
Only UNet,U-Net,UNet,32,2,False,False,0.2,0.2,16,12,64,22,10,0.4545454545454545,-0.0019147314495354
Only UNet,U-Net,UNet,32,2,False,False,0.2,0.2,16,12,65,20,14,0.7,-0.0133567241953675
Only UNet,U-Net,UNet,32,2,False,False,0.2,0.2,16,12,66,31,10,0.3225806451612903,0.0028489088889465
Only UNet,U-Net,UNet,32,2,False,False,0.2,0.2,16,12,67,46,26,0.5652173913043478,0.0107604557950038
Only UNet,U-Net,UNet,32,2,False,False,0.2,0.2,16,12,68,29,33,1.137931034482759,0.0324363137073947
Only UNet,U-Net,UNet,32,2,False,False,0.2,0.2,16,12,69,50,24,0.48,0.0354563310860464
Only UNet,U-Net,UNet,32,2,False,False,0.2,0.2,16,12,70,31,24,0.7741935483870968,0.0146391949597351
Only UNet,U-Net,UNet,32,2,False,False,0.2,0.2,16,12,71,41,47,1.146341463414634,-0.0774081515449323
Only UNet,U-Net,UNet,32,2,False,False,0.2,0.2,16,12,72,38,18,0.4736842105263157,-0.0514538704062237
Only UNet,U-Net,UNet,32,2,False,False,0.2,0.2,16,12,73,44,17,0.3863636363636363,-0.0036877106984925
Only UNet,U-Net,UNet,32,2,False,False,0.2,0.2,16,12,74,37,9,0.2432432432432432,0.0038605992360492
Only UNet,U-Net,UNet,32,2,False,False,0.2,0.2,16,12,75,29,12,0.4137931034482758,0.0076571144127345
Only UNet,U-Net,UNet,32,2,False,False,0.2,0.2,16,12,76,28,27,0.9642857142857144,0.1202319596314838
Only UNet,U-Net,UNet,32,2,False,False,0.2,0.2,16,12,77,18,7,0.3888888888888889,-0.0164683581595997
Only UNet,U-Net,UNet,32,2,False,False,0.2,0.2,16,12,78,37,19,0.5135135135135135,-0.0524380495603517
Only UNet,U-Net,UNet,32,2,False,False,0.2,0.2,16,12,79,24,13,0.5416666666666666,0.0250646631628934
Only UNet,U-Net,UNet,32,2,False,False,0.2,0.2,16,12,80,38,16,0.4210526315789473,0.0352259052349919
Only UNet,U-Net,UNet,32,2,False,False,0.2,0.2,16,12,81,25,10,0.4,0.0861332158125543
Only UNet,U-Net,UNet,32,2,False,False,0.2,0.2,16,12,82,29,14,0.4827586206896552,-0.00100473030898
Only UNet,U-Net,UNet,32,2,False,False,0.2,0.2,16,12,83,34,14,0.4117647058823529,0.0069514539502143
Only UNet,U-Net,UNet,32,2,False,False,0.2,0.2,16,12,84,21,11,0.5238095238095238,0.0073886080374759
Only UNet,U-Net,UNet,32,2,False,False,0.2,0.2,16,12,85,22,8,0.3636363636363636,0.0230331550521434
Only UNet,U-Net,UNet,32,2,False,False,0.2,0.2,16,12,86,41,32,0.7804878048780488,0.0024811994982019
Only UNet,U-Net,UNet,32,2,False,False,0.2,0.2,16,12,87,28,11,0.3928571428571428,0.01883768612132
Only UNet,U-Net,UNet,32,2,False,False,0.2,0.2,16,12,88,35,12,0.3428571428571428,-0.0066026404050229
Only UNet,U-Net,UNet,32,2,False,False,0.2,0.2,16,12,89,32,37,1.15625,-0.0179982524523735
Only UNet,U-Net,UNet,32,2,False,False,0.2,0.2,16,12,90,29,17,0.5862068965517241,0.0311462790613405
Only UNet,U-Net,UNet,32,2,False,False,0.2,0.2,16,12,91,19,30,1.5789473684210529,0.0433024193988028
Only UNet,U-Net,UNet,32,2,False,False,0.2,0.2,16,12,92,45,30,0.6666666666666666,0.0324406083043454
Only UNet,U-Net,UNet,32,2,False,False,0.2,0.2,16,12,93,25,9,0.36,-0.0022322932035515
Only UNet,U-Net,UNet,32,2,False,False,0.2,0.2,16,12,94,32,16,0.5,0.0783701223991622
Only UNet,U-Net,UNet,32,2,False,False,0.2,0.2,16,12,95,41,20,0.4878048780487805,0.0499418628619607
Only UNet,U-Net,UNet,32,2,False,False,0.2,0.2,16,12,96,16,25,1.5625,-0.010901143093264
Only UNet,U-Net,UNet,32,2,False,False,0.2,0.2,16,12,97,26,13,0.5,0.0574756188973465
Only UNet,U-Net,UNet,32,2,False,False,0.2,0.2,16,12,98,25,12,0.48,0.0154932111208068
Only UNet,U-Net,UNet,32,2,False,False,0.2,0.2,16,12,99,61,26,0.4262295081967213,0.0236428762134274
Only UNet,U-Net,UNet,32,2,False,False,0.2,0.2,16,13,0,33,18,0.5454545454545454,0.0622357271359915
Only UNet,U-Net,UNet,32,2,False,False,0.2,0.2,16,13,1,34,21,0.6176470588235294,-0.0336579187114319
Only UNet,U-Net,UNet,32,2,False,False,0.2,0.2,16,13,2,29,41,1.4137931034482758,0.0832438459852356
Only UNet,U-Net,UNet,32,2,False,False,0.2,0.2,16,13,3,28,20,0.7142857142857143,0.0135763110883853
Only UNet,U-Net,UNet,32,2,False,False,0.2,0.2,16,13,4,36,23,0.6388888888888888,0.0042303412596293
Only UNet,U-Net,UNet,32,2,False,False,0.2,0.2,16,13,5,42,15,0.3571428571428571,-0.0143986518076207
Only UNet,U-Net,UNet,32,2,False,False,0.2,0.2,16,13,6,28,43,1.5357142857142858,0.0336260079086599
Only UNet,U-Net,UNet,32,2,False,False,0.2,0.2,16,13,7,38,16,0.4210526315789473,0.0489241064355185
Only UNet,U-Net,UNet,32,2,False,False,0.2,0.2,16,13,8,33,9,0.2727272727272727,-0.0018555240041767
Only UNet,U-Net,UNet,32,2,False,False,0.2,0.2,16,13,9,28,25,0.8928571428571429,0.0259208773035869
Only UNet,U-Net,UNet,32,2,False,False,0.2,0.2,16,13,10,31,23,0.7419354838709677,-0.0958550800973671
Only UNet,U-Net,UNet,32,2,False,False,0.2,0.2,16,13,11,29,11,0.3793103448275862,0.0006885840351215
Only UNet,U-Net,UNet,32,2,False,False,0.2,0.2,16,13,12,29,11,0.3793103448275862,0.020831584912292
Only UNet,U-Net,UNet,32,2,False,False,0.2,0.2,16,13,13,28,24,0.8571428571428571,-0.0176639430596904
Only UNet,U-Net,UNet,32,2,False,False,0.2,0.2,16,13,14,29,17,0.5862068965517241,0.0010010891558602
Only UNet,U-Net,UNet,32,2,False,False,0.2,0.2,16,13,15,42,10,0.238095238095238,0.0196488395373634
Only UNet,U-Net,UNet,32,2,False,False,0.2,0.2,16,13,16,58,19,0.3275862068965517,0.0544103452993189
Only UNet,U-Net,UNet,32,2,False,False,0.2,0.2,16,13,17,35,24,0.6857142857142857,-0.0007077385503486
Only UNet,U-Net,UNet,32,2,False,False,0.2,0.2,16,13,18,17,13,0.7647058823529411,0.0210224986755126
Only UNet,U-Net,UNet,32,2,False,False,0.2,0.2,16,13,19,17,15,0.8823529411764706,0.0132672436015762
Only UNet,U-Net,UNet,32,2,False,False,0.2,0.2,16,13,20,27,33,1.2222222222222223,0.0646401904622207
Only UNet,U-Net,UNet,32,2,False,False,0.2,0.2,16,13,21,40,24,0.6,-0.0109953690923906
Only UNet,U-Net,UNet,32,2,False,False,0.2,0.2,16,13,22,45,26,0.5777777777777777,0.008777966709931
Only UNet,U-Net,UNet,32,2,False,False,0.2,0.2,16,13,23,23,23,1.0,-0.0062932761719555
Only UNet,U-Net,UNet,32,2,False,False,0.2,0.2,16,13,24,20,58,2.9,0.2568496908343096
Only UNet,U-Net,UNet,32,2,False,False,0.2,0.2,16,13,25,18,19,1.0555555555555556,0.0014696766607738
Only UNet,U-Net,UNet,32,2,False,False,0.2,0.2,16,13,26,34,5,0.1470588235294117,0.0485960306322313
Only UNet,U-Net,UNet,32,2,False,False,0.2,0.2,16,13,27,35,14,0.4,0.1110506666966804
Only UNet,U-Net,UNet,32,2,False,False,0.2,0.2,16,13,28,33,20,0.6060606060606061,0.0063418625646529
Only UNet,U-Net,UNet,32,2,False,False,0.2,0.2,16,13,29,40,16,0.4,-0.0398704288177121
Only UNet,U-Net,UNet,32,2,False,False,0.2,0.2,16,13,30,19,9,0.4736842105263157,0.0522390318469366
Only UNet,U-Net,UNet,32,2,False,False,0.2,0.2,16,13,31,37,25,0.6756756756756757,-0.0080736776510724
Only UNet,U-Net,UNet,32,2,False,False,0.2,0.2,16,13,32,37,10,0.2702702702702703,-0.0253412113315362
Only UNet,U-Net,UNet,32,2,False,False,0.2,0.2,16,13,33,31,47,1.5161290322580645,0.0284870153547542
Only UNet,U-Net,UNet,32,2,False,False,0.2,0.2,16,13,34,25,17,0.68,0.0741389549986454
Only UNet,U-Net,UNet,32,2,False,False,0.2,0.2,16,13,35,25,12,0.48,-0.0269470283785767
Only UNet,U-Net,UNet,32,2,False,False,0.2,0.2,16,13,36,26,24,0.9230769230769232,-0.0226452247093912
Only UNet,U-Net,UNet,32,2,False,False,0.2,0.2,16,13,37,27,20,0.7407407407407407,-0.0114938185620829
Only UNet,U-Net,UNet,32,2,False,False,0.2,0.2,16,13,38,44,31,0.7045454545454546,-0.0288390562564166
Only UNet,U-Net,UNet,32,2,False,False,0.2,0.2,16,13,39,19,9,0.4736842105263157,-0.0113074549995849
Only UNet,U-Net,UNet,32,2,False,False,0.2,0.2,16,13,40,41,15,0.3658536585365853,0.0053406743947929
Only UNet,U-Net,UNet,32,2,False,False,0.2,0.2,16,13,41,32,22,0.6875,-0.0009679899538643
Only UNet,U-Net,UNet,32,2,False,False,0.2,0.2,16,13,42,32,45,1.40625,0.0113780866505021
Only UNet,U-Net,UNet,32,2,False,False,0.2,0.2,16,13,43,28,8,0.2857142857142857,-0.0419011422054658
Only UNet,U-Net,UNet,32,2,False,False,0.2,0.2,16,13,44,41,12,0.2926829268292683,0.0677186708534084
Only UNet,U-Net,UNet,32,2,False,False,0.2,0.2,16,13,45,30,19,0.6333333333333333,0.0527169146269492
Only UNet,U-Net,UNet,32,2,False,False,0.2,0.2,16,13,46,21,12,0.5714285714285714,0.0141514276811589
Only UNet,U-Net,UNet,32,2,False,False,0.2,0.2,16,13,47,28,10,0.3571428571428571,0.0057182546997176
Only UNet,U-Net,UNet,32,2,False,False,0.2,0.2,16,13,48,17,43,2.5294117647058822,0.0438739608303865
Only UNet,U-Net,UNet,32,2,False,False,0.2,0.2,16,13,49,20,27,1.35,0.0640655235948859
Only UNet,U-Net,UNet,32,2,False,False,0.2,0.2,16,13,50,34,26,0.7647058823529411,-0.0005763989983836
Only UNet,U-Net,UNet,32,2,False,False,0.2,0.2,16,13,51,41,34,0.8292682926829268,-0.0120266252456714
Only UNet,U-Net,UNet,32,2,False,False,0.2,0.2,16,13,52,46,14,0.3043478260869565,0.084447222733163
Only UNet,U-Net,UNet,32,2,False,False,0.2,0.2,16,13,53,18,10,0.5555555555555556,0.0023397346559329
Only UNet,U-Net,UNet,32,2,False,False,0.2,0.2,16,13,54,30,32,1.0666666666666669,-0.0673756617506057
Only UNet,U-Net,UNet,32,2,False,False,0.2,0.2,16,13,55,40,28,0.7,0.0115400030780203
Only UNet,U-Net,UNet,32,2,False,False,0.2,0.2,16,13,56,29,34,1.1724137931034482,-0.0434876917152327
Only UNet,U-Net,UNet,32,2,False,False,0.2,0.2,16,13,57,38,25,0.6578947368421053,-0.0054172562078629
Only UNet,U-Net,UNet,32,2,False,False,0.2,0.2,16,13,58,29,14,0.4827586206896552,-0.0124406811831942
Only UNet,U-Net,UNet,32,2,False,False,0.2,0.2,16,13,59,25,19,0.76,-0.000170978684814
Only UNet,U-Net,UNet,32,2,False,False,0.2,0.2,16,13,60,35,21,0.6,0.007009499331302
Only UNet,U-Net,UNet,32,2,False,False,0.2,0.2,16,13,61,18,10,0.5555555555555556,-0.0029716792516494
Only UNet,U-Net,UNet,32,2,False,False,0.2,0.2,16,13,62,24,14,0.5833333333333334,0.0004682971627622
Only UNet,U-Net,UNet,32,2,False,False,0.2,0.2,16,13,63,15,15,1.0,0.0116679231879104
Only UNet,U-Net,UNet,32,2,False,False,0.2,0.2,16,13,64,22,11,0.5,-0.0041666355579262
Only UNet,U-Net,UNet,32,2,False,False,0.2,0.2,16,13,65,20,9,0.45,-0.0136926567884114
Only UNet,U-Net,UNet,32,2,False,False,0.2,0.2,16,13,66,31,10,0.3225806451612903,0.0034899133889595
Only UNet,U-Net,UNet,32,2,False,False,0.2,0.2,16,13,67,46,10,0.217391304347826,0.0287676866606727
Only UNet,U-Net,UNet,32,2,False,False,0.2,0.2,16,13,68,29,16,0.5517241379310345,0.0228544739374363
Only UNet,U-Net,UNet,32,2,False,False,0.2,0.2,16,13,69,50,29,0.58,0.0299943316923033
Only UNet,U-Net,UNet,32,2,False,False,0.2,0.2,16,13,70,31,16,0.5161290322580645,0.0134557271042351
Only UNet,U-Net,UNet,32,2,False,False,0.2,0.2,16,13,71,41,25,0.6097560975609756,-0.0557639825930005
Only UNet,U-Net,UNet,32,2,False,False,0.2,0.2,16,13,72,38,20,0.5263157894736842,-0.0477634912746988
Only UNet,U-Net,UNet,32,2,False,False,0.2,0.2,16,13,73,44,19,0.4318181818181818,-0.0335155392440187
Only UNet,U-Net,UNet,32,2,False,False,0.2,0.2,16,13,74,37,8,0.2162162162162162,0.0145620015318226
Only UNet,U-Net,UNet,32,2,False,False,0.2,0.2,16,13,75,29,18,0.6206896551724138,0.0731803874259213
Only UNet,U-Net,UNet,32,2,False,False,0.2,0.2,16,13,76,28,12,0.4285714285714285,0.0264252367093431
Only UNet,U-Net,UNet,32,2,False,False,0.2,0.2,16,13,77,18,12,0.6666666666666666,-0.0158725764941223
Only UNet,U-Net,UNet,32,2,False,False,0.2,0.2,16,13,78,37,20,0.5405405405405406,-0.0416094292799824
Only UNet,U-Net,UNet,32,2,False,False,0.2,0.2,16,13,79,24,10,0.4166666666666667,0.0113801019795329
Only UNet,U-Net,UNet,32,2,False,False,0.2,0.2,16,13,80,38,12,0.3157894736842105,0.0965983414496884
Only UNet,U-Net,UNet,32,2,False,False,0.2,0.2,16,13,81,25,18,0.72,0.0011071362526934
Only UNet,U-Net,UNet,32,2,False,False,0.2,0.2,16,13,82,29,16,0.5517241379310345,0.0198126642646308
Only UNet,U-Net,UNet,32,2,False,False,0.2,0.2,16,13,83,34,20,0.5882352941176471,0.0422724657848106
Only UNet,U-Net,UNet,32,2,False,False,0.2,0.2,16,13,84,21,11,0.5238095238095238,0.0016479806569893
Only UNet,U-Net,UNet,32,2,False,False,0.2,0.2,16,13,85,22,19,0.8636363636363636,0.0327496174775254
Only UNet,U-Net,UNet,32,2,False,False,0.2,0.2,16,13,86,41,34,0.8292682926829268,0.0317966214499767
Only UNet,U-Net,UNet,32,2,False,False,0.2,0.2,16,13,87,28,10,0.3571428571428571,-0.0048498367573923
Only UNet,U-Net,UNet,32,2,False,False,0.2,0.2,16,13,88,35,12,0.3428571428571428,-0.0376295065831062
Only UNet,U-Net,UNet,32,2,False,False,0.2,0.2,16,13,89,32,16,0.5,-0.0082199222801754
Only UNet,U-Net,UNet,32,2,False,False,0.2,0.2,16,13,90,29,11,0.3793103448275862,0.0006725311876231
Only UNet,U-Net,UNet,32,2,False,False,0.2,0.2,16,13,91,19,26,1.368421052631579,0.051519173108584
Only UNet,U-Net,UNet,32,2,False,False,0.2,0.2,16,13,92,45,18,0.4,0.0115555686419649
Only UNet,U-Net,UNet,32,2,False,False,0.2,0.2,16,13,93,25,9,0.36,-0.0054756884710505
Only UNet,U-Net,UNet,32,2,False,False,0.2,0.2,16,13,94,32,15,0.46875,0.0911555375240316
Only UNet,U-Net,UNet,32,2,False,False,0.2,0.2,16,13,95,41,30,0.7317073170731707,0.0171077154313799
Only UNet,U-Net,UNet,32,2,False,False,0.2,0.2,16,13,96,16,43,2.6875,0.0662304296850791
Only UNet,U-Net,UNet,32,2,False,False,0.2,0.2,16,13,97,26,24,0.9230769230769232,0.0535541814304236
Only UNet,U-Net,UNet,32,2,False,False,0.2,0.2,16,13,98,25,5,0.2,0.0168877937594905
Only UNet,U-Net,UNet,32,2,False,False,0.2,0.2,16,13,99,61,9,0.1475409836065573,0.0487047791672031
Only UNet,U-Net,UNet,32,2,False,False,0.2,0.2,16,14,0,33,62,1.878787878787879,0.014869853193955
Only UNet,U-Net,UNet,32,2,False,False,0.2,0.2,16,14,1,34,26,0.7647058823529411,-0.0264235584867673
Only UNet,U-Net,UNet,32,2,False,False,0.2,0.2,16,14,2,29,96,3.310344827586207,0.0285951458308615
Only UNet,U-Net,UNet,32,2,False,False,0.2,0.2,16,14,3,28,10,0.3571428571428571,0.1324534061024019
Only UNet,U-Net,UNet,32,2,False,False,0.2,0.2,16,14,4,36,21,0.5833333333333334,0.0440651415016958
Only UNet,U-Net,UNet,32,2,False,False,0.2,0.2,16,14,5,42,8,0.1904761904761904,-0.0190864525858776
Only UNet,U-Net,UNet,32,2,False,False,0.2,0.2,16,14,6,28,34,1.2142857142857142,0.0180360423157856
Only UNet,U-Net,UNet,32,2,False,False,0.2,0.2,16,14,7,38,15,0.3947368421052631,0.0441218989102222
Only UNet,U-Net,UNet,32,2,False,False,0.2,0.2,16,14,8,33,8,0.2424242424242424,0.0408329456365719
Only UNet,U-Net,UNet,32,2,False,False,0.2,0.2,16,14,9,28,25,0.8928571428571429,0.0122994287800335
Only UNet,U-Net,UNet,32,2,False,False,0.2,0.2,16,14,10,31,12,0.3870967741935484,-0.0418133582837396
Only UNet,U-Net,UNet,32,2,False,False,0.2,0.2,16,14,11,29,9,0.3103448275862069,0.0406174065316488
Only UNet,U-Net,UNet,32,2,False,False,0.2,0.2,16,14,12,29,15,0.5172413793103449,0.0480180975027167
Only UNet,U-Net,UNet,32,2,False,False,0.2,0.2,16,14,13,28,24,0.8571428571428571,-0.0037541627845164
Only UNet,U-Net,UNet,32,2,False,False,0.2,0.2,16,14,14,29,27,0.9310344827586208,0.0107442807889376
Only UNet,U-Net,UNet,32,2,False,False,0.2,0.2,16,14,15,42,12,0.2857142857142857,0.0072136954355547
Only UNet,U-Net,UNet,32,2,False,False,0.2,0.2,16,14,16,58,26,0.4482758620689655,0.0296000213730194
Only UNet,U-Net,UNet,32,2,False,False,0.2,0.2,16,14,17,35,20,0.5714285714285714,-0.0003932969861814
Only UNet,U-Net,UNet,32,2,False,False,0.2,0.2,16,14,18,17,12,0.7058823529411765,-0.0025379097827952
Only UNet,U-Net,UNet,32,2,False,False,0.2,0.2,16,14,19,17,13,0.7647058823529411,0.0076778378246136
Only UNet,U-Net,UNet,32,2,False,False,0.2,0.2,16,14,20,27,14,0.5185185185185185,-0.0079583973479558
Only UNet,U-Net,UNet,32,2,False,False,0.2,0.2,16,14,21,40,24,0.6,-0.0053509253605921
Only UNet,U-Net,UNet,32,2,False,False,0.2,0.2,16,14,22,45,16,0.3555555555555555,0.0219896903413187
Only UNet,U-Net,UNet,32,2,False,False,0.2,0.2,16,14,23,23,33,1.434782608695652,-0.0210398067120421
Only UNet,U-Net,UNet,32,2,False,False,0.2,0.2,16,14,24,20,13,0.65,0.0084771654805802
Only UNet,U-Net,UNet,32,2,False,False,0.2,0.2,16,14,25,18,15,0.8333333333333334,0.0105989300570375
Only UNet,U-Net,UNet,32,2,False,False,0.2,0.2,16,14,26,34,7,0.2058823529411764,-0.008446352458443
Only UNet,U-Net,UNet,32,2,False,False,0.2,0.2,16,14,27,35,22,0.6285714285714286,0.0042746967279666
Only UNet,U-Net,UNet,32,2,False,False,0.2,0.2,16,14,28,33,18,0.5454545454545454,0.002428029353749
Only UNet,U-Net,UNet,32,2,False,False,0.2,0.2,16,14,29,40,27,0.675,0.0021704458961897
Only UNet,U-Net,UNet,32,2,False,False,0.2,0.2,16,14,30,19,7,0.3684210526315789,0.0343865989817834
Only UNet,U-Net,UNet,32,2,False,False,0.2,0.2,16,14,31,37,12,0.3243243243243243,0.0182271281036886
Only UNet,U-Net,UNet,32,2,False,False,0.2,0.2,16,14,32,37,34,0.918918918918919,-0.0169347556413843
Only UNet,U-Net,UNet,32,2,False,False,0.2,0.2,16,14,33,31,17,0.5483870967741935,0.0297989075587061
Only UNet,U-Net,UNet,32,2,False,False,0.2,0.2,16,14,34,25,14,0.56,0.0464478913864293
Only UNet,U-Net,UNet,32,2,False,False,0.2,0.2,16,14,35,25,21,0.84,-0.0005632200855839
Only UNet,U-Net,UNet,32,2,False,False,0.2,0.2,16,14,36,26,16,0.6153846153846154,-0.001560704685074
Only UNet,U-Net,UNet,32,2,False,False,0.2,0.2,16,14,37,27,15,0.5555555555555556,-0.0133443401277457
Only UNet,U-Net,UNet,32,2,False,False,0.2,0.2,16,14,38,44,20,0.4545454545454545,-0.0017656037690781
Only UNet,U-Net,UNet,32,2,False,False,0.2,0.2,16,14,39,19,9,0.4736842105263157,-0.0037718253843701
Only UNet,U-Net,UNet,32,2,False,False,0.2,0.2,16,14,40,41,25,0.6097560975609756,0.0241919442229085
Only UNet,U-Net,UNet,32,2,False,False,0.2,0.2,16,14,41,32,11,0.34375,0.0444810383966304
Only UNet,U-Net,UNet,32,2,False,False,0.2,0.2,16,14,42,32,28,0.875,0.0136874391360414
Only UNet,U-Net,UNet,32,2,False,False,0.2,0.2,16,14,43,28,16,0.5714285714285714,-0.0077599899531562
Only UNet,U-Net,UNet,32,2,False,False,0.2,0.2,16,14,44,41,22,0.5365853658536586,-0.0380465061571049
Only UNet,U-Net,UNet,32,2,False,False,0.2,0.2,16,14,45,30,27,0.9,0.0137331274461063
Only UNet,U-Net,UNet,32,2,False,False,0.2,0.2,16,14,46,21,22,1.0476190476190477,-0.0368058206091098
Only UNet,U-Net,UNet,32,2,False,False,0.2,0.2,16,14,47,28,17,0.6071428571428571,0.0331218093078051
Only UNet,U-Net,UNet,32,2,False,False,0.2,0.2,16,14,48,17,10,0.5882352941176471,-0.0004369826676812
Only UNet,U-Net,UNet,32,2,False,False,0.2,0.2,16,14,49,20,27,1.35,0.048603531602148
Only UNet,U-Net,UNet,32,2,False,False,0.2,0.2,16,14,50,34,32,0.9411764705882352,-0.0083392286099922
Only UNet,U-Net,UNet,32,2,False,False,0.2,0.2,16,14,51,41,23,0.5609756097560976,0.0186572066215203
Only UNet,U-Net,UNet,32,2,False,False,0.2,0.2,16,14,52,46,13,0.2826086956521739,0.1113040239240162
Only UNet,U-Net,UNet,32,2,False,False,0.2,0.2,16,14,53,18,19,1.0555555555555556,0.0135733349753466
Only UNet,U-Net,UNet,32,2,False,False,0.2,0.2,16,14,54,30,14,0.4666666666666667,-0.0300252672864401
Only UNet,U-Net,UNet,32,2,False,False,0.2,0.2,16,14,55,40,14,0.35,0.1558905811647026
Only UNet,U-Net,UNet,32,2,False,False,0.2,0.2,16,14,56,29,32,1.103448275862069,0.0017515156728735
Only UNet,U-Net,UNet,32,2,False,False,0.2,0.2,16,14,57,38,30,0.7894736842105263,-0.0013074237515717
Only UNet,U-Net,UNet,32,2,False,False,0.2,0.2,16,14,58,29,37,1.2758620689655171,0.0136907922231027
Only UNet,U-Net,UNet,32,2,False,False,0.2,0.2,16,14,59,25,26,1.04,0.0418627316326089
Only UNet,U-Net,UNet,32,2,False,False,0.2,0.2,16,14,60,35,28,0.8,0.007420521316752
Only UNet,U-Net,UNet,32,2,False,False,0.2,0.2,16,14,61,18,15,0.8333333333333334,-0.0040530092531469
Only UNet,U-Net,UNet,32,2,False,False,0.2,0.2,16,14,62,24,11,0.4583333333333333,-0.0186410534504939
Only UNet,U-Net,UNet,32,2,False,False,0.2,0.2,16,14,63,15,15,1.0,-0.0017872082616376
Only UNet,U-Net,UNet,32,2,False,False,0.2,0.2,16,14,64,22,16,0.7272727272727273,-0.0121498296485376
Only UNet,U-Net,UNet,32,2,False,False,0.2,0.2,16,14,65,20,23,1.15,-0.0447069804017824
Only UNet,U-Net,UNet,32,2,False,False,0.2,0.2,16,14,66,31,15,0.4838709677419355,0.0080257131569769
Only UNet,U-Net,UNet,32,2,False,False,0.2,0.2,16,14,67,46,15,0.3260869565217391,0.0160415264313867
Only UNet,U-Net,UNet,32,2,False,False,0.2,0.2,16,14,68,29,14,0.4827586206896552,0.0639390682415436
Only UNet,U-Net,UNet,32,2,False,False,0.2,0.2,16,14,69,50,25,0.5,0.041847687336923
Only UNet,U-Net,UNet,32,2,False,False,0.2,0.2,16,14,70,31,29,0.935483870967742,0.0389080637068794
Only UNet,U-Net,UNet,32,2,False,False,0.2,0.2,16,14,71,41,24,0.5853658536585366,-0.0392333379300473
Only UNet,U-Net,UNet,32,2,False,False,0.2,0.2,16,14,72,38,32,0.8421052631578947,0.0040121507112082
Only UNet,U-Net,UNet,32,2,False,False,0.2,0.2,16,14,73,44,18,0.4090909090909091,-0.0081249630353521
Only UNet,U-Net,UNet,32,2,False,False,0.2,0.2,16,14,74,37,18,0.4864864864864865,-0.0028695708900944
Only UNet,U-Net,UNet,32,2,False,False,0.2,0.2,16,14,75,29,9,0.3103448275862069,0.0316517306158345
Only UNet,U-Net,UNet,32,2,False,False,0.2,0.2,16,14,76,28,21,0.75,0.0240719830214796
Only UNet,U-Net,UNet,32,2,False,False,0.2,0.2,16,14,77,18,12,0.6666666666666666,-0.0134325991450604
Only UNet,U-Net,UNet,32,2,False,False,0.2,0.2,16,14,78,37,28,0.7567567567567568,-0.0486008685214837
Only UNet,U-Net,UNet,32,2,False,False,0.2,0.2,16,14,79,24,11,0.4583333333333333,0.005863199047256
Only UNet,U-Net,UNet,32,2,False,False,0.2,0.2,16,14,80,38,20,0.5263157894736842,0.1204349476548957
Only UNet,U-Net,UNet,32,2,False,False,0.2,0.2,16,14,81,25,21,0.84,-0.0025628840964301
Only UNet,U-Net,UNet,32,2,False,False,0.2,0.2,16,14,82,29,13,0.4482758620689655,-0.0054352918646435
Only UNet,U-Net,UNet,32,2,False,False,0.2,0.2,16,14,83,34,21,0.6176470588235294,0.0071087973724941
Only UNet,U-Net,UNet,32,2,False,False,0.2,0.2,16,14,84,21,12,0.5714285714285714,0.0022575500934497
Only UNet,U-Net,UNet,32,2,False,False,0.2,0.2,16,14,85,22,8,0.3636363636363636,0.0006230211116
Only UNet,U-Net,UNet,32,2,False,False,0.2,0.2,16,14,86,41,12,0.2926829268292683,0.0425766565587359
Only UNet,U-Net,UNet,32,2,False,False,0.2,0.2,16,14,87,28,10,0.3571428571428571,0.0709340407936133
Only UNet,U-Net,UNet,32,2,False,False,0.2,0.2,16,14,88,35,16,0.4571428571428571,-0.0035226622615904
Only UNet,U-Net,UNet,32,2,False,False,0.2,0.2,16,14,89,32,14,0.4375,-0.0059861539793695
Only UNet,U-Net,UNet,32,2,False,False,0.2,0.2,16,14,90,29,13,0.4482758620689655,-0.0055250458331841
Only UNet,U-Net,UNet,32,2,False,False,0.2,0.2,16,14,91,19,28,1.4736842105263157,0.1151393961860941
Only UNet,U-Net,UNet,32,2,False,False,0.2,0.2,16,14,92,45,34,0.7555555555555555,0.027202483071632
Only UNet,U-Net,UNet,32,2,False,False,0.2,0.2,16,14,93,25,8,0.32,0.0018319626634058
Only UNet,U-Net,UNet,32,2,False,False,0.2,0.2,16,14,94,32,63,1.96875,0.1437398785046792
Only UNet,U-Net,UNet,32,2,False,False,0.2,0.2,16,14,95,41,37,0.902439024390244,0.0243289405032996
Only UNet,U-Net,UNet,32,2,False,False,0.2,0.2,16,14,96,16,23,1.4375,-0.0029713387421266
Only UNet,U-Net,UNet,32,2,False,False,0.2,0.2,16,14,97,26,17,0.6538461538461539,-0.0040328714515338
Only UNet,U-Net,UNet,32,2,False,False,0.2,0.2,16,14,98,25,18,0.72,0.0485932525343129
Only UNet,U-Net,UNet,32,2,False,False,0.2,0.2,16,14,99,61,29,0.4754098360655737,0.0262296565645927
Only UNet,U-Net,UNet,32,2,False,False,0.2,0.2,16,15,0,33,17,0.5151515151515151,0.0669107296141516
Only UNet,U-Net,UNet,32,2,False,False,0.2,0.2,16,15,1,34,13,0.3823529411764705,0.0294353199715921
Only UNet,U-Net,UNet,32,2,False,False,0.2,0.2,16,15,2,29,13,0.4482758620689655,-0.0015458352856322
Only UNet,U-Net,UNet,32,2,False,False,0.2,0.2,16,15,3,28,20,0.7142857142857143,0.1340724623325128
Only UNet,U-Net,UNet,32,2,False,False,0.2,0.2,16,15,4,36,43,1.1944444444444444,-0.0053577929619204
Only UNet,U-Net,UNet,32,2,False,False,0.2,0.2,16,15,5,42,10,0.238095238095238,0.0416023535992872
Only UNet,U-Net,UNet,32,2,False,False,0.2,0.2,16,15,6,28,42,1.5,0.0203771943386782
Only UNet,U-Net,UNet,32,2,False,False,0.2,0.2,16,15,7,38,10,0.2631578947368421,-0.0072612404924749
Only UNet,U-Net,UNet,32,2,False,False,0.2,0.2,16,15,8,33,19,0.5757575757575758,-0.0104575483002505
Only UNet,U-Net,UNet,32,2,False,False,0.2,0.2,16,15,9,28,24,0.8571428571428571,0.0190805151773295
Only UNet,U-Net,UNet,32,2,False,False,0.2,0.2,16,15,10,31,0,0.0,-0.416350733829705
Only UNet,U-Net,UNet,32,2,False,False,0.2,0.2,16,15,11,29,23,0.7931034482758621,0.032512942988348
Only UNet,U-Net,UNet,32,2,False,False,0.2,0.2,16,15,12,29,12,0.4137931034482758,0.0234370909143076
Only UNet,U-Net,UNet,32,2,False,False,0.2,0.2,16,15,13,28,27,0.9642857142857144,0.0029232364011111
Only UNet,U-Net,UNet,32,2,False,False,0.2,0.2,16,15,14,29,28,0.9655172413793104,-0.0005411138302509
Only UNet,U-Net,UNet,32,2,False,False,0.2,0.2,16,15,15,42,16,0.3809523809523809,0.0090917861546895
Only UNet,U-Net,UNet,32,2,False,False,0.2,0.2,16,15,16,58,15,0.2586206896551724,0.0499577276539207
Only UNet,U-Net,UNet,32,2,False,False,0.2,0.2,16,15,17,35,29,0.8285714285714286,0.0219653782819337
Only UNet,U-Net,UNet,32,2,False,False,0.2,0.2,16,15,18,17,10,0.5882352941176471,0.0255307872738145
Only UNet,U-Net,UNet,32,2,False,False,0.2,0.2,16,15,19,17,17,1.0,0.0004338492232073
Only UNet,U-Net,UNet,32,2,False,False,0.2,0.2,16,15,20,27,11,0.4074074074074074,0.0045003642179347
Only UNet,U-Net,UNet,32,2,False,False,0.2,0.2,16,15,21,40,26,0.65,0.0138189831782384
Only UNet,U-Net,UNet,32,2,False,False,0.2,0.2,16,15,22,45,27,0.6,0.0055580709244595
Only UNet,U-Net,UNet,32,2,False,False,0.2,0.2,16,15,23,23,36,1.565217391304348,0.0239129025604761
Only UNet,U-Net,UNet,32,2,False,False,0.2,0.2,16,15,24,20,52,2.6,0.2819827722835923
Only UNet,U-Net,UNet,32,2,False,False,0.2,0.2,16,15,25,18,10,0.5555555555555556,0.0289531260545794
Only UNet,U-Net,UNet,32,2,False,False,0.2,0.2,16,15,26,34,8,0.2352941176470588,0.1347928668317349
Only UNet,U-Net,UNet,32,2,False,False,0.2,0.2,16,15,27,35,39,1.1142857142857143,0.0993656931885293
Only UNet,U-Net,UNet,32,2,False,False,0.2,0.2,16,15,28,33,12,0.3636363636363636,-0.0097439505232405
Only UNet,U-Net,UNet,32,2,False,False,0.2,0.2,16,15,29,40,19,0.475,0.0004091438438139
Only UNet,U-Net,UNet,32,2,False,False,0.2,0.2,16,15,30,19,9,0.4736842105263157,0.0602876048713514
Only UNet,U-Net,UNet,32,2,False,False,0.2,0.2,16,15,31,37,21,0.5675675675675675,-0.0041479720711537
Only UNet,U-Net,UNet,32,2,False,False,0.2,0.2,16,15,32,37,18,0.4864864864864865,-0.0165052571158395
Only UNet,U-Net,UNet,32,2,False,False,0.2,0.2,16,15,33,31,14,0.4516129032258064,-0.0222043165768269
Only UNet,U-Net,UNet,32,2,False,False,0.2,0.2,16,15,34,25,17,0.68,0.0178718794496294
Only UNet,U-Net,UNet,32,2,False,False,0.2,0.2,16,15,35,25,20,0.8,-0.0267663173628713
Only UNet,U-Net,UNet,32,2,False,False,0.2,0.2,16,15,36,26,18,0.6923076923076923,0.0027511042399626
Only UNet,U-Net,UNet,32,2,False,False,0.2,0.2,16,15,37,27,22,0.8148148148148148,-0.0161127915835224
Only UNet,U-Net,UNet,32,2,False,False,0.2,0.2,16,15,38,44,17,0.3863636363636363,-0.0232504681125105
Only UNet,U-Net,UNet,32,2,False,False,0.2,0.2,16,15,39,19,8,0.4210526315789473,-0.0070497569590481
Only UNet,U-Net,UNet,32,2,False,False,0.2,0.2,16,15,40,41,32,0.7804878048780488,0.0212955431180717
Only UNet,U-Net,UNet,32,2,False,False,0.2,0.2,16,15,41,32,16,0.5,0.075686193966896
Only UNet,U-Net,UNet,32,2,False,False,0.2,0.2,16,15,42,32,20,0.625,0.0097439923565102
Only UNet,U-Net,UNet,32,2,False,False,0.2,0.2,16,15,43,28,9,0.3214285714285714,0.0017095865382786
Only UNet,U-Net,UNet,32,2,False,False,0.2,0.2,16,15,44,41,24,0.5853658536585366,-0.0201053014556086
Only UNet,U-Net,UNet,32,2,False,False,0.2,0.2,16,15,45,30,12,0.4,0.0018609420716582
Only UNet,U-Net,UNet,32,2,False,False,0.2,0.2,16,15,46,21,22,1.0476190476190477,-0.0348667383928739
Only UNet,U-Net,UNet,32,2,False,False,0.2,0.2,16,15,47,28,8,0.2857142857142857,-0.004479564877074
Only UNet,U-Net,UNet,32,2,False,False,0.2,0.2,16,15,48,17,73,4.294117647058823,0.0457760035855417
Only UNet,U-Net,UNet,32,2,False,False,0.2,0.2,16,15,49,20,12,0.6,0.0050244047467275
Only UNet,U-Net,UNet,32,2,False,False,0.2,0.2,16,15,50,34,13,0.3823529411764705,-0.0082132438968106
Only UNet,U-Net,UNet,32,2,False,False,0.2,0.2,16,15,51,41,21,0.5121951219512195,0.0067033318083658
Only UNet,U-Net,UNet,32,2,False,False,0.2,0.2,16,15,52,46,34,0.7391304347826086,0.0119491001525446
Only UNet,U-Net,UNet,32,2,False,False,0.2,0.2,16,15,53,18,13,0.7222222222222222,0.0091216345749984
Only UNet,U-Net,UNet,32,2,False,False,0.2,0.2,16,15,54,30,34,1.1333333333333333,-0.0534040506357061
Only UNet,U-Net,UNet,32,2,False,False,0.2,0.2,16,15,55,40,25,0.625,0.1595087919799341
Only UNet,U-Net,UNet,32,2,False,False,0.2,0.2,16,15,56,29,20,0.6896551724137931,-0.008660459529665
Only UNet,U-Net,UNet,32,2,False,False,0.2,0.2,16,15,57,38,29,0.7631578947368421,0.00850778684428
Only UNet,U-Net,UNet,32,2,False,False,0.2,0.2,16,15,58,29,15,0.5172413793103449,-0.0111433628790084
Only UNet,U-Net,UNet,32,2,False,False,0.2,0.2,16,15,59,25,38,1.52,0.0359404486179654
Only UNet,U-Net,UNet,32,2,False,False,0.2,0.2,16,15,60,35,15,0.4285714285714285,-0.0245939479830131
Only UNet,U-Net,UNet,32,2,False,False,0.2,0.2,16,15,61,18,20,1.1111111111111112,0.0318791084755818
Only UNet,U-Net,UNet,32,2,False,False,0.2,0.2,16,15,62,24,11,0.4583333333333333,0.0073698688409527
Only UNet,U-Net,UNet,32,2,False,False,0.2,0.2,16,15,63,15,21,1.4,-0.0036328711686471
Only UNet,U-Net,UNet,32,2,False,False,0.2,0.2,16,15,64,22,24,1.0909090909090908,-0.0124010039228352
Only UNet,U-Net,UNet,32,2,False,False,0.2,0.2,16,15,65,20,7,0.35,0.0554456191119784
Only UNet,U-Net,UNet,32,2,False,False,0.2,0.2,16,15,66,31,13,0.4193548387096774,0.0138135826526242
Only UNet,U-Net,UNet,32,2,False,False,0.2,0.2,16,15,67,46,14,0.3043478260869565,0.0669744129175494
Only UNet,U-Net,UNet,32,2,False,False,0.2,0.2,16,15,68,29,12,0.4137931034482758,0.0129378133669467
Only UNet,U-Net,UNet,32,2,False,False,0.2,0.2,16,15,69,50,31,0.62,0.0606857941350789
Only UNet,U-Net,UNet,32,2,False,False,0.2,0.2,16,15,70,31,22,0.7096774193548387,0.0292781000669462
Only UNet,U-Net,UNet,32,2,False,False,0.2,0.2,16,15,71,41,32,0.7804878048780488,-0.0820014907318026
Only UNet,U-Net,UNet,32,2,False,False,0.2,0.2,16,15,72,38,25,0.6578947368421053,-0.0268395438446303
Only UNet,U-Net,UNet,32,2,False,False,0.2,0.2,16,15,73,44,22,0.5,0.0161055904639428
Only UNet,U-Net,UNet,32,2,False,False,0.2,0.2,16,15,74,37,9,0.2432432432432432,0.011456577098726
Only UNet,U-Net,UNet,32,2,False,False,0.2,0.2,16,15,75,29,11,0.3793103448275862,0.0813932274299738
Only UNet,U-Net,UNet,32,2,False,False,0.2,0.2,16,15,76,28,12,0.4285714285714285,0.0278285480600436
Only UNet,U-Net,UNet,32,2,False,False,0.2,0.2,16,15,77,18,10,0.5555555555555556,-0.0102552548477562
Only UNet,U-Net,UNet,32,2,False,False,0.2,0.2,16,15,78,37,31,0.8378378378378378,-0.0155210418916695
Only UNet,U-Net,UNet,32,2,False,False,0.2,0.2,16,15,79,24,11,0.4583333333333333,0.0331925547527024
Only UNet,U-Net,UNet,32,2,False,False,0.2,0.2,16,15,80,38,23,0.6052631578947368,0.073667752722914
Only UNet,U-Net,UNet,32,2,False,False,0.2,0.2,16,15,81,25,29,1.16,-0.0044731531978691
Only UNet,U-Net,UNet,32,2,False,False,0.2,0.2,16,15,82,29,13,0.4482758620689655,-0.0029273410321879
Only UNet,U-Net,UNet,32,2,False,False,0.2,0.2,16,15,83,34,16,0.4705882352941176,0.0179617215784433
Only UNet,U-Net,UNet,32,2,False,False,0.2,0.2,16,15,84,21,17,0.8095238095238095,-0.0013108421857082
Only UNet,U-Net,UNet,32,2,False,False,0.2,0.2,16,15,85,22,10,0.4545454545454545,-0.0110553175439231
Only UNet,U-Net,UNet,32,2,False,False,0.2,0.2,16,15,86,41,28,0.6829268292682927,0.0415707090195022
Only UNet,U-Net,UNet,32,2,False,False,0.2,0.2,16,15,87,28,9,0.3214285714285714,-0.0071685251451683
Only UNet,U-Net,UNet,32,2,False,False,0.2,0.2,16,15,88,35,12,0.3428571428571428,0.0246762708470758
Only UNet,U-Net,UNet,32,2,False,False,0.2,0.2,16,15,89,32,21,0.65625,0.0272462581011168
Only UNet,U-Net,UNet,32,2,False,False,0.2,0.2,16,15,90,29,19,0.6551724137931034,0.0228603273264415
Only UNet,U-Net,UNet,32,2,False,False,0.2,0.2,16,15,91,19,11,0.5789473684210527,0.0235470414426987
Only UNet,U-Net,UNet,32,2,False,False,0.2,0.2,16,15,92,45,9,0.2,0.0488548791331363
Only UNet,U-Net,UNet,32,2,False,False,0.2,0.2,16,15,93,25,12,0.48,0.0098334356095282
Only UNet,U-Net,UNet,32,2,False,False,0.2,0.2,16,15,94,32,9,0.28125,0.0796492279630879
Only UNet,U-Net,UNet,32,2,False,False,0.2,0.2,16,15,95,41,19,0.4634146341463415,0.0267302281644401
Only UNet,U-Net,UNet,32,2,False,False,0.2,0.2,16,15,96,16,27,1.6875,-0.0241228991288627
Only UNet,U-Net,UNet,32,2,False,False,0.2,0.2,16,15,97,26,13,0.5,0.0141324419663848
Only UNet,U-Net,UNet,32,2,False,False,0.2,0.2,16,15,98,25,12,0.48,-1.2414682243475186e-05
Only UNet,U-Net,UNet,32,2,False,False,0.2,0.2,16,15,99,61,25,0.4098360655737705,0.055314809276372
Only UNet,U-Net,UNet,32,2,False,False,0.2,0.2,16,16,0,33,20,0.6060606060606061,0.0865542249831963
Only UNet,U-Net,UNet,32,2,False,False,0.2,0.2,16,16,1,34,16,0.4705882352941176,-0.014483252821569
Only UNet,U-Net,UNet,32,2,False,False,0.2,0.2,16,16,2,29,107,3.689655172413793,0.0221115863660159
Only UNet,U-Net,UNet,32,2,False,False,0.2,0.2,16,16,3,28,24,0.8571428571428571,0.0445753747307701
Only UNet,U-Net,UNet,32,2,False,False,0.2,0.2,16,16,4,36,52,1.4444444444444444,-0.0189729481229516
Only UNet,U-Net,UNet,32,2,False,False,0.2,0.2,16,16,5,42,12,0.2857142857142857,-0.0153217546854955
Only UNet,U-Net,UNet,32,2,False,False,0.2,0.2,16,16,6,28,26,0.9285714285714286,0.0402337483327087
Only UNet,U-Net,UNet,32,2,False,False,0.2,0.2,16,16,7,38,33,0.868421052631579,0.021782096078869
Only UNet,U-Net,UNet,32,2,False,False,0.2,0.2,16,16,8,33,22,0.6666666666666666,0.0001893697815189
Only UNet,U-Net,UNet,32,2,False,False,0.2,0.2,16,16,9,28,30,1.0714285714285714,0.0071604653116225
Only UNet,U-Net,UNet,32,2,False,False,0.2,0.2,16,16,10,31,17,0.5483870967741935,-0.0619024460429233
Only UNet,U-Net,UNet,32,2,False,False,0.2,0.2,16,16,11,29,11,0.3793103448275862,0.0048270436401446
Only UNet,U-Net,UNet,32,2,False,False,0.2,0.2,16,16,12,29,8,0.2758620689655172,0.0253998056114452
Only UNet,U-Net,UNet,32,2,False,False,0.2,0.2,16,16,13,28,22,0.7857142857142857,-0.0165518276379777
Only UNet,U-Net,UNet,32,2,False,False,0.2,0.2,16,16,14,29,29,1.0,-0.0052628605422666
Only UNet,U-Net,UNet,32,2,False,False,0.2,0.2,16,16,15,42,9,0.2142857142857142,0.0052495186431911
Only UNet,U-Net,UNet,32,2,False,False,0.2,0.2,16,16,16,58,27,0.4655172413793103,0.0430582971842562
Only UNet,U-Net,UNet,32,2,False,False,0.2,0.2,16,16,17,35,20,0.5714285714285714,0.0392978000406484
Only UNet,U-Net,UNet,32,2,False,False,0.2,0.2,16,16,18,17,29,1.7058823529411764,0.0077288008874764
Only UNet,U-Net,UNet,32,2,False,False,0.2,0.2,16,16,19,17,15,0.8823529411764706,0.0608717431604577
Only UNet,U-Net,UNet,32,2,False,False,0.2,0.2,16,16,20,27,15,0.5555555555555556,-0.0102126010409764
Only UNet,U-Net,UNet,32,2,False,False,0.2,0.2,16,16,21,40,44,1.1,-0.0022605811356501
Only UNet,U-Net,UNet,32,2,False,False,0.2,0.2,16,16,22,45,11,0.2444444444444444,0.0350124818194725
Only UNet,U-Net,UNet,32,2,False,False,0.2,0.2,16,16,23,23,27,1.173913043478261,-0.0094791390435781
Only UNet,U-Net,UNet,32,2,False,False,0.2,0.2,16,16,24,20,11,0.55,-0.0086716755313744
Only UNet,U-Net,UNet,32,2,False,False,0.2,0.2,16,16,25,18,12,0.6666666666666666,-0.0083406500175837
Only UNet,U-Net,UNet,32,2,False,False,0.2,0.2,16,16,26,34,25,0.7352941176470589,0.0153202649153592
Only UNet,U-Net,UNet,32,2,False,False,0.2,0.2,16,16,27,35,21,0.6,0.0085375130020625
Only UNet,U-Net,UNet,32,2,False,False,0.2,0.2,16,16,28,33,25,0.7575757575757576,0.0060331072952598
Only UNet,U-Net,UNet,32,2,False,False,0.2,0.2,16,16,29,40,9,0.225,-0.0134030749328291
Only UNet,U-Net,UNet,32,2,False,False,0.2,0.2,16,16,30,19,9,0.4736842105263157,0.0287869617061639
Only UNet,U-Net,UNet,32,2,False,False,0.2,0.2,16,16,31,37,13,0.3513513513513513,0.0108241685237477
Only UNet,U-Net,UNet,32,2,False,False,0.2,0.2,16,16,32,37,13,0.3513513513513513,0.0313568850340021
Only UNet,U-Net,UNet,32,2,False,False,0.2,0.2,16,16,33,31,26,0.8387096774193549,0.011783616514805
Only UNet,U-Net,UNet,32,2,False,False,0.2,0.2,16,16,34,25,13,0.52,0.0718952516019218
Only UNet,U-Net,UNet,32,2,False,False,0.2,0.2,16,16,35,25,22,0.88,0.0020068648935464
Only UNet,U-Net,UNet,32,2,False,False,0.2,0.2,16,16,36,26,18,0.6923076923076923,-0.0105224407185782
Only UNet,U-Net,UNet,32,2,False,False,0.2,0.2,16,16,37,27,17,0.6296296296296297,-0.0128336577405327
Only UNet,U-Net,UNet,32,2,False,False,0.2,0.2,16,16,38,44,41,0.9318181818181818,0.0366828759915862
Only UNet,U-Net,UNet,32,2,False,False,0.2,0.2,16,16,39,19,8,0.4210526315789473,-0.0016825590130214
Only UNet,U-Net,UNet,32,2,False,False,0.2,0.2,16,16,40,41,17,0.4146341463414634,0.0163515832363082
Only UNet,U-Net,UNet,32,2,False,False,0.2,0.2,16,16,41,32,28,0.875,0.0239619833728532
Only UNet,U-Net,UNet,32,2,False,False,0.2,0.2,16,16,42,32,24,0.75,0.0114757812182887
Only UNet,U-Net,UNet,32,2,False,False,0.2,0.2,16,16,43,28,23,0.8214285714285714,0.0130139252402028
Only UNet,U-Net,UNet,32,2,False,False,0.2,0.2,16,16,44,41,18,0.4390243902439024,-0.0157832082905951
Only UNet,U-Net,UNet,32,2,False,False,0.2,0.2,16,16,45,30,29,0.9666666666666668,-0.0251130650036974
Only UNet,U-Net,UNet,32,2,False,False,0.2,0.2,16,16,46,21,24,1.1428571428571428,-0.0080790684622586
Only UNet,U-Net,UNet,32,2,False,False,0.2,0.2,16,16,47,28,10,0.3571428571428571,-0.0070640155370514
Only UNet,U-Net,UNet,32,2,False,False,0.2,0.2,16,16,48,17,37,2.176470588235294,0.0461213152308732
Only UNet,U-Net,UNet,32,2,False,False,0.2,0.2,16,16,49,20,16,0.8,-0.0017474575964895
Only UNet,U-Net,UNet,32,2,False,False,0.2,0.2,16,16,50,34,12,0.3529411764705882,0.0073725673462771
Only UNet,U-Net,UNet,32,2,False,False,0.2,0.2,16,16,51,41,44,1.0731707317073171,-0.0037458905086819
Only UNet,U-Net,UNet,32,2,False,False,0.2,0.2,16,16,52,46,0,0.0,-0.4279687313439372
Only UNet,U-Net,UNet,32,2,False,False,0.2,0.2,16,16,53,18,19,1.0555555555555556,0.0100687691554695
Only UNet,U-Net,UNet,32,2,False,False,0.2,0.2,16,16,54,30,13,0.4333333333333333,-0.0082222395921338
Only UNet,U-Net,UNet,32,2,False,False,0.2,0.2,16,16,55,40,46,1.15,0.1331965070115746
Only UNet,U-Net,UNet,32,2,False,False,0.2,0.2,16,16,56,29,44,1.5172413793103448,0.0224875124312912
Only UNet,U-Net,UNet,32,2,False,False,0.2,0.2,16,16,57,38,49,1.2894736842105263,0.0257019934452931
Only UNet,U-Net,UNet,32,2,False,False,0.2,0.2,16,16,58,29,11,0.3793103448275862,-0.0038054735549704
Only UNet,U-Net,UNet,32,2,False,False,0.2,0.2,16,16,59,25,37,1.48,0.0347896938658398
Only UNet,U-Net,UNet,32,2,False,False,0.2,0.2,16,16,60,35,30,0.8571428571428571,-0.0023273291252747
Only UNet,U-Net,UNet,32,2,False,False,0.2,0.2,16,16,61,18,10,0.5555555555555556,-0.005763337528662
Only UNet,U-Net,UNet,32,2,False,False,0.2,0.2,16,16,62,24,17,0.7083333333333334,-0.0027894044208358
Only UNet,U-Net,UNet,32,2,False,False,0.2,0.2,16,16,63,15,15,1.0,-0.0059621052767267
Only UNet,U-Net,UNet,32,2,False,False,0.2,0.2,16,16,64,22,11,0.5,0.0011109737717831
Only UNet,U-Net,UNet,32,2,False,False,0.2,0.2,16,16,65,20,8,0.4,-0.0460766369271541
Only UNet,U-Net,UNet,32,2,False,False,0.2,0.2,16,16,66,31,17,0.5483870967741935,0.017645809519332
Only UNet,U-Net,UNet,32,2,False,False,0.2,0.2,16,16,67,46,15,0.3260869565217391,0.0306877047378368
Only UNet,U-Net,UNet,32,2,False,False,0.2,0.2,16,16,68,29,14,0.4827586206896552,0.0187790013899283
Only UNet,U-Net,UNet,32,2,False,False,0.2,0.2,16,16,69,50,22,0.44,0.0283616393237069
Only UNet,U-Net,UNet,32,2,False,False,0.2,0.2,16,16,70,31,19,0.6129032258064516,0.0034841239560115
Only UNet,U-Net,UNet,32,2,False,False,0.2,0.2,16,16,71,41,21,0.5121951219512195,-0.0289646745439216
Only UNet,U-Net,UNet,32,2,False,False,0.2,0.2,16,16,72,38,15,0.3947368421052631,-0.0331424000234914
Only UNet,U-Net,UNet,32,2,False,False,0.2,0.2,16,16,73,44,26,0.5909090909090909,0.0471614459951032
Only UNet,U-Net,UNet,32,2,False,False,0.2,0.2,16,16,74,37,23,0.6216216216216216,0.0032064878513252
Only UNet,U-Net,UNet,32,2,False,False,0.2,0.2,16,16,75,29,22,0.7586206896551724,0.0438817500160082
Only UNet,U-Net,UNet,32,2,False,False,0.2,0.2,16,16,76,28,19,0.6785714285714286,0.033218258119344
Only UNet,U-Net,UNet,32,2,False,False,0.2,0.2,16,16,77,18,9,0.5,-0.0125328693414869
Only UNet,U-Net,UNet,32,2,False,False,0.2,0.2,16,16,78,37,28,0.7567567567567568,-0.003216569899775
Only UNet,U-Net,UNet,32,2,False,False,0.2,0.2,16,16,79,24,14,0.5833333333333334,0.0013323085995781
Only UNet,U-Net,UNet,32,2,False,False,0.2,0.2,16,16,80,38,17,0.4473684210526316,0.0723921917294976
Only UNet,U-Net,UNet,32,2,False,False,0.2,0.2,16,16,81,25,16,0.64,-0.0112290214002445
Only UNet,U-Net,UNet,32,2,False,False,0.2,0.2,16,16,82,29,21,0.7241379310344828,0.0193189776947565
Only UNet,U-Net,UNet,32,2,False,False,0.2,0.2,16,16,83,34,42,1.2352941176470589,0.0014594141263786
Only UNet,U-Net,UNet,32,2,False,False,0.2,0.2,16,16,84,21,16,0.7619047619047619,-0.0129410890706034
Only UNet,U-Net,UNet,32,2,False,False,0.2,0.2,16,16,85,22,10,0.4545454545454545,-0.0070620347846222
Only UNet,U-Net,UNet,32,2,False,False,0.2,0.2,16,16,86,41,14,0.3414634146341463,0.0382150327768448
Only UNet,U-Net,UNet,32,2,False,False,0.2,0.2,16,16,87,28,19,0.6785714285714286,0.0523637848020293
Only UNet,U-Net,UNet,32,2,False,False,0.2,0.2,16,16,88,35,12,0.3428571428571428,-0.0144142289799201
Only UNet,U-Net,UNet,32,2,False,False,0.2,0.2,16,16,89,32,45,1.40625,-0.009507991908615
Only UNet,U-Net,UNet,32,2,False,False,0.2,0.2,16,16,90,29,13,0.4482758620689655,-0.006171778283446
Only UNet,U-Net,UNet,32,2,False,False,0.2,0.2,16,16,91,19,19,1.0,0.0434308143528462
Only UNet,U-Net,UNet,32,2,False,False,0.2,0.2,16,16,92,45,29,0.6444444444444445,-0.0144264618130085
Only UNet,U-Net,UNet,32,2,False,False,0.2,0.2,16,16,93,25,13,0.52,0.0014937790759585
Only UNet,U-Net,UNet,32,2,False,False,0.2,0.2,16,16,94,32,18,0.5625,0.0715808459004673
Only UNet,U-Net,UNet,32,2,False,False,0.2,0.2,16,16,95,41,22,0.5365853658536586,-0.0179040073030115
Only UNet,U-Net,UNet,32,2,False,False,0.2,0.2,16,16,96,16,14,0.875,0.0066070343688783
Only UNet,U-Net,UNet,32,2,False,False,0.2,0.2,16,16,97,26,20,0.7692307692307693,0.0429005888451905
Only UNet,U-Net,UNet,32,2,False,False,0.2,0.2,16,16,98,25,38,1.52,0.0056373588552132
Only UNet,U-Net,UNet,32,2,False,False,0.2,0.2,16,16,99,61,17,0.2786885245901639,-0.0273260762516038
Only UNet,U-Net,UNet,32,2,False,False,0.2,0.2,16,17,0,33,26,0.7878787878787878,0.0829732632883327
Only UNet,U-Net,UNet,32,2,False,False,0.2,0.2,16,17,1,34,17,0.5,-0.0081254126285442
Only UNet,U-Net,UNet,32,2,False,False,0.2,0.2,16,17,2,29,21,0.7241379310344828,0.020492770293686
Only UNet,U-Net,UNet,32,2,False,False,0.2,0.2,16,17,3,28,22,0.7857142857142857,-0.0090109633970885
Only UNet,U-Net,UNet,32,2,False,False,0.2,0.2,16,17,4,36,10,0.2777777777777778,-0.0090932473109146
Only UNet,U-Net,UNet,32,2,False,False,0.2,0.2,16,17,5,42,16,0.3809523809523809,0.0184770840194374
Only UNet,U-Net,UNet,32,2,False,False,0.2,0.2,16,17,6,28,45,1.6071428571428572,-0.0035005647171042
Only UNet,U-Net,UNet,32,2,False,False,0.2,0.2,16,17,7,38,13,0.3421052631578947,0.0416922531489333
Only UNet,U-Net,UNet,32,2,False,False,0.2,0.2,16,17,8,33,11,0.3333333333333333,-0.0041732855749356
Only UNet,U-Net,UNet,32,2,False,False,0.2,0.2,16,17,9,28,14,0.5,0.0687247931209376
Only UNet,U-Net,UNet,32,2,False,False,0.2,0.2,16,17,10,31,17,0.5483870967741935,-0.0287525105364701
Only UNet,U-Net,UNet,32,2,False,False,0.2,0.2,16,17,11,29,10,0.3448275862068966,0.0347481970998673
Only UNet,U-Net,UNet,32,2,False,False,0.2,0.2,16,17,12,29,8,0.2758620689655172,0.0390573948347159
Only UNet,U-Net,UNet,32,2,False,False,0.2,0.2,16,17,13,28,18,0.6428571428571429,-0.0130504794837901
Only UNet,U-Net,UNet,32,2,False,False,0.2,0.2,16,17,14,29,21,0.7241379310344828,0.056416473659163
Only UNet,U-Net,UNet,32,2,False,False,0.2,0.2,16,17,15,42,11,0.2619047619047619,0.026455051271725
Only UNet,U-Net,UNet,32,2,False,False,0.2,0.2,16,17,16,58,21,0.3620689655172414,0.0258361530687146
Only UNet,U-Net,UNet,32,2,False,False,0.2,0.2,16,17,17,35,19,0.5428571428571428,0.0582083103635359
Only UNet,U-Net,UNet,32,2,False,False,0.2,0.2,16,17,18,17,18,1.0588235294117647,-0.0129894803182943
Only UNet,U-Net,UNet,32,2,False,False,0.2,0.2,16,17,19,17,16,0.9411764705882352,0.0773291371514003
Only UNet,U-Net,UNet,32,2,False,False,0.2,0.2,16,17,20,27,32,1.1851851851851851,0.0239711809053495
Only UNet,U-Net,UNet,32,2,False,False,0.2,0.2,16,17,21,40,16,0.4,-0.0456386981840939
Only UNet,U-Net,UNet,32,2,False,False,0.2,0.2,16,17,22,45,12,0.2666666666666666,0.003647508499152
Only UNet,U-Net,UNet,32,2,False,False,0.2,0.2,16,17,23,23,23,1.0,0.048243392557235
Only UNet,U-Net,UNet,32,2,False,False,0.2,0.2,16,17,24,20,12,0.6,0.0203081977581654
Only UNet,U-Net,UNet,32,2,False,False,0.2,0.2,16,17,25,18,9,0.5,0.0055994836187185
Only UNet,U-Net,UNet,32,2,False,False,0.2,0.2,16,17,26,34,6,0.1764705882352941,0.0424268354241901
Only UNet,U-Net,UNet,32,2,False,False,0.2,0.2,16,17,27,35,30,0.8571428571428571,0.1024210801771188
Only UNet,U-Net,UNet,32,2,False,False,0.2,0.2,16,17,28,33,14,0.4242424242424242,-0.0012263079503834
Only UNet,U-Net,UNet,32,2,False,False,0.2,0.2,16,17,29,40,26,0.65,-0.0346319924263003
Only UNet,U-Net,UNet,32,2,False,False,0.2,0.2,16,17,30,19,9,0.4736842105263157,0.0262777944118325
Only UNet,U-Net,UNet,32,2,False,False,0.2,0.2,16,17,31,37,30,0.8108108108108109,-0.0087149606764191
Only UNet,U-Net,UNet,32,2,False,False,0.2,0.2,16,17,32,37,14,0.3783783783783784,-0.0193447972051461
Only UNet,U-Net,UNet,32,2,False,False,0.2,0.2,16,17,33,31,11,0.3548387096774194,-0.0133971767639488
Only UNet,U-Net,UNet,32,2,False,False,0.2,0.2,16,17,34,25,14,0.56,0.0856914337974026
Only UNet,U-Net,UNet,32,2,False,False,0.2,0.2,16,17,35,25,17,0.68,-0.0308943912073915
Only UNet,U-Net,UNet,32,2,False,False,0.2,0.2,16,17,36,26,23,0.8846153846153846,-0.0230960489539656
Only UNet,U-Net,UNet,32,2,False,False,0.2,0.2,16,17,37,27,18,0.6666666666666666,-0.0033483578946201
Only UNet,U-Net,UNet,32,2,False,False,0.2,0.2,16,17,38,44,36,0.8181818181818182,0.0517758389904184
Only UNet,U-Net,UNet,32,2,False,False,0.2,0.2,16,17,39,19,15,0.7894736842105263,-0.0085312988898026
Only UNet,U-Net,UNet,32,2,False,False,0.2,0.2,16,17,40,41,15,0.3658536585365853,0.0177738786913366
Only UNet,U-Net,UNet,32,2,False,False,0.2,0.2,16,17,41,32,10,0.3125,0.072428350410537
Only UNet,U-Net,UNet,32,2,False,False,0.2,0.2,16,17,42,32,48,1.5,0.017849241600817
Only UNet,U-Net,UNet,32,2,False,False,0.2,0.2,16,17,43,28,21,0.75,0.0249004496815111
Only UNet,U-Net,UNet,32,2,False,False,0.2,0.2,16,17,44,41,17,0.4146341463414634,-0.0017807283104441
Only UNet,U-Net,UNet,32,2,False,False,0.2,0.2,16,17,45,30,10,0.3333333333333333,0.0239581225636266
Only UNet,U-Net,UNet,32,2,False,False,0.2,0.2,16,17,46,21,10,0.4761904761904761,-0.032929545199742
Only UNet,U-Net,UNet,32,2,False,False,0.2,0.2,16,17,47,28,27,0.9642857142857144,0.0007512068196328
Only UNet,U-Net,UNet,32,2,False,False,0.2,0.2,16,17,48,17,15,0.8823529411764706,0.0255243556286688
Only UNet,U-Net,UNet,32,2,False,False,0.2,0.2,16,17,49,20,18,0.9,0.0236360411458311
Only UNet,U-Net,UNet,32,2,False,False,0.2,0.2,16,17,50,34,13,0.3823529411764705,0.027889140016734
Only UNet,U-Net,UNet,32,2,False,False,0.2,0.2,16,17,51,41,27,0.6585365853658537,0.0426029963491592
Only UNet,U-Net,UNet,32,2,False,False,0.2,0.2,16,17,52,46,31,0.6739130434782609,0.0073805055409802
Only UNet,U-Net,UNet,32,2,False,False,0.2,0.2,16,17,53,18,5,0.2777777777777778,0.0072033932733098
Only UNet,U-Net,UNet,32,2,False,False,0.2,0.2,16,17,54,30,23,0.7666666666666667,-0.0551157486005598
Only UNet,U-Net,UNet,32,2,False,False,0.2,0.2,16,17,55,40,24,0.6,0.1250940079320857
Only UNet,U-Net,UNet,32,2,False,False,0.2,0.2,16,17,56,29,15,0.5172413793103449,-0.0029331013629599
Only UNet,U-Net,UNet,32,2,False,False,0.2,0.2,16,17,57,38,30,0.7894736842105263,0.0081086990334824
Only UNet,U-Net,UNet,32,2,False,False,0.2,0.2,16,17,58,29,26,0.896551724137931,0.0040244682498337
Only UNet,U-Net,UNet,32,2,False,False,0.2,0.2,16,17,59,25,31,1.24,0.0353551935187084
Only UNet,U-Net,UNet,32,2,False,False,0.2,0.2,16,17,60,35,26,0.7428571428571429,-0.0240513326683505
Only UNet,U-Net,UNet,32,2,False,False,0.2,0.2,16,17,61,18,9,0.5,-0.0136714447771253
Only UNet,U-Net,UNet,32,2,False,False,0.2,0.2,16,17,62,24,25,1.0416666666666667,0.0251938343706769
Only UNet,U-Net,UNet,32,2,False,False,0.2,0.2,16,17,63,15,10,0.6666666666666666,0.005430373893099
Only UNet,U-Net,UNet,32,2,False,False,0.2,0.2,16,17,64,22,13,0.5909090909090909,0.0045834465921918
Only UNet,U-Net,UNet,32,2,False,False,0.2,0.2,16,17,65,20,12,0.6,-0.0316618911734737
Only UNet,U-Net,UNet,32,2,False,False,0.2,0.2,16,17,66,31,9,0.2903225806451613,0.0130185546301669
Only UNet,U-Net,UNet,32,2,False,False,0.2,0.2,16,17,67,46,18,0.391304347826087,0.0176305949197451
Only UNet,U-Net,UNet,32,2,False,False,0.2,0.2,16,17,68,29,17,0.5862068965517241,-0.0036976596307404
Only UNet,U-Net,UNet,32,2,False,False,0.2,0.2,16,17,69,50,19,0.38,0.0173690650006883
Only UNet,U-Net,UNet,32,2,False,False,0.2,0.2,16,17,70,31,11,0.3548387096774194,0.0147540731767479
Only UNet,U-Net,UNet,32,2,False,False,0.2,0.2,16,17,71,41,35,0.8536585365853658,-0.0463551258306814
Only UNet,U-Net,UNet,32,2,False,False,0.2,0.2,16,17,72,38,12,0.3157894736842105,-0.0545679389763506
Only UNet,U-Net,UNet,32,2,False,False,0.2,0.2,16,17,73,44,21,0.4772727272727273,-0.0062224446565826
Only UNet,U-Net,UNet,32,2,False,False,0.2,0.2,16,17,74,37,11,0.2972972972972973,0.0008946329839954
Only UNet,U-Net,UNet,32,2,False,False,0.2,0.2,16,17,75,29,11,0.3793103448275862,0.0465882321580841
Only UNet,U-Net,UNet,32,2,False,False,0.2,0.2,16,17,76,28,14,0.5,0.0363317308696342
Only UNet,U-Net,UNet,32,2,False,False,0.2,0.2,16,17,77,18,8,0.4444444444444444,-0.0178961902391837
Only UNet,U-Net,UNet,32,2,False,False,0.2,0.2,16,17,78,37,22,0.5945945945945946,-0.0219844187346047
Only UNet,U-Net,UNet,32,2,False,False,0.2,0.2,16,17,79,24,25,1.0416666666666667,0.0269790452902756
Only UNet,U-Net,UNet,32,2,False,False,0.2,0.2,16,17,80,38,11,0.2894736842105263,0.0133532011845888
Only UNet,U-Net,UNet,32,2,False,False,0.2,0.2,16,17,81,25,12,0.48,0.0823617373414299
Only UNet,U-Net,UNet,32,2,False,False,0.2,0.2,16,17,82,29,15,0.5172413793103449,-0.0210019826242566
Only UNet,U-Net,UNet,32,2,False,False,0.2,0.2,16,17,83,34,17,0.5,0.0144170760289882
Only UNet,U-Net,UNet,32,2,False,False,0.2,0.2,16,17,84,21,10,0.4761904761904761,-0.0009006501764876
Only UNet,U-Net,UNet,32,2,False,False,0.2,0.2,16,17,85,22,6,0.2727272727272727,0.0156377558201728
Only UNet,U-Net,UNet,32,2,False,False,0.2,0.2,16,17,86,41,24,0.5853658536585366,-0.002220466903029
Only UNet,U-Net,UNet,32,2,False,False,0.2,0.2,16,17,87,28,8,0.2857142857142857,0.0746598352869589
Only UNet,U-Net,UNet,32,2,False,False,0.2,0.2,16,17,88,35,13,0.3714285714285714,-0.0061115730379959
Only UNet,U-Net,UNet,32,2,False,False,0.2,0.2,16,17,89,32,14,0.4375,-0.0238124122034164
Only UNet,U-Net,UNet,32,2,False,False,0.2,0.2,16,17,90,29,19,0.6551724137931034,0.0017660742487661
Only UNet,U-Net,UNet,32,2,False,False,0.2,0.2,16,17,91,19,35,1.8421052631578947,0.0402444912066465
Only UNet,U-Net,UNet,32,2,False,False,0.2,0.2,16,17,92,45,27,0.6,0.0284755505081771
Only UNet,U-Net,UNet,32,2,False,False,0.2,0.2,16,17,93,25,11,0.44,0.0016847947380463
Only UNet,U-Net,UNet,32,2,False,False,0.2,0.2,16,17,94,32,12,0.375,-0.0045640595937334
Only UNet,U-Net,UNet,32,2,False,False,0.2,0.2,16,17,95,41,20,0.4878048780487805,-0.0060881825646508
Only UNet,U-Net,UNet,32,2,False,False,0.2,0.2,16,17,96,16,33,2.0625,-0.0108982900755082
Only UNet,U-Net,UNet,32,2,False,False,0.2,0.2,16,17,97,26,23,0.8846153846153846,0.0264227605487494
Only UNet,U-Net,UNet,32,2,False,False,0.2,0.2,16,17,98,25,25,1.0,-0.0004338892404213
Only UNet,U-Net,UNet,32,2,False,False,0.2,0.2,16,17,99,61,33,0.5409836065573771,-0.0208666125560047
Only UNet,U-Net,UNet,32,2,False,False,0.2,0.2,16,18,0,33,26,0.7878787878787878,0.0589941638720104
Only UNet,U-Net,UNet,32,2,False,False,0.2,0.2,16,18,1,34,28,0.8235294117647058,0.0124003279084472
Only UNet,U-Net,UNet,32,2,False,False,0.2,0.2,16,18,2,29,18,0.6206896551724138,0.1899731772566731
Only UNet,U-Net,UNet,32,2,False,False,0.2,0.2,16,18,3,28,33,1.1785714285714286,-0.0211388671934668
Only UNet,U-Net,UNet,32,2,False,False,0.2,0.2,16,18,4,36,8,0.2222222222222222,-0.0017661811751868
Only UNet,U-Net,UNet,32,2,False,False,0.2,0.2,16,18,5,42,8,0.1904761904761904,-0.011590524813982
Only UNet,U-Net,UNet,32,2,False,False,0.2,0.2,16,18,6,28,38,1.3571428571428572,0.0230909810354631
Only UNet,U-Net,UNet,32,2,False,False,0.2,0.2,16,18,7,38,12,0.3157894736842105,0.0222474801933808
Only UNet,U-Net,UNet,32,2,False,False,0.2,0.2,16,18,8,33,14,0.4242424242424242,0.0356473044330289
Only UNet,U-Net,UNet,32,2,False,False,0.2,0.2,16,18,9,28,26,0.9285714285714286,0.022371814276887
Only UNet,U-Net,UNet,32,2,False,False,0.2,0.2,16,18,10,31,21,0.6774193548387096,-0.0399017746032574
Only UNet,U-Net,UNet,32,2,False,False,0.2,0.2,16,18,11,29,12,0.4137931034482758,0.0932921319912788
Only UNet,U-Net,UNet,32,2,False,False,0.2,0.2,16,18,12,29,10,0.3448275862068966,0.0660219027842036
Only UNet,U-Net,UNet,32,2,False,False,0.2,0.2,16,18,13,28,36,1.2857142857142858,-0.0319706960948275
Only UNet,U-Net,UNet,32,2,False,False,0.2,0.2,16,18,14,29,11,0.3793103448275862,0.0111324742508455
Only UNet,U-Net,UNet,32,2,False,False,0.2,0.2,16,18,15,42,19,0.4523809523809524,0.0037659229469752
Only UNet,U-Net,UNet,32,2,False,False,0.2,0.2,16,18,16,58,24,0.4137931034482758,0.0470013161080944
Only UNet,U-Net,UNet,32,2,False,False,0.2,0.2,16,18,17,35,32,0.9142857142857144,0.0061773644664637
Only UNet,U-Net,UNet,32,2,False,False,0.2,0.2,16,18,18,17,11,0.6470588235294118,0.0040478160912685
Only UNet,U-Net,UNet,32,2,False,False,0.2,0.2,16,18,19,17,19,1.1176470588235294,-0.0014850337057832
Only UNet,U-Net,UNet,32,2,False,False,0.2,0.2,16,18,20,27,12,0.4444444444444444,-0.0052934629257045
Only UNet,U-Net,UNet,32,2,False,False,0.2,0.2,16,18,21,40,42,1.05,-0.0158155225995223
Only UNet,U-Net,UNet,32,2,False,False,0.2,0.2,16,18,22,45,20,0.4444444444444444,-0.0278235574918306
Only UNet,U-Net,UNet,32,2,False,False,0.2,0.2,16,18,23,23,56,2.4347826086956523,0.085385470992074
Only UNet,U-Net,UNet,32,2,False,False,0.2,0.2,16,18,24,20,21,1.05,0.3838150643508702
Only UNet,U-Net,UNet,32,2,False,False,0.2,0.2,16,18,25,18,15,0.8333333333333334,0.0078670143547128
Only UNet,U-Net,UNet,32,2,False,False,0.2,0.2,16,18,26,34,14,0.4117647058823529,0.0534754077449308
Only UNet,U-Net,UNet,32,2,False,False,0.2,0.2,16,18,27,35,44,1.2571428571428571,0.1056183291642319
Only UNet,U-Net,UNet,32,2,False,False,0.2,0.2,16,18,28,33,14,0.4242424242424242,0.0110530763162106
Only UNet,U-Net,UNet,32,2,False,False,0.2,0.2,16,18,29,40,11,0.275,0.0208518798428242
Only UNet,U-Net,UNet,32,2,False,False,0.2,0.2,16,18,30,19,8,0.4210526315789473,0.0554841011856587
Only UNet,U-Net,UNet,32,2,False,False,0.2,0.2,16,18,31,37,24,0.6486486486486487,-0.0052521052436848
Only UNet,U-Net,UNet,32,2,False,False,0.2,0.2,16,18,32,37,12,0.3243243243243243,-0.0193913993918165
Only UNet,U-Net,UNet,32,2,False,False,0.2,0.2,16,18,33,31,19,0.6129032258064516,0.0044820185230149
Only UNet,U-Net,UNet,32,2,False,False,0.2,0.2,16,18,34,25,16,0.64,0.0542353482930809
Only UNet,U-Net,UNet,32,2,False,False,0.2,0.2,16,18,35,25,26,1.04,-0.0247440049876567
Only UNet,U-Net,UNet,32,2,False,False,0.2,0.2,16,18,36,26,20,0.7692307692307693,-0.0145973495757015
Only UNet,U-Net,UNet,32,2,False,False,0.2,0.2,16,18,37,27,26,0.9629629629629628,0.0213862929666904
Only UNet,U-Net,UNet,32,2,False,False,0.2,0.2,16,18,38,44,19,0.4318181818181818,-0.0229440855812808
Only UNet,U-Net,UNet,32,2,False,False,0.2,0.2,16,18,39,19,10,0.5263157894736842,-0.0063652386920916
Only UNet,U-Net,UNet,32,2,False,False,0.2,0.2,16,18,40,41,16,0.3902439024390244,-0.0082867735281959
Only UNet,U-Net,UNet,32,2,False,False,0.2,0.2,16,18,41,32,11,0.34375,0.0080840261077026
Only UNet,U-Net,UNet,32,2,False,False,0.2,0.2,16,18,42,32,30,0.9375,0.0162354772133318
Only UNet,U-Net,UNet,32,2,False,False,0.2,0.2,16,18,43,28,10,0.3571428571428571,-0.0289602566011107
Only UNet,U-Net,UNet,32,2,False,False,0.2,0.2,16,18,44,41,14,0.3414634146341463,-0.0244098561338903
Only UNet,U-Net,UNet,32,2,False,False,0.2,0.2,16,18,45,30,18,0.6,-0.021454431771626
Only UNet,U-Net,UNet,32,2,False,False,0.2,0.2,16,18,46,21,27,1.2857142857142858,0.0020386337338156
Only UNet,U-Net,UNet,32,2,False,False,0.2,0.2,16,18,47,28,15,0.5357142857142857,0.000846309816713
Only UNet,U-Net,UNet,32,2,False,False,0.2,0.2,16,18,48,17,7,0.4117647058823529,0.0107183854669056
Only UNet,U-Net,UNet,32,2,False,False,0.2,0.2,16,18,49,20,32,1.6,0.0530818403780786
Only UNet,U-Net,UNet,32,2,False,False,0.2,0.2,16,18,50,34,21,0.6176470588235294,0.0204109752630656
Only UNet,U-Net,UNet,32,2,False,False,0.2,0.2,16,18,51,41,28,0.6829268292682927,0.0164273705491315
Only UNet,U-Net,UNet,32,2,False,False,0.2,0.2,16,18,52,46,21,0.4565217391304347,0.0477567546760304
Only UNet,U-Net,UNet,32,2,False,False,0.2,0.2,16,18,53,18,16,0.8888888888888888,0.004268451178788
Only UNet,U-Net,UNet,32,2,False,False,0.2,0.2,16,18,54,30,9,0.3,-0.0625111170896843
Only UNet,U-Net,UNet,32,2,False,False,0.2,0.2,16,18,55,40,25,0.625,0.0560908097502478
Only UNet,U-Net,UNet,32,2,False,False,0.2,0.2,16,18,56,29,18,0.6206896551724138,0.0447955801282643
Only UNet,U-Net,UNet,32,2,False,False,0.2,0.2,16,18,57,38,7,0.1842105263157894,0.0255347055017258
Only UNet,U-Net,UNet,32,2,False,False,0.2,0.2,16,18,58,29,10,0.3448275862068966,0.0097156859259572
Only UNet,U-Net,UNet,32,2,False,False,0.2,0.2,16,18,59,25,20,0.8,0.0431090886342213
Only UNet,U-Net,UNet,32,2,False,False,0.2,0.2,16,18,60,35,11,0.3142857142857143,-0.0301408388378651
Only UNet,U-Net,UNet,32,2,False,False,0.2,0.2,16,18,61,18,35,1.9444444444444444,0.0069660290185554
Only UNet,U-Net,UNet,32,2,False,False,0.2,0.2,16,18,62,24,11,0.4583333333333333,-0.0112844972338926
Only UNet,U-Net,UNet,32,2,False,False,0.2,0.2,16,18,63,15,17,1.1333333333333333,0.0136362244780125
Only UNet,U-Net,UNet,32,2,False,False,0.2,0.2,16,18,64,22,16,0.7272727272727273,-0.0019584219471564
Only UNet,U-Net,UNet,32,2,False,False,0.2,0.2,16,18,65,20,8,0.4,-0.0171403791758531
Only UNet,U-Net,UNet,32,2,False,False,0.2,0.2,16,18,66,31,14,0.4516129032258064,0.0060801282523581
Only UNet,U-Net,UNet,32,2,False,False,0.2,0.2,16,18,67,46,20,0.4347826086956521,0.0194891873919947
Only UNet,U-Net,UNet,32,2,False,False,0.2,0.2,16,18,68,29,14,0.4827586206896552,0.027415802416337
Only UNet,U-Net,UNet,32,2,False,False,0.2,0.2,16,18,69,50,20,0.4,0.0448859519686866
Only UNet,U-Net,UNet,32,2,False,False,0.2,0.2,16,18,70,31,22,0.7096774193548387,0.0552474369549021
Only UNet,U-Net,UNet,32,2,False,False,0.2,0.2,16,18,71,41,18,0.4390243902439024,-0.0266727878604856
Only UNet,U-Net,UNet,32,2,False,False,0.2,0.2,16,18,72,38,22,0.5789473684210527,-0.049057264511284
Only UNet,U-Net,UNet,32,2,False,False,0.2,0.2,16,18,73,44,18,0.4090909090909091,-0.0145395704820019
Only UNet,U-Net,UNet,32,2,False,False,0.2,0.2,16,18,74,37,11,0.2972972972972973,-0.0059033406594586
Only UNet,U-Net,UNet,32,2,False,False,0.2,0.2,16,18,75,29,34,1.1724137931034482,0.0450501838366139
Only UNet,U-Net,UNet,32,2,False,False,0.2,0.2,16,18,76,28,23,0.8214285714285714,0.1719613309270042
Only UNet,U-Net,UNet,32,2,False,False,0.2,0.2,16,18,77,18,12,0.6666666666666666,-0.0125769963034194
Only UNet,U-Net,UNet,32,2,False,False,0.2,0.2,16,18,78,37,16,0.4324324324324324,-0.0062441165145208
Only UNet,U-Net,UNet,32,2,False,False,0.2,0.2,16,18,79,24,16,0.6666666666666666,0.0387127820273257
Only UNet,U-Net,UNet,32,2,False,False,0.2,0.2,16,18,80,38,15,0.3947368421052631,0.0009913964762982
Only UNet,U-Net,UNet,32,2,False,False,0.2,0.2,16,18,81,25,18,0.72,0.0873121332228608
Only UNet,U-Net,UNet,32,2,False,False,0.2,0.2,16,18,82,29,22,0.7586206896551724,-0.0314529840080265
Only UNet,U-Net,UNet,32,2,False,False,0.2,0.2,16,18,83,34,29,0.8529411764705882,0.0181591552425642
Only UNet,U-Net,UNet,32,2,False,False,0.2,0.2,16,18,84,21,18,0.8571428571428571,-0.0084227947233707
Only UNet,U-Net,UNet,32,2,False,False,0.2,0.2,16,18,85,22,8,0.3636363636363636,-0.0051021693241633
Only UNet,U-Net,UNet,32,2,False,False,0.2,0.2,16,18,86,41,30,0.7317073170731707,0.0422632643877683
Only UNet,U-Net,UNet,32,2,False,False,0.2,0.2,16,18,87,28,11,0.3928571428571428,0.0634040671137235
Only UNet,U-Net,UNet,32,2,False,False,0.2,0.2,16,18,88,35,16,0.4571428571428571,0.0005399027957921
Only UNet,U-Net,UNet,32,2,False,False,0.2,0.2,16,18,89,32,43,1.34375,-0.0347542644594038
Only UNet,U-Net,UNet,32,2,False,False,0.2,0.2,16,18,90,29,15,0.5172413793103449,0.0327374217006483
Only UNet,U-Net,UNet,32,2,False,False,0.2,0.2,16,18,91,19,65,3.421052631578948,0.0009262405006705
Only UNet,U-Net,UNet,32,2,False,False,0.2,0.2,16,18,92,45,15,0.3333333333333333,0.0070628096711381
Only UNet,U-Net,UNet,32,2,False,False,0.2,0.2,16,18,93,25,7,0.28,-0.0027791582346577
Only UNet,U-Net,UNet,32,2,False,False,0.2,0.2,16,18,94,32,11,0.34375,0.0790196650078117
Only UNet,U-Net,UNet,32,2,False,False,0.2,0.2,16,18,95,41,17,0.4146341463414634,0.0041133373495168
Only UNet,U-Net,UNet,32,2,False,False,0.2,0.2,16,18,96,16,27,1.6875,-0.0117266954810893
Only UNet,U-Net,UNet,32,2,False,False,0.2,0.2,16,18,97,26,7,0.2692307692307692,-0.0026489967203309
Only UNet,U-Net,UNet,32,2,False,False,0.2,0.2,16,18,98,25,5,0.2,0.0032753679586889
Only UNet,U-Net,UNet,32,2,False,False,0.2,0.2,16,18,99,61,22,0.360655737704918,0.1333726341840884
Only UNet,U-Net,UNet,32,2,False,False,0.2,0.2,16,19,0,33,20,0.6060606060606061,0.0132229920697252
Only UNet,U-Net,UNet,32,2,False,False,0.2,0.2,16,19,1,34,20,0.5882352941176471,0.0438426411482085
Only UNet,U-Net,UNet,32,2,False,False,0.2,0.2,16,19,2,29,46,1.5862068965517242,0.0097942561858548
Only UNet,U-Net,UNet,32,2,False,False,0.2,0.2,16,19,3,28,16,0.5714285714285714,-0.002476621146911
Only UNet,U-Net,UNet,32,2,False,False,0.2,0.2,16,19,4,36,10,0.2777777777777778,-0.0329781906135421
Only UNet,U-Net,UNet,32,2,False,False,0.2,0.2,16,19,5,42,8,0.1904761904761904,0.00149046565298
Only UNet,U-Net,UNet,32,2,False,False,0.2,0.2,16,19,6,28,24,0.8571428571428571,0.0178286037729915
Only UNet,U-Net,UNet,32,2,False,False,0.2,0.2,16,19,7,38,21,0.5526315789473685,0.0494146517196749
Only UNet,U-Net,UNet,32,2,False,False,0.2,0.2,16,19,8,33,33,1.0,0.0170319781207551
Only UNet,U-Net,UNet,32,2,False,False,0.2,0.2,16,19,9,28,26,0.9285714285714286,0.0125037590572708
Only UNet,U-Net,UNet,32,2,False,False,0.2,0.2,16,19,10,31,20,0.6451612903225806,-0.0561474171870043
Only UNet,U-Net,UNet,32,2,False,False,0.2,0.2,16,19,11,29,11,0.3793103448275862,0.0723573479596065
Only UNet,U-Net,UNet,32,2,False,False,0.2,0.2,16,19,12,29,9,0.3103448275862069,0.0013166955380295
Only UNet,U-Net,UNet,32,2,False,False,0.2,0.2,16,19,13,28,32,1.1428571428571428,-0.0297942714221905
Only UNet,U-Net,UNet,32,2,False,False,0.2,0.2,16,19,14,29,29,1.0,0.0425268615947815
Only UNet,U-Net,UNet,32,2,False,False,0.2,0.2,16,19,15,42,9,0.2142857142857142,0.0028554887592731
Only UNet,U-Net,UNet,32,2,False,False,0.2,0.2,16,19,16,58,29,0.5,0.0281014468094136
Only UNet,U-Net,UNet,32,2,False,False,0.2,0.2,16,19,17,35,19,0.5428571428571428,0.0004954080750268
Only UNet,U-Net,UNet,32,2,False,False,0.2,0.2,16,19,18,17,17,1.0,-0.0022103053038941
Only UNet,U-Net,UNet,32,2,False,False,0.2,0.2,16,19,19,17,12,0.7058823529411765,0.0345940361423374
Only UNet,U-Net,UNet,32,2,False,False,0.2,0.2,16,19,20,27,21,0.7777777777777778,0.0104208767624724
Only UNet,U-Net,UNet,32,2,False,False,0.2,0.2,16,19,21,40,16,0.4,0.0430262214545702
Only UNet,U-Net,UNet,32,2,False,False,0.2,0.2,16,19,22,45,22,0.4888888888888889,-0.0105103292226615
Only UNet,U-Net,UNet,32,2,False,False,0.2,0.2,16,19,23,23,24,1.0434782608695652,0.0784498659359439
Only UNet,U-Net,UNet,32,2,False,False,0.2,0.2,16,19,24,20,12,0.6,0.0057413714565644
Only UNet,U-Net,UNet,32,2,False,False,0.2,0.2,16,19,25,18,11,0.6111111111111112,-0.0016189459001504
Only UNet,U-Net,UNet,32,2,False,False,0.2,0.2,16,19,26,34,13,0.3823529411764705,0.0326054870853406
Only UNet,U-Net,UNet,32,2,False,False,0.2,0.2,16,19,27,35,8,0.2285714285714285,0.0789989216924894
Only UNet,U-Net,UNet,32,2,False,False,0.2,0.2,16,19,28,33,26,0.7878787878787878,-0.0060824529264676
Only UNet,U-Net,UNet,32,2,False,False,0.2,0.2,16,19,29,40,20,0.5,-0.0325594620145072
Only UNet,U-Net,UNet,32,2,False,False,0.2,0.2,16,19,30,19,8,0.4210526315789473,0.0823104274687404
Only UNet,U-Net,UNet,32,2,False,False,0.2,0.2,16,19,31,37,24,0.6486486486486487,0.0100299690685967
Only UNet,U-Net,UNet,32,2,False,False,0.2,0.2,16,19,32,37,19,0.5135135135135135,0.0162459014773891
Only UNet,U-Net,UNet,32,2,False,False,0.2,0.2,16,19,33,31,11,0.3548387096774194,-0.012020454847131
Only UNet,U-Net,UNet,32,2,False,False,0.2,0.2,16,19,34,25,13,0.52,0.0152448646271393
Only UNet,U-Net,UNet,32,2,False,False,0.2,0.2,16,19,35,25,37,1.48,-0.0200451916484865
Only UNet,U-Net,UNet,32,2,False,False,0.2,0.2,16,19,36,26,18,0.6923076923076923,-0.0125843717159741
Only UNet,U-Net,UNet,32,2,False,False,0.2,0.2,16,19,37,27,8,0.2962962962962963,0.0209185747168962
Only UNet,U-Net,UNet,32,2,False,False,0.2,0.2,16,19,38,44,10,0.2272727272727272,-0.0127840273921936
Only UNet,U-Net,UNet,32,2,False,False,0.2,0.2,16,19,39,19,8,0.4210526315789473,0.0006487369473163
Only UNet,U-Net,UNet,32,2,False,False,0.2,0.2,16,19,40,41,23,0.5609756097560976,0.0280371428156095
Only UNet,U-Net,UNet,32,2,False,False,0.2,0.2,16,19,41,32,30,0.9375,0.0032211075614478
Only UNet,U-Net,UNet,32,2,False,False,0.2,0.2,16,19,42,32,24,0.75,0.0078400584502158
Only UNet,U-Net,UNet,32,2,False,False,0.2,0.2,16,19,43,28,15,0.5357142857142857,0.0687812037456627
Only UNet,U-Net,UNet,32,2,False,False,0.2,0.2,16,19,44,41,32,0.7804878048780488,-0.0524258729662623
Only UNet,U-Net,UNet,32,2,False,False,0.2,0.2,16,19,45,30,11,0.3666666666666666,0.0058194038222962
Only UNet,U-Net,UNet,32,2,False,False,0.2,0.2,16,19,46,21,12,0.5714285714285714,-0.0034541731967834
Only UNet,U-Net,UNet,32,2,False,False,0.2,0.2,16,19,47,28,13,0.4642857142857143,0.0069663479647691
Only UNet,U-Net,UNet,32,2,False,False,0.2,0.2,16,19,48,17,58,3.411764705882353,0.0551984227136277
Only UNet,U-Net,UNet,32,2,False,False,0.2,0.2,16,19,49,20,19,0.95,0.0256905848945299
Only UNet,U-Net,UNet,32,2,False,False,0.2,0.2,16,19,50,34,18,0.5294117647058824,0.0070808332058337
Only UNet,U-Net,UNet,32,2,False,False,0.2,0.2,16,19,51,41,44,1.0731707317073171,0.0330668373661558
Only UNet,U-Net,UNet,32,2,False,False,0.2,0.2,16,19,52,46,25,0.5434782608695652,0.0857105450347847
Only UNet,U-Net,UNet,32,2,False,False,0.2,0.2,16,19,53,18,13,0.7222222222222222,0.0116996805124693
Only UNet,U-Net,UNet,32,2,False,False,0.2,0.2,16,19,54,30,23,0.7666666666666667,-0.0252119124278691
Only UNet,U-Net,UNet,32,2,False,False,0.2,0.2,16,19,55,40,14,0.35,0.0372890088867294
Only UNet,U-Net,UNet,32,2,False,False,0.2,0.2,16,19,56,29,34,1.1724137931034482,0.0210828267691023
Only UNet,U-Net,UNet,32,2,False,False,0.2,0.2,16,19,57,38,26,0.6842105263157895,0.0148849348278528
Only UNet,U-Net,UNet,32,2,False,False,0.2,0.2,16,19,58,29,14,0.4827586206896552,0.01128792288331
Only UNet,U-Net,UNet,32,2,False,False,0.2,0.2,16,19,59,25,12,0.48,-0.0018454879501184
Only UNet,U-Net,UNet,32,2,False,False,0.2,0.2,16,19,60,35,15,0.4285714285714285,0.0062713999715433
Only UNet,U-Net,UNet,32,2,False,False,0.2,0.2,16,19,61,18,66,3.6666666666666665,-0.0165466197127009
Only UNet,U-Net,UNet,32,2,False,False,0.2,0.2,16,19,62,24,11,0.4583333333333333,-0.0173665232760484
Only UNet,U-Net,UNet,32,2,False,False,0.2,0.2,16,19,63,15,21,1.4,0.0176118564998432
Only UNet,U-Net,UNet,32,2,False,False,0.2,0.2,16,19,64,22,19,0.8636363636363636,-0.0113121519219993
Only UNet,U-Net,UNet,32,2,False,False,0.2,0.2,16,19,65,20,11,0.55,-0.0309768023464341
Only UNet,U-Net,UNet,32,2,False,False,0.2,0.2,16,19,66,31,21,0.6774193548387096,-0.003441729872447
Only UNet,U-Net,UNet,32,2,False,False,0.2,0.2,16,19,67,46,30,0.6521739130434783,0.0067475431459574
Only UNet,U-Net,UNet,32,2,False,False,0.2,0.2,16,19,68,29,42,1.4482758620689655,-0.0167419403850157
Only UNet,U-Net,UNet,32,2,False,False,0.2,0.2,16,19,69,50,23,0.46,0.0507350379621496
Only UNet,U-Net,UNet,32,2,False,False,0.2,0.2,16,19,70,31,22,0.7096774193548387,0.0197181841203135
Only UNet,U-Net,UNet,32,2,False,False,0.2,0.2,16,19,71,41,32,0.7804878048780488,-0.029216388274539
Only UNet,U-Net,UNet,32,2,False,False,0.2,0.2,16,19,72,38,23,0.6052631578947368,-0.0383810913733163
Only UNet,U-Net,UNet,32,2,False,False,0.2,0.2,16,19,73,44,19,0.4318181818181818,0.0025411393844257
Only UNet,U-Net,UNet,32,2,False,False,0.2,0.2,16,19,74,37,11,0.2972972972972973,0.0019449456445692
Only UNet,U-Net,UNet,32,2,False,False,0.2,0.2,16,19,75,29,10,0.3448275862068966,0.0272228275151967
Only UNet,U-Net,UNet,32,2,False,False,0.2,0.2,16,19,76,28,15,0.5357142857142857,0.2663721407116866
Only UNet,U-Net,UNet,32,2,False,False,0.2,0.2,16,19,77,18,8,0.4444444444444444,-0.0102173543896547
Only UNet,U-Net,UNet,32,2,False,False,0.2,0.2,16,19,78,37,19,0.5135135135135135,-0.0247432565963947
Only UNet,U-Net,UNet,32,2,False,False,0.2,0.2,16,19,79,24,8,0.3333333333333333,-0.0030423377578239
Only UNet,U-Net,UNet,32,2,False,False,0.2,0.2,16,19,80,38,13,0.3421052631578947,0.0928736440836645
Only UNet,U-Net,UNet,32,2,False,False,0.2,0.2,16,19,81,25,12,0.48,0.0985690695177326
Only UNet,U-Net,UNet,32,2,False,False,0.2,0.2,16,19,82,29,16,0.5517241379310345,0.0120275575484631
Only UNet,U-Net,UNet,32,2,False,False,0.2,0.2,16,19,83,34,22,0.6470588235294118,0.0240843205555386
Only UNet,U-Net,UNet,32,2,False,False,0.2,0.2,16,19,84,21,11,0.5238095238095238,-0.0011115677958985
Only UNet,U-Net,UNet,32,2,False,False,0.2,0.2,16,19,85,22,11,0.5,0.0088860145465428
Only UNet,U-Net,UNet,32,2,False,False,0.2,0.2,16,19,86,41,30,0.7317073170731707,0.0034188107273042
Only UNet,U-Net,UNet,32,2,False,False,0.2,0.2,16,19,87,28,7,0.25,0.0717276137674932
Only UNet,U-Net,UNet,32,2,False,False,0.2,0.2,16,19,88,35,16,0.4571428571428571,-0.0195402307166526
Only UNet,U-Net,UNet,32,2,False,False,0.2,0.2,16,19,89,32,22,0.6875,-0.0156155662648471
Only UNet,U-Net,UNet,32,2,False,False,0.2,0.2,16,19,90,29,61,2.103448275862069,0.0236289973985905
Only UNet,U-Net,UNet,32,2,False,False,0.2,0.2,16,19,91,19,29,1.5263157894736843,0.0243325010630526
Only UNet,U-Net,UNet,32,2,False,False,0.2,0.2,16,19,92,45,30,0.6666666666666666,0.0185372508576464
Only UNet,U-Net,UNet,32,2,False,False,0.2,0.2,16,19,93,25,7,0.28,-0.001012580077545
Only UNet,U-Net,UNet,32,2,False,False,0.2,0.2,16,19,94,32,10,0.3125,0.1002464836829432
Only UNet,U-Net,UNet,32,2,False,False,0.2,0.2,16,19,95,41,18,0.4390243902439024,-0.0091881649956949
Only UNet,U-Net,UNet,32,2,False,False,0.2,0.2,16,19,96,16,23,1.4375,0.0074277524766175
Only UNet,U-Net,UNet,32,2,False,False,0.2,0.2,16,19,97,26,11,0.4230769230769231,0.0099513066539703
Only UNet,U-Net,UNet,32,2,False,False,0.2,0.2,16,19,98,25,10,0.4,0.0061663492464053
Only UNet,U-Net,UNet,32,2,False,False,0.2,0.2,16,19,99,61,16,0.2622950819672131,0.0485991358475181
Only UNet,U-Net,UNet,32,2,False,False,0.2,0.2,16,10,0,33,14,0.4242424242424242,0.1107892522316014
Only UNet,U-Net,UNet,32,2,False,False,0.2,0.2,16,10,1,34,16,0.4705882352941176,0.0358028241921563
Only UNet,U-Net,UNet,32,2,False,False,0.2,0.2,16,10,2,29,23,0.7931034482758621,0.0071254719871084
Only UNet,U-Net,UNet,32,2,False,False,0.2,0.2,16,10,3,28,67,2.392857142857143,0.0382190875208926
Only UNet,U-Net,UNet,32,2,False,False,0.2,0.2,16,10,4,36,13,0.3611111111111111,-0.0209205307516561
Only UNet,U-Net,UNet,32,2,False,False,0.2,0.2,16,10,5,42,5,0.119047619047619,-0.0270213351853827
Only UNet,U-Net,UNet,32,2,False,False,0.2,0.2,16,10,6,28,24,0.8571428571428571,-0.0032602127319467
Only UNet,U-Net,UNet,32,2,False,False,0.2,0.2,16,10,7,38,9,0.2368421052631578,-0.0040068675039463
Only UNet,U-Net,UNet,32,2,False,False,0.2,0.2,16,10,8,33,21,0.6363636363636364,0.0063769870275933
Only UNet,U-Net,UNet,32,2,False,False,0.2,0.2,16,10,9,28,25,0.8928571428571429,0.0375018728494291
Only UNet,U-Net,UNet,32,2,False,False,0.2,0.2,16,10,10,31,19,0.6129032258064516,-0.0490675991656646
Only UNet,U-Net,UNet,32,2,False,False,0.2,0.2,16,10,11,29,16,0.5517241379310345,-0.007264480583064
Only UNet,U-Net,UNet,32,2,False,False,0.2,0.2,16,10,12,29,21,0.7241379310344828,0.0610828374990585
Only UNet,U-Net,UNet,32,2,False,False,0.2,0.2,16,10,13,28,30,1.0714285714285714,-0.0197461673873564
Only UNet,U-Net,UNet,32,2,False,False,0.2,0.2,16,10,14,29,24,0.8275862068965517,-0.0228494171491229
Only UNet,U-Net,UNet,32,2,False,False,0.2,0.2,16,10,15,42,9,0.2142857142857142,0.0144943547235457
Only UNet,U-Net,UNet,32,2,False,False,0.2,0.2,16,10,16,58,12,0.2068965517241379,0.0442141076328585
Only UNet,U-Net,UNet,32,2,False,False,0.2,0.2,16,10,17,35,15,0.4285714285714285,0.0039108725232157
Only UNet,U-Net,UNet,32,2,False,False,0.2,0.2,16,10,18,17,11,0.6470588235294118,-0.0102346583549298
Only UNet,U-Net,UNet,32,2,False,False,0.2,0.2,16,10,19,17,8,0.4705882352941176,0.0039622957251463
Only UNet,U-Net,UNet,32,2,False,False,0.2,0.2,16,10,20,27,20,0.7407407407407407,0.0109631556227089
Only UNet,U-Net,UNet,32,2,False,False,0.2,0.2,16,10,21,40,28,0.7,0.0206545910949195
Only UNet,U-Net,UNet,32,2,False,False,0.2,0.2,16,10,22,45,15,0.3333333333333333,0.0035202867296962
Only UNet,U-Net,UNet,32,2,False,False,0.2,0.2,16,10,23,23,26,1.1304347826086956,-0.0284440466719703
Only UNet,U-Net,UNet,32,2,False,False,0.2,0.2,16,10,24,20,12,0.6,-0.0079702017252099
Only UNet,U-Net,UNet,32,2,False,False,0.2,0.2,16,10,25,18,10,0.5555555555555556,-0.0012008884220946
Only UNet,U-Net,UNet,32,2,False,False,0.2,0.2,16,10,26,34,6,0.1764705882352941,0.093306602801703
Only UNet,U-Net,UNet,32,2,False,False,0.2,0.2,16,10,27,35,15,0.4285714285714285,0.0799701487964318
Only UNet,U-Net,UNet,32,2,False,False,0.2,0.2,16,10,28,33,31,0.9393939393939394,0.0097040081679097
Only UNet,U-Net,UNet,32,2,False,False,0.2,0.2,16,10,29,40,11,0.275,0.0051741399574517
Only UNet,U-Net,UNet,32,2,False,False,0.2,0.2,16,10,30,19,7,0.3684210526315789,0.0376126278697126
Only UNet,U-Net,UNet,32,2,False,False,0.2,0.2,16,10,31,37,24,0.6486486486486487,-0.0102126850648764
Only UNet,U-Net,UNet,32,2,False,False,0.2,0.2,16,10,32,37,21,0.5675675675675675,-0.0254497834495178
Only UNet,U-Net,UNet,32,2,False,False,0.2,0.2,16,10,33,31,14,0.4516129032258064,0.011117316314803
Only UNet,U-Net,UNet,32,2,False,False,0.2,0.2,16,10,34,25,16,0.64,0.0827059716752167
Only UNet,U-Net,UNet,32,2,False,False,0.2,0.2,16,10,35,25,11,0.44,-0.0416899741103476
Only UNet,U-Net,UNet,32,2,False,False,0.2,0.2,16,10,36,26,14,0.5384615384615384,-0.0155164887208038
Only UNet,U-Net,UNet,32,2,False,False,0.2,0.2,16,10,37,27,22,0.8148148148148148,-0.0069433401502125
Only UNet,U-Net,UNet,32,2,False,False,0.2,0.2,16,10,38,44,24,0.5454545454545454,-0.0126086467060001
Only UNet,U-Net,UNet,32,2,False,False,0.2,0.2,16,10,39,19,12,0.631578947368421,-0.002755440608938
Only UNet,U-Net,UNet,32,2,False,False,0.2,0.2,16,10,40,41,23,0.5609756097560976,0.0005828957525455
Only UNet,U-Net,UNet,32,2,False,False,0.2,0.2,16,10,41,32,40,1.25,0.0181869163946353
Only UNet,U-Net,UNet,32,2,False,False,0.2,0.2,16,10,42,32,28,0.875,0.0215868914428093
Only UNet,U-Net,UNet,32,2,False,False,0.2,0.2,16,10,43,28,33,1.1785714285714286,0.0059642477950391
Only UNet,U-Net,UNet,32,2,False,False,0.2,0.2,16,10,44,41,19,0.4634146341463415,-0.0118171273426628
Only UNet,U-Net,UNet,32,2,False,False,0.2,0.2,16,10,45,30,17,0.5666666666666667,0.0807303485658522
Only UNet,U-Net,UNet,32,2,False,False,0.2,0.2,16,10,46,21,12,0.5714285714285714,0.0176375253683996
Only UNet,U-Net,UNet,32,2,False,False,0.2,0.2,16,10,47,28,7,0.25,-0.0130432157635889
Only UNet,U-Net,UNet,32,2,False,False,0.2,0.2,16,10,48,17,73,4.294117647058823,0.0481521164848489
Only UNet,U-Net,UNet,32,2,False,False,0.2,0.2,16,10,49,20,16,0.8,0.0287222715810022
Only UNet,U-Net,UNet,32,2,False,False,0.2,0.2,16,10,50,34,14,0.4117647058823529,0.0199539335255168
Only UNet,U-Net,UNet,32,2,False,False,0.2,0.2,16,10,51,41,22,0.5365853658536586,0.0127629080557633
Only UNet,U-Net,UNet,32,2,False,False,0.2,0.2,16,10,52,46,11,0.2391304347826087,0.0732858780721565
Only UNet,U-Net,UNet,32,2,False,False,0.2,0.2,16,10,53,18,14,0.7777777777777778,0.0022694298061808
Only UNet,U-Net,UNet,32,2,False,False,0.2,0.2,16,10,54,30,16,0.5333333333333333,-0.0498096362532768
Only UNet,U-Net,UNet,32,2,False,False,0.2,0.2,16,10,55,40,36,0.9,0.1403337829320839
Only UNet,U-Net,UNet,32,2,False,False,0.2,0.2,16,10,56,29,16,0.5517241379310345,-0.0109052874291406
Only UNet,U-Net,UNet,32,2,False,False,0.2,0.2,16,10,57,38,20,0.5263157894736842,0.0120882993025663
Only UNet,U-Net,UNet,32,2,False,False,0.2,0.2,16,10,58,29,58,2.0,0.0183392386486852
Only UNet,U-Net,UNet,32,2,False,False,0.2,0.2,16,10,59,25,26,1.04,0.0234945173932594
Only UNet,U-Net,UNet,32,2,False,False,0.2,0.2,16,10,60,35,22,0.6285714285714286,-0.0147476511460842
Only UNet,U-Net,UNet,32,2,False,False,0.2,0.2,16,10,61,18,35,1.9444444444444444,0.0116297162076418
Only UNet,U-Net,UNet,32,2,False,False,0.2,0.2,16,10,62,24,22,0.9166666666666666,-0.0056812136443749
Only UNet,U-Net,UNet,32,2,False,False,0.2,0.2,16,10,63,15,8,0.5333333333333333,0.006241846114073
Only UNet,U-Net,UNet,32,2,False,False,0.2,0.2,16,10,64,22,17,0.7727272727272727,-0.0076545936179981
Only UNet,U-Net,UNet,32,2,False,False,0.2,0.2,16,10,65,20,8,0.4,-0.042597646817265
Only UNet,U-Net,UNet,32,2,False,False,0.2,0.2,16,10,66,31,14,0.4516129032258064,0.0057855304899912
Only UNet,U-Net,UNet,32,2,False,False,0.2,0.2,16,10,67,46,28,0.6086956521739131,0.0228897156862278
Only UNet,U-Net,UNet,32,2,False,False,0.2,0.2,16,10,68,29,29,1.0,0.0478160117496778
Only UNet,U-Net,UNet,32,2,False,False,0.2,0.2,16,10,69,50,14,0.28,0.0687403494960893
Only UNet,U-Net,UNet,32,2,False,False,0.2,0.2,16,10,70,31,14,0.4516129032258064,0.056272645332297
Only UNet,U-Net,UNet,32,2,False,False,0.2,0.2,16,10,71,41,22,0.5365853658536586,-0.029591270665575
Only UNet,U-Net,UNet,32,2,False,False,0.2,0.2,16,10,72,38,22,0.5789473684210527,0.0198867483241093
Only UNet,U-Net,UNet,32,2,False,False,0.2,0.2,16,10,73,44,17,0.3863636363636363,-0.0008830947774637
Only UNet,U-Net,UNet,32,2,False,False,0.2,0.2,16,10,74,37,16,0.4324324324324324,0.0049731137464104
Only UNet,U-Net,UNet,32,2,False,False,0.2,0.2,16,10,75,29,23,0.7931034482758621,0.01078043903867
Only UNet,U-Net,UNet,32,2,False,False,0.2,0.2,16,10,76,28,27,0.9642857142857144,0.0077325770332296
Only UNet,U-Net,UNet,32,2,False,False,0.2,0.2,16,10,77,18,13,0.7222222222222222,-0.0129066626095128
Only UNet,U-Net,UNet,32,2,False,False,0.2,0.2,16,10,78,37,20,0.5405405405405406,-0.0003651832974581
Only UNet,U-Net,UNet,32,2,False,False,0.2,0.2,16,10,79,24,9,0.375,0.0172251112290451
Only UNet,U-Net,UNet,32,2,False,False,0.2,0.2,16,10,80,38,8,0.2105263157894736,0.0928717920446652
Only UNet,U-Net,UNet,32,2,False,False,0.2,0.2,16,10,81,25,13,0.52,0.0224437607613773
Only UNet,U-Net,UNet,32,2,False,False,0.2,0.2,16,10,82,29,11,0.3793103448275862,0.004154640208619
Only UNet,U-Net,UNet,32,2,False,False,0.2,0.2,16,10,83,34,10,0.2941176470588235,-0.0021114194036339
Only UNet,U-Net,UNet,32,2,False,False,0.2,0.2,16,10,84,21,12,0.5714285714285714,0.0086970803622919
Only UNet,U-Net,UNet,32,2,False,False,0.2,0.2,16,10,85,22,9,0.4090909090909091,0.0031157405378999
Only UNet,U-Net,UNet,32,2,False,False,0.2,0.2,16,10,86,41,25,0.6097560975609756,0.0292440215526593
Only UNet,U-Net,UNet,32,2,False,False,0.2,0.2,16,10,87,28,8,0.2857142857142857,0.0748472236941365
Only UNet,U-Net,UNet,32,2,False,False,0.2,0.2,16,10,88,35,15,0.4285714285714285,-0.0288393102773436
Only UNet,U-Net,UNet,32,2,False,False,0.2,0.2,16,10,89,32,14,0.4375,-0.0038116940331589
Only UNet,U-Net,UNet,32,2,False,False,0.2,0.2,16,10,90,29,8,0.2758620689655172,-0.0082249461736172
Only UNet,U-Net,UNet,32,2,False,False,0.2,0.2,16,10,91,19,12,0.631578947368421,0.0321466249441215
Only UNet,U-Net,UNet,32,2,False,False,0.2,0.2,16,10,92,45,18,0.4,0.0322907771997808
Only UNet,U-Net,UNet,32,2,False,False,0.2,0.2,16,10,93,25,10,0.4,0.0045645282789397
Only UNet,U-Net,UNet,32,2,False,False,0.2,0.2,16,10,94,32,14,0.4375,0.0970907857780206
Only UNet,U-Net,UNet,32,2,False,False,0.2,0.2,16,10,95,41,13,0.3170731707317073,0.0637363746392933
Only UNet,U-Net,UNet,32,2,False,False,0.2,0.2,16,10,96,16,24,1.5,-0.0187832386474857
Only UNet,U-Net,UNet,32,2,False,False,0.2,0.2,16,10,97,26,15,0.5769230769230769,0.0045148863920296
Only UNet,U-Net,UNet,32,2,False,False,0.2,0.2,16,10,98,25,9,0.36,0.0121524123211114
Only UNet,U-Net,UNet,32,2,False,False,0.2,0.2,16,10,99,61,21,0.3442622950819672,-0.033603132439616
Only UNet,U-Net,UNet,32,2,False,False,0.2,0.2,16,11,0,33,28,0.8484848484848485,0.1336405657051513
Only UNet,U-Net,UNet,32,2,False,False,0.2,0.2,16,11,1,34,26,0.7647058823529411,0.0028320687020804
Only UNet,U-Net,UNet,32,2,False,False,0.2,0.2,16,11,2,29,15,0.5172413793103449,-0.00124017063595
Only UNet,U-Net,UNet,32,2,False,False,0.2,0.2,16,11,3,28,22,0.7857142857142857,-0.0176550161478743
Only UNet,U-Net,UNet,32,2,False,False,0.2,0.2,16,11,4,36,34,0.9444444444444444,0.0102847432016409
Only UNet,U-Net,UNet,32,2,False,False,0.2,0.2,16,11,5,42,8,0.1904761904761904,0.0032821435657771
Only UNet,U-Net,UNet,32,2,False,False,0.2,0.2,16,11,6,28,18,0.6428571428571429,0.013184768623217
Only UNet,U-Net,UNet,32,2,False,False,0.2,0.2,16,11,7,38,16,0.4210526315789473,0.0053051058384771
Only UNet,U-Net,UNet,32,2,False,False,0.2,0.2,16,11,8,33,24,0.7272727272727273,0.0290639942999926
Only UNet,U-Net,UNet,32,2,False,False,0.2,0.2,16,11,9,28,23,0.8214285714285714,0.0414359431349123
Only UNet,U-Net,UNet,32,2,False,False,0.2,0.2,16,11,10,31,13,0.4193548387096774,-0.0583144508456521
Only UNet,U-Net,UNet,32,2,False,False,0.2,0.2,16,11,11,29,34,1.1724137931034482,0.0244824162391878
Only UNet,U-Net,UNet,32,2,False,False,0.2,0.2,16,11,12,29,8,0.2758620689655172,0.0235770542602296
Only UNet,U-Net,UNet,32,2,False,False,0.2,0.2,16,11,13,28,54,1.9285714285714288,-0.0359111079554107
Only UNet,U-Net,UNet,32,2,False,False,0.2,0.2,16,11,14,29,24,0.8275862068965517,0.0313385331972549
Only UNet,U-Net,UNet,32,2,False,False,0.2,0.2,16,11,15,42,11,0.2619047619047619,0.0016258938826428
Only UNet,U-Net,UNet,32,2,False,False,0.2,0.2,16,11,16,58,39,0.6724137931034483,0.0216602667610515
Only UNet,U-Net,UNet,32,2,False,False,0.2,0.2,16,11,17,35,20,0.5714285714285714,0.0068029508144428
Only UNet,U-Net,UNet,32,2,False,False,0.2,0.2,16,11,18,17,12,0.7058823529411765,0.0075777636689614
Only UNet,U-Net,UNet,32,2,False,False,0.2,0.2,16,11,19,17,12,0.7058823529411765,0.0808803439430708
Only UNet,U-Net,UNet,32,2,False,False,0.2,0.2,16,11,20,27,22,0.8148148148148148,0.0086978396579621
Only UNet,U-Net,UNet,32,2,False,False,0.2,0.2,16,11,21,40,25,0.625,-0.0389646837966049
Only UNet,U-Net,UNet,32,2,False,False,0.2,0.2,16,11,22,45,13,0.2888888888888888,0.0182697392177314
Only UNet,U-Net,UNet,32,2,False,False,0.2,0.2,16,11,23,23,22,0.9565217391304348,0.0104346032587878
Only UNet,U-Net,UNet,32,2,False,False,0.2,0.2,16,11,24,20,0,0.0,0.0334759555652595
Only UNet,U-Net,UNet,32,2,False,False,0.2,0.2,16,11,25,18,12,0.6666666666666666,0.0019568553433799
Only UNet,U-Net,UNet,32,2,False,False,0.2,0.2,16,11,26,34,12,0.3529411764705882,0.0631502289545668
Only UNet,U-Net,UNet,32,2,False,False,0.2,0.2,16,11,27,35,23,0.6571428571428571,0.1559053202860938
Only UNet,U-Net,UNet,32,2,False,False,0.2,0.2,16,11,28,33,17,0.5151515151515151,0.0119777030212552
Only UNet,U-Net,UNet,32,2,False,False,0.2,0.2,16,11,29,40,30,0.75,-0.0129949396605282
Only UNet,U-Net,UNet,32,2,False,False,0.2,0.2,16,11,30,19,8,0.4210526315789473,0.0416240943174419
Only UNet,U-Net,UNet,32,2,False,False,0.2,0.2,16,11,31,37,15,0.4054054054054054,-0.0072057538862006
Only UNet,U-Net,UNet,32,2,False,False,0.2,0.2,16,11,32,37,15,0.4054054054054054,-0.0364795331079597
Only UNet,U-Net,UNet,32,2,False,False,0.2,0.2,16,11,33,31,13,0.4193548387096774,-0.0075786400741092
Only UNet,U-Net,UNet,32,2,False,False,0.2,0.2,16,11,34,25,12,0.48,0.0602863552176137
Only UNet,U-Net,UNet,32,2,False,False,0.2,0.2,16,11,35,25,16,0.64,0.0060769085159269
Only UNet,U-Net,UNet,32,2,False,False,0.2,0.2,16,11,36,26,18,0.6923076923076923,-0.0147850895159352
Only UNet,U-Net,UNet,32,2,False,False,0.2,0.2,16,11,37,27,15,0.5555555555555556,0.0010729363281695
Only UNet,U-Net,UNet,32,2,False,False,0.2,0.2,16,11,38,44,52,1.181818181818182,0.055843637276339
Only UNet,U-Net,UNet,32,2,False,False,0.2,0.2,16,11,39,19,8,0.4210526315789473,-0.0036224226813112
Only UNet,U-Net,UNet,32,2,False,False,0.2,0.2,16,11,40,41,27,0.6585365853658537,0.0394632165632595
Only UNet,U-Net,UNet,32,2,False,False,0.2,0.2,16,11,41,32,38,1.1875,0.0147347864866045
Only UNet,U-Net,UNet,32,2,False,False,0.2,0.2,16,11,42,32,33,1.03125,-0.0182915037990211
Only UNet,U-Net,UNet,32,2,False,False,0.2,0.2,16,11,43,28,11,0.3928571428571428,0.0666996970863497
Only UNet,U-Net,UNet,32,2,False,False,0.2,0.2,16,11,44,41,24,0.5853658536585366,-0.0075906379939097
Only UNet,U-Net,UNet,32,2,False,False,0.2,0.2,16,11,45,30,32,1.0666666666666669,0.0192513161362674
Only UNet,U-Net,UNet,32,2,False,False,0.2,0.2,16,11,46,21,18,0.8571428571428571,0.0247104056743231
Only UNet,U-Net,UNet,32,2,False,False,0.2,0.2,16,11,47,28,11,0.3928571428571428,0.0101144708827214
Only UNet,U-Net,UNet,32,2,False,False,0.2,0.2,16,11,48,17,51,3.0,0.0554937605559182
Only UNet,U-Net,UNet,32,2,False,False,0.2,0.2,16,11,49,20,12,0.6,0.0236601154129027
Only UNet,U-Net,UNet,32,2,False,False,0.2,0.2,16,11,50,34,21,0.6176470588235294,-0.0257159668329462
Only UNet,U-Net,UNet,32,2,False,False,0.2,0.2,16,11,51,41,33,0.8048780487804879,0.0461146930244544
Only UNet,U-Net,UNet,32,2,False,False,0.2,0.2,16,11,52,46,20,0.4347826086956521,0.1040365553952814
Only UNet,U-Net,UNet,32,2,False,False,0.2,0.2,16,11,53,18,14,0.7777777777777778,0.0108685120022196
Only UNet,U-Net,UNet,32,2,False,False,0.2,0.2,16,11,54,30,26,0.8666666666666667,-0.0422743192958134
Only UNet,U-Net,UNet,32,2,False,False,0.2,0.2,16,11,55,40,16,0.4,0.1323479426836291
Only UNet,U-Net,UNet,32,2,False,False,0.2,0.2,16,11,56,29,22,0.7586206896551724,-0.0551405047445927
Only UNet,U-Net,UNet,32,2,False,False,0.2,0.2,16,11,57,38,20,0.5263157894736842,0.0072407082187452
Only UNet,U-Net,UNet,32,2,False,False,0.2,0.2,16,11,58,29,19,0.6551724137931034,-0.0094312670557054
Only UNet,U-Net,UNet,32,2,False,False,0.2,0.2,16,11,59,25,36,1.44,0.0539903414681871
Only UNet,U-Net,UNet,32,2,False,False,0.2,0.2,16,11,60,35,21,0.6,-0.0099546873121242
Only UNet,U-Net,UNet,32,2,False,False,0.2,0.2,16,11,61,18,30,1.6666666666666667,-0.0092693169687701
Only UNet,U-Net,UNet,32,2,False,False,0.2,0.2,16,11,62,24,12,0.5,-0.0147038960009593
Only UNet,U-Net,UNet,32,2,False,False,0.2,0.2,16,11,63,15,14,0.9333333333333332,0.0082049554142339
Only UNet,U-Net,UNet,32,2,False,False,0.2,0.2,16,11,64,22,15,0.6818181818181818,0.0190559700161516
Only UNet,U-Net,UNet,32,2,False,False,0.2,0.2,16,11,65,20,13,0.65,-0.0414045877826325
Only UNet,U-Net,UNet,32,2,False,False,0.2,0.2,16,11,66,31,11,0.3548387096774194,0.013681428833063
Only UNet,U-Net,UNet,32,2,False,False,0.2,0.2,16,11,67,46,20,0.4347826086956521,0.0593737174639971
Only UNet,U-Net,UNet,32,2,False,False,0.2,0.2,16,11,68,29,31,1.0689655172413792,0.0019094351938865
Only UNet,U-Net,UNet,32,2,False,False,0.2,0.2,16,11,69,50,22,0.44,0.0528480176111799
Only UNet,U-Net,UNet,32,2,False,False,0.2,0.2,16,11,70,31,28,0.9032258064516128,0.0021929275790908
Only UNet,U-Net,UNet,32,2,False,False,0.2,0.2,16,11,71,41,29,0.7073170731707317,-0.0583410284652968
Only UNet,U-Net,UNet,32,2,False,False,0.2,0.2,16,11,72,38,26,0.6842105263157895,-0.0083502159838124
Only UNet,U-Net,UNet,32,2,False,False,0.2,0.2,16,11,73,44,25,0.5681818181818182,-0.0199746814848376
Only UNet,U-Net,UNet,32,2,False,False,0.2,0.2,16,11,74,37,20,0.5405405405405406,0.0101810307231624
Only UNet,U-Net,UNet,32,2,False,False,0.2,0.2,16,11,75,29,47,1.6206896551724137,-7.880988573435795e-05
Only UNet,U-Net,UNet,32,2,False,False,0.2,0.2,16,11,76,28,20,0.7142857142857143,0.0407088468172953
Only UNet,U-Net,UNet,32,2,False,False,0.2,0.2,16,11,77,18,8,0.4444444444444444,0.0001250715117348
Only UNet,U-Net,UNet,32,2,False,False,0.2,0.2,16,11,78,37,22,0.5945945945945946,0.0506713542436688
Only UNet,U-Net,UNet,32,2,False,False,0.2,0.2,16,11,79,24,9,0.375,0.0192169568054399
Only UNet,U-Net,UNet,32,2,False,False,0.2,0.2,16,11,80,38,9,0.2368421052631578,0.0420072695000105
Only UNet,U-Net,UNet,32,2,False,False,0.2,0.2,16,11,81,25,13,0.52,0.0882567880955308
Only UNet,U-Net,UNet,32,2,False,False,0.2,0.2,16,11,82,29,19,0.6551724137931034,0.0163165717092872
Only UNet,U-Net,UNet,32,2,False,False,0.2,0.2,16,11,83,34,22,0.6470588235294118,0.0220111593128015
Only UNet,U-Net,UNet,32,2,False,False,0.2,0.2,16,11,84,21,14,0.6666666666666666,0.0053537218304681
Only UNet,U-Net,UNet,32,2,False,False,0.2,0.2,16,11,85,22,9,0.4090909090909091,0.0102633917789999
Only UNet,U-Net,UNet,32,2,False,False,0.2,0.2,16,11,86,41,16,0.3902439024390244,0.0471652366990925
Only UNet,U-Net,UNet,32,2,False,False,0.2,0.2,16,11,87,28,10,0.3571428571428571,0.0627113567965328
Only UNet,U-Net,UNet,32,2,False,False,0.2,0.2,16,11,88,35,24,0.6857142857142857,-0.0045133884136679
Only UNet,U-Net,UNet,32,2,False,False,0.2,0.2,16,11,89,32,25,0.78125,-0.0133945223019362
Only UNet,U-Net,UNet,32,2,False,False,0.2,0.2,16,11,90,29,10,0.3448275862068966,0.0531929539017723
Only UNet,U-Net,UNet,32,2,False,False,0.2,0.2,16,11,91,19,26,1.368421052631579,0.0409309506416476
Only UNet,U-Net,UNet,32,2,False,False,0.2,0.2,16,11,92,45,27,0.6,-0.0613998175936751
Only UNet,U-Net,UNet,32,2,False,False,0.2,0.2,16,11,93,25,10,0.4,0.0045420765485764
Only UNet,U-Net,UNet,32,2,False,False,0.2,0.2,16,11,94,32,23,0.71875,0.1448170128787214
Only UNet,U-Net,UNet,32,2,False,False,0.2,0.2,16,11,95,41,15,0.3658536585365853,0.0284684318074052
Only UNet,U-Net,UNet,32,2,False,False,0.2,0.2,16,11,96,16,35,2.1875,0.005407736655049
Only UNet,U-Net,UNet,32,2,False,False,0.2,0.2,16,11,97,26,10,0.3846153846153846,0.0025270174292667
Only UNet,U-Net,UNet,32,2,False,False,0.2,0.2,16,11,98,25,15,0.6,-0.0158112299936224
Only UNet,U-Net,UNet,32,2,False,False,0.2,0.2,16,11,99,61,15,0.2459016393442623,0.0305664629357735
Only UNet,U-Net,UNet,32,2,False,False,0.2,0.2,16,12,0,33,25,0.7575757575757576,0.0497646194008384
Only UNet,U-Net,UNet,32,2,False,False,0.2,0.2,16,12,1,34,26,0.7647058823529411,0.0140793981970267
Only UNet,U-Net,UNet,32,2,False,False,0.2,0.2,16,12,2,29,12,0.4137931034482758,0.236970122621128
Only UNet,U-Net,UNet,32,2,False,False,0.2,0.2,16,12,3,28,18,0.6428571428571429,-0.0241178689393525
Only UNet,U-Net,UNet,32,2,False,False,0.2,0.2,16,12,4,36,18,0.5,0.0530228799860997
Only UNet,U-Net,UNet,32,2,False,False,0.2,0.2,16,12,5,42,14,0.3333333333333333,-0.0088084664550743
Only UNet,U-Net,UNet,32,2,False,False,0.2,0.2,16,12,6,28,11,0.3928571428571428,0.0210116690731564
Only UNet,U-Net,UNet,32,2,False,False,0.2,0.2,16,12,7,38,14,0.3684210526315789,0.045029391431926
Only UNet,U-Net,UNet,32,2,False,False,0.2,0.2,16,12,8,33,14,0.4242424242424242,0.005009303568986
Only UNet,U-Net,UNet,32,2,False,False,0.2,0.2,16,12,9,28,26,0.9285714285714286,0.0066681632838297
Only UNet,U-Net,UNet,32,2,False,False,0.2,0.2,16,12,10,31,27,0.8709677419354839,-0.0636410372480733
Only UNet,U-Net,UNet,32,2,False,False,0.2,0.2,16,12,11,29,8,0.2758620689655172,0.0113808353733441
Only UNet,U-Net,UNet,32,2,False,False,0.2,0.2,16,12,12,29,10,0.3448275862068966,0.0186686535902705
Only UNet,U-Net,UNet,32,2,False,False,0.2,0.2,16,12,13,28,22,0.7857142857142857,-0.0386279911383093
Only UNet,U-Net,UNet,32,2,False,False,0.2,0.2,16,12,14,29,35,1.206896551724138,0.0067958497369176
Only UNet,U-Net,UNet,32,2,False,False,0.2,0.2,16,12,15,42,7,0.1666666666666666,0.0381699010039021
Only UNet,U-Net,UNet,32,2,False,False,0.2,0.2,16,12,16,58,12,0.2068965517241379,0.0234815208646523
Only UNet,U-Net,UNet,32,2,False,False,0.2,0.2,16,12,17,35,16,0.4571428571428571,0.0024148470592407
Only UNet,U-Net,UNet,32,2,False,False,0.2,0.2,16,12,18,17,14,0.8235294117647058,0.004901022636575
Only UNet,U-Net,UNet,32,2,False,False,0.2,0.2,16,12,19,17,25,1.4705882352941178,0.0188228598735189
Only UNet,U-Net,UNet,32,2,False,False,0.2,0.2,16,12,20,27,20,0.7407407407407407,0.0011856264776014
Only UNet,U-Net,UNet,32,2,False,False,0.2,0.2,16,12,21,40,14,0.35,0.0603298831562605
Only UNet,U-Net,UNet,32,2,False,False,0.2,0.2,16,12,22,45,14,0.3111111111111111,0.0232961170529714
Only UNet,U-Net,UNet,32,2,False,False,0.2,0.2,16,12,23,23,15,0.6521739130434783,0.0715950676213206
Only UNet,U-Net,UNet,32,2,False,False,0.2,0.2,16,12,24,20,58,2.9,0.2538994370107
Only UNet,U-Net,UNet,32,2,False,False,0.2,0.2,16,12,25,18,13,0.7222222222222222,0.0125731767099135
Only UNet,U-Net,UNet,32,2,False,False,0.2,0.2,16,12,26,34,12,0.3529411764705882,0.033291532794692
Only UNet,U-Net,UNet,32,2,False,False,0.2,0.2,16,12,27,35,19,0.5428571428571428,-0.012437740950455
Only UNet,U-Net,UNet,32,2,False,False,0.2,0.2,16,12,28,33,28,0.8484848484848485,-0.0057636042325093
Only UNet,U-Net,UNet,32,2,False,False,0.2,0.2,16,12,29,40,10,0.25,0.0018767834906256
Only UNet,U-Net,UNet,32,2,False,False,0.2,0.2,16,12,30,19,8,0.4210526315789473,0.0460718981076447
Only UNet,U-Net,UNet,32,2,False,False,0.2,0.2,16,12,31,37,22,0.5945945945945946,-0.0014434108055232
Only UNet,U-Net,UNet,32,2,False,False,0.2,0.2,16,12,32,37,12,0.3243243243243243,-0.0142853165490951
Only UNet,U-Net,UNet,32,2,False,False,0.2,0.2,16,12,33,31,10,0.3225806451612903,-0.0116835269005529
Only UNet,U-Net,UNet,32,2,False,False,0.2,0.2,16,12,34,25,12,0.48,0.0725832432324297
Only UNet,U-Net,UNet,32,2,False,False,0.2,0.2,16,12,35,25,17,0.68,-0.0250266366892891
Only UNet,U-Net,UNet,32,2,False,False,0.2,0.2,16,12,36,26,16,0.6153846153846154,-0.00365492612423
Only UNet,U-Net,UNet,32,2,False,False,0.2,0.2,16,12,37,27,18,0.6666666666666666,0.0013537715218233
Only UNet,U-Net,UNet,32,2,False,False,0.2,0.2,16,12,38,44,31,0.7045454545454546,0.0046307916353861
Only UNet,U-Net,UNet,32,2,False,False,0.2,0.2,16,12,39,19,10,0.5263157894736842,-0.0030033291274589
Only UNet,U-Net,UNet,32,2,False,False,0.2,0.2,16,12,40,41,17,0.4146341463414634,0.0311550728827801
Only UNet,U-Net,UNet,32,2,False,False,0.2,0.2,16,12,41,32,25,0.78125,0.0286129850995152
Only UNet,U-Net,UNet,32,2,False,False,0.2,0.2,16,12,42,32,16,0.5,0.0157533878262715
Only UNet,U-Net,UNet,32,2,False,False,0.2,0.2,16,12,43,28,13,0.4642857142857143,-0.0251959691958
Only UNet,U-Net,UNet,32,2,False,False,0.2,0.2,16,12,44,41,11,0.2682926829268293,0.0007544408830513
Only UNet,U-Net,UNet,32,2,False,False,0.2,0.2,16,12,45,30,13,0.4333333333333333,0.0067749938962337
Only UNet,U-Net,UNet,32,2,False,False,0.2,0.2,16,12,46,21,18,0.8571428571428571,-0.0156064477269998
Only UNet,U-Net,UNet,32,2,False,False,0.2,0.2,16,12,47,28,24,0.8571428571428571,0.0231919878396392
Only UNet,U-Net,UNet,32,2,False,False,0.2,0.2,16,12,48,17,10,0.5882352941176471,0.103812142083589
Only UNet,U-Net,UNet,32,2,False,False,0.2,0.2,16,12,49,20,7,0.35,0.0004743682701902
Only UNet,U-Net,UNet,32,2,False,False,0.2,0.2,16,12,50,34,13,0.3823529411764705,0.0297133936141151
Only UNet,U-Net,UNet,32,2,False,False,0.2,0.2,16,12,51,41,24,0.5853658536585366,-0.0060289020012322
Only UNet,U-Net,UNet,32,2,False,False,0.2,0.2,16,12,52,46,21,0.4565217391304347,0.0294601560666807
Only UNet,U-Net,UNet,32,2,False,False,0.2,0.2,16,12,53,18,12,0.6666666666666666,0.0029594514260972
Only UNet,U-Net,UNet,32,2,False,False,0.2,0.2,16,12,54,30,11,0.3666666666666666,0.0138556105714865
Only UNet,U-Net,UNet,32,2,False,False,0.2,0.2,16,12,55,40,14,0.35,0.0041006436894041
Only UNet,U-Net,UNet,32,2,False,False,0.2,0.2,16,12,56,29,18,0.6206896551724138,-0.0116462205256798
Only UNet,U-Net,UNet,32,2,False,False,0.2,0.2,16,12,57,38,15,0.3947368421052631,0.0068316180389301
Only UNet,U-Net,UNet,32,2,False,False,0.2,0.2,16,12,58,29,11,0.3793103448275862,0.0092703510075567
Only UNet,U-Net,UNet,32,2,False,False,0.2,0.2,16,12,59,25,16,0.64,-0.0086363050541957
Only UNet,U-Net,UNet,32,2,False,False,0.2,0.2,16,12,60,35,35,1.0,-0.0090885579185912
Only UNet,U-Net,UNet,32,2,False,False,0.2,0.2,16,12,61,18,16,0.8888888888888888,-0.0088465730173416
Only UNet,U-Net,UNet,32,2,False,False,0.2,0.2,16,12,62,24,9,0.375,-0.0183757226066896
Only UNet,U-Net,UNet,32,2,False,False,0.2,0.2,16,12,63,15,14,0.9333333333333332,0.0106956783128968
Only UNet,U-Net,UNet,32,2,False,False,0.2,0.2,16,12,64,22,10,0.4545454545454545,-0.0019147314495354
Only UNet,U-Net,UNet,32,2,False,False,0.2,0.2,16,12,65,20,14,0.7,-0.0133567241953675
Only UNet,U-Net,UNet,32,2,False,False,0.2,0.2,16,12,66,31,10,0.3225806451612903,0.0028489088889465
Only UNet,U-Net,UNet,32,2,False,False,0.2,0.2,16,12,67,46,26,0.5652173913043478,0.0107604557950038
Only UNet,U-Net,UNet,32,2,False,False,0.2,0.2,16,12,68,29,33,1.137931034482759,0.0324363137073947
Only UNet,U-Net,UNet,32,2,False,False,0.2,0.2,16,12,69,50,24,0.48,0.0354563310860464
Only UNet,U-Net,UNet,32,2,False,False,0.2,0.2,16,12,70,31,24,0.7741935483870968,0.0146391949597351
Only UNet,U-Net,UNet,32,2,False,False,0.2,0.2,16,12,71,41,47,1.146341463414634,-0.0774081515449323
Only UNet,U-Net,UNet,32,2,False,False,0.2,0.2,16,12,72,38,18,0.4736842105263157,-0.0514538704062237
Only UNet,U-Net,UNet,32,2,False,False,0.2,0.2,16,12,73,44,17,0.3863636363636363,-0.0036877106984925
Only UNet,U-Net,UNet,32,2,False,False,0.2,0.2,16,12,74,37,9,0.2432432432432432,0.0038605992360492
Only UNet,U-Net,UNet,32,2,False,False,0.2,0.2,16,12,75,29,12,0.4137931034482758,0.0076571144127345
Only UNet,U-Net,UNet,32,2,False,False,0.2,0.2,16,12,76,28,27,0.9642857142857144,0.1202319596314838
Only UNet,U-Net,UNet,32,2,False,False,0.2,0.2,16,12,77,18,7,0.3888888888888889,-0.0164683581595997
Only UNet,U-Net,UNet,32,2,False,False,0.2,0.2,16,12,78,37,19,0.5135135135135135,-0.0524380495603517
Only UNet,U-Net,UNet,32,2,False,False,0.2,0.2,16,12,79,24,13,0.5416666666666666,0.0250646631628934
Only UNet,U-Net,UNet,32,2,False,False,0.2,0.2,16,12,80,38,16,0.4210526315789473,0.0352259052349919
Only UNet,U-Net,UNet,32,2,False,False,0.2,0.2,16,12,81,25,10,0.4,0.0861332158125543
Only UNet,U-Net,UNet,32,2,False,False,0.2,0.2,16,12,82,29,14,0.4827586206896552,-0.00100473030898
Only UNet,U-Net,UNet,32,2,False,False,0.2,0.2,16,12,83,34,14,0.4117647058823529,0.0069514539502143
Only UNet,U-Net,UNet,32,2,False,False,0.2,0.2,16,12,84,21,11,0.5238095238095238,0.0073886080374759
Only UNet,U-Net,UNet,32,2,False,False,0.2,0.2,16,12,85,22,8,0.3636363636363636,0.0230331550521434
Only UNet,U-Net,UNet,32,2,False,False,0.2,0.2,16,12,86,41,32,0.7804878048780488,0.0024811994982019
Only UNet,U-Net,UNet,32,2,False,False,0.2,0.2,16,12,87,28,11,0.3928571428571428,0.01883768612132
Only UNet,U-Net,UNet,32,2,False,False,0.2,0.2,16,12,88,35,12,0.3428571428571428,-0.0066026404050229
Only UNet,U-Net,UNet,32,2,False,False,0.2,0.2,16,12,89,32,37,1.15625,-0.0179982524523735
Only UNet,U-Net,UNet,32,2,False,False,0.2,0.2,16,12,90,29,17,0.5862068965517241,0.0311462790613405
Only UNet,U-Net,UNet,32,2,False,False,0.2,0.2,16,12,91,19,30,1.5789473684210529,0.0433024193988028
Only UNet,U-Net,UNet,32,2,False,False,0.2,0.2,16,12,92,45,30,0.6666666666666666,0.0324406083043454
Only UNet,U-Net,UNet,32,2,False,False,0.2,0.2,16,12,93,25,9,0.36,-0.0022322932035515
Only UNet,U-Net,UNet,32,2,False,False,0.2,0.2,16,12,94,32,16,0.5,0.0783701223991622
Only UNet,U-Net,UNet,32,2,False,False,0.2,0.2,16,12,95,41,20,0.4878048780487805,0.0499418628619607
Only UNet,U-Net,UNet,32,2,False,False,0.2,0.2,16,12,96,16,25,1.5625,-0.010901143093264
Only UNet,U-Net,UNet,32,2,False,False,0.2,0.2,16,12,97,26,13,0.5,0.0574756188973465
Only UNet,U-Net,UNet,32,2,False,False,0.2,0.2,16,12,98,25,12,0.48,0.0154932111208068
Only UNet,U-Net,UNet,32,2,False,False,0.2,0.2,16,12,99,61,26,0.4262295081967213,0.0236428762134274
Only UNet,U-Net,UNet,32,2,False,False,0.2,0.2,16,13,0,33,18,0.5454545454545454,0.0622357271359915
Only UNet,U-Net,UNet,32,2,False,False,0.2,0.2,16,13,1,34,21,0.6176470588235294,-0.0336579187114319
Only UNet,U-Net,UNet,32,2,False,False,0.2,0.2,16,13,2,29,41,1.4137931034482758,0.0832438459852356
Only UNet,U-Net,UNet,32,2,False,False,0.2,0.2,16,13,3,28,20,0.7142857142857143,0.0135763110883853
Only UNet,U-Net,UNet,32,2,False,False,0.2,0.2,16,13,4,36,23,0.6388888888888888,0.0042303412596293
Only UNet,U-Net,UNet,32,2,False,False,0.2,0.2,16,13,5,42,15,0.3571428571428571,-0.0143986518076207
Only UNet,U-Net,UNet,32,2,False,False,0.2,0.2,16,13,6,28,43,1.5357142857142858,0.0336260079086599
Only UNet,U-Net,UNet,32,2,False,False,0.2,0.2,16,13,7,38,16,0.4210526315789473,0.0489241064355185
Only UNet,U-Net,UNet,32,2,False,False,0.2,0.2,16,13,8,33,9,0.2727272727272727,-0.0018555240041767
Only UNet,U-Net,UNet,32,2,False,False,0.2,0.2,16,13,9,28,25,0.8928571428571429,0.0259208773035869
Only UNet,U-Net,UNet,32,2,False,False,0.2,0.2,16,13,10,31,23,0.7419354838709677,-0.0958550800973671
Only UNet,U-Net,UNet,32,2,False,False,0.2,0.2,16,13,11,29,11,0.3793103448275862,0.0006885840351215
Only UNet,U-Net,UNet,32,2,False,False,0.2,0.2,16,13,12,29,11,0.3793103448275862,0.020831584912292
Only UNet,U-Net,UNet,32,2,False,False,0.2,0.2,16,13,13,28,24,0.8571428571428571,-0.0176639430596904
Only UNet,U-Net,UNet,32,2,False,False,0.2,0.2,16,13,14,29,17,0.5862068965517241,0.0010010891558602
Only UNet,U-Net,UNet,32,2,False,False,0.2,0.2,16,13,15,42,10,0.238095238095238,0.0196488395373634
Only UNet,U-Net,UNet,32,2,False,False,0.2,0.2,16,13,16,58,19,0.3275862068965517,0.0544103452993189
Only UNet,U-Net,UNet,32,2,False,False,0.2,0.2,16,13,17,35,24,0.6857142857142857,-0.0007077385503486
Only UNet,U-Net,UNet,32,2,False,False,0.2,0.2,16,13,18,17,13,0.7647058823529411,0.0210224986755126
Only UNet,U-Net,UNet,32,2,False,False,0.2,0.2,16,13,19,17,15,0.8823529411764706,0.0132672436015762
Only UNet,U-Net,UNet,32,2,False,False,0.2,0.2,16,13,20,27,33,1.2222222222222223,0.0646401904622207
Only UNet,U-Net,UNet,32,2,False,False,0.2,0.2,16,13,21,40,24,0.6,-0.0109953690923906
Only UNet,U-Net,UNet,32,2,False,False,0.2,0.2,16,13,22,45,26,0.5777777777777777,0.008777966709931
Only UNet,U-Net,UNet,32,2,False,False,0.2,0.2,16,13,23,23,23,1.0,-0.0062932761719555
Only UNet,U-Net,UNet,32,2,False,False,0.2,0.2,16,13,24,20,58,2.9,0.2568496908343096
Only UNet,U-Net,UNet,32,2,False,False,0.2,0.2,16,13,25,18,19,1.0555555555555556,0.0014696766607738
Only UNet,U-Net,UNet,32,2,False,False,0.2,0.2,16,13,26,34,5,0.1470588235294117,0.0485960306322313
Only UNet,U-Net,UNet,32,2,False,False,0.2,0.2,16,13,27,35,14,0.4,0.1110506666966804
Only UNet,U-Net,UNet,32,2,False,False,0.2,0.2,16,13,28,33,20,0.6060606060606061,0.0063418625646529
Only UNet,U-Net,UNet,32,2,False,False,0.2,0.2,16,13,29,40,16,0.4,-0.0398704288177121
Only UNet,U-Net,UNet,32,2,False,False,0.2,0.2,16,13,30,19,9,0.4736842105263157,0.0522390318469366
Only UNet,U-Net,UNet,32,2,False,False,0.2,0.2,16,13,31,37,25,0.6756756756756757,-0.0080736776510724
Only UNet,U-Net,UNet,32,2,False,False,0.2,0.2,16,13,32,37,10,0.2702702702702703,-0.0253412113315362
Only UNet,U-Net,UNet,32,2,False,False,0.2,0.2,16,13,33,31,47,1.5161290322580645,0.0284870153547542
Only UNet,U-Net,UNet,32,2,False,False,0.2,0.2,16,13,34,25,17,0.68,0.0741389549986454
Only UNet,U-Net,UNet,32,2,False,False,0.2,0.2,16,13,35,25,12,0.48,-0.0269470283785767
Only UNet,U-Net,UNet,32,2,False,False,0.2,0.2,16,13,36,26,24,0.9230769230769232,-0.0226452247093912
Only UNet,U-Net,UNet,32,2,False,False,0.2,0.2,16,13,37,27,20,0.7407407407407407,-0.0114938185620829
Only UNet,U-Net,UNet,32,2,False,False,0.2,0.2,16,13,38,44,31,0.7045454545454546,-0.0288390562564166
Only UNet,U-Net,UNet,32,2,False,False,0.2,0.2,16,13,39,19,9,0.4736842105263157,-0.0113074549995849
Only UNet,U-Net,UNet,32,2,False,False,0.2,0.2,16,13,40,41,15,0.3658536585365853,0.0053406743947929
Only UNet,U-Net,UNet,32,2,False,False,0.2,0.2,16,13,41,32,22,0.6875,-0.0009679899538643
Only UNet,U-Net,UNet,32,2,False,False,0.2,0.2,16,13,42,32,45,1.40625,0.0113780866505021
Only UNet,U-Net,UNet,32,2,False,False,0.2,0.2,16,13,43,28,8,0.2857142857142857,-0.0419011422054658
Only UNet,U-Net,UNet,32,2,False,False,0.2,0.2,16,13,44,41,12,0.2926829268292683,0.0677186708534084
Only UNet,U-Net,UNet,32,2,False,False,0.2,0.2,16,13,45,30,19,0.6333333333333333,0.0527169146269492
Only UNet,U-Net,UNet,32,2,False,False,0.2,0.2,16,13,46,21,12,0.5714285714285714,0.0141514276811589
Only UNet,U-Net,UNet,32,2,False,False,0.2,0.2,16,13,47,28,10,0.3571428571428571,0.0057182546997176
Only UNet,U-Net,UNet,32,2,False,False,0.2,0.2,16,13,48,17,43,2.5294117647058822,0.0438739608303865
Only UNet,U-Net,UNet,32,2,False,False,0.2,0.2,16,13,49,20,27,1.35,0.0640655235948859
Only UNet,U-Net,UNet,32,2,False,False,0.2,0.2,16,13,50,34,26,0.7647058823529411,-0.0005763989983836
Only UNet,U-Net,UNet,32,2,False,False,0.2,0.2,16,13,51,41,34,0.8292682926829268,-0.0120266252456714
Only UNet,U-Net,UNet,32,2,False,False,0.2,0.2,16,13,52,46,14,0.3043478260869565,0.084447222733163
Only UNet,U-Net,UNet,32,2,False,False,0.2,0.2,16,13,53,18,10,0.5555555555555556,0.0023397346559329
Only UNet,U-Net,UNet,32,2,False,False,0.2,0.2,16,13,54,30,32,1.0666666666666669,-0.0673756617506057
Only UNet,U-Net,UNet,32,2,False,False,0.2,0.2,16,13,55,40,28,0.7,0.0115400030780203
Only UNet,U-Net,UNet,32,2,False,False,0.2,0.2,16,13,56,29,34,1.1724137931034482,-0.0434876917152327
Only UNet,U-Net,UNet,32,2,False,False,0.2,0.2,16,13,57,38,25,0.6578947368421053,-0.0054172562078629
Only UNet,U-Net,UNet,32,2,False,False,0.2,0.2,16,13,58,29,14,0.4827586206896552,-0.0124406811831942
Only UNet,U-Net,UNet,32,2,False,False,0.2,0.2,16,13,59,25,19,0.76,-0.000170978684814
Only UNet,U-Net,UNet,32,2,False,False,0.2,0.2,16,13,60,35,21,0.6,0.007009499331302
Only UNet,U-Net,UNet,32,2,False,False,0.2,0.2,16,13,61,18,10,0.5555555555555556,-0.0029716792516494
Only UNet,U-Net,UNet,32,2,False,False,0.2,0.2,16,13,62,24,14,0.5833333333333334,0.0004682971627622
Only UNet,U-Net,UNet,32,2,False,False,0.2,0.2,16,13,63,15,15,1.0,0.0116679231879104
Only UNet,U-Net,UNet,32,2,False,False,0.2,0.2,16,13,64,22,11,0.5,-0.0041666355579262
Only UNet,U-Net,UNet,32,2,False,False,0.2,0.2,16,13,65,20,9,0.45,-0.0136926567884114
Only UNet,U-Net,UNet,32,2,False,False,0.2,0.2,16,13,66,31,10,0.3225806451612903,0.0034899133889595
Only UNet,U-Net,UNet,32,2,False,False,0.2,0.2,16,13,67,46,10,0.217391304347826,0.0287676866606727
Only UNet,U-Net,UNet,32,2,False,False,0.2,0.2,16,13,68,29,16,0.5517241379310345,0.0228544739374363
Only UNet,U-Net,UNet,32,2,False,False,0.2,0.2,16,13,69,50,29,0.58,0.0299943316923033
Only UNet,U-Net,UNet,32,2,False,False,0.2,0.2,16,13,70,31,16,0.5161290322580645,0.0134557271042351
Only UNet,U-Net,UNet,32,2,False,False,0.2,0.2,16,13,71,41,25,0.6097560975609756,-0.0557639825930005
Only UNet,U-Net,UNet,32,2,False,False,0.2,0.2,16,13,72,38,20,0.5263157894736842,-0.0477634912746988
Only UNet,U-Net,UNet,32,2,False,False,0.2,0.2,16,13,73,44,19,0.4318181818181818,-0.0335155392440187
Only UNet,U-Net,UNet,32,2,False,False,0.2,0.2,16,13,74,37,8,0.2162162162162162,0.0145620015318226
Only UNet,U-Net,UNet,32,2,False,False,0.2,0.2,16,13,75,29,18,0.6206896551724138,0.0731803874259213
Only UNet,U-Net,UNet,32,2,False,False,0.2,0.2,16,13,76,28,12,0.4285714285714285,0.0264252367093431
Only UNet,U-Net,UNet,32,2,False,False,0.2,0.2,16,13,77,18,12,0.6666666666666666,-0.0158725764941223
Only UNet,U-Net,UNet,32,2,False,False,0.2,0.2,16,13,78,37,20,0.5405405405405406,-0.0416094292799824
Only UNet,U-Net,UNet,32,2,False,False,0.2,0.2,16,13,79,24,10,0.4166666666666667,0.0113801019795329
Only UNet,U-Net,UNet,32,2,False,False,0.2,0.2,16,13,80,38,12,0.3157894736842105,0.0965983414496884
Only UNet,U-Net,UNet,32,2,False,False,0.2,0.2,16,13,81,25,18,0.72,0.0011071362526934
Only UNet,U-Net,UNet,32,2,False,False,0.2,0.2,16,13,82,29,16,0.5517241379310345,0.0198126642646308
Only UNet,U-Net,UNet,32,2,False,False,0.2,0.2,16,13,83,34,20,0.5882352941176471,0.0422724657848106
Only UNet,U-Net,UNet,32,2,False,False,0.2,0.2,16,13,84,21,11,0.5238095238095238,0.0016479806569893
Only UNet,U-Net,UNet,32,2,False,False,0.2,0.2,16,13,85,22,19,0.8636363636363636,0.0327496174775254
Only UNet,U-Net,UNet,32,2,False,False,0.2,0.2,16,13,86,41,34,0.8292682926829268,0.0317966214499767
Only UNet,U-Net,UNet,32,2,False,False,0.2,0.2,16,13,87,28,10,0.3571428571428571,-0.0048498367573923
Only UNet,U-Net,UNet,32,2,False,False,0.2,0.2,16,13,88,35,12,0.3428571428571428,-0.0376295065831062
Only UNet,U-Net,UNet,32,2,False,False,0.2,0.2,16,13,89,32,16,0.5,-0.0082199222801754
Only UNet,U-Net,UNet,32,2,False,False,0.2,0.2,16,13,90,29,11,0.3793103448275862,0.0006725311876231
Only UNet,U-Net,UNet,32,2,False,False,0.2,0.2,16,13,91,19,26,1.368421052631579,0.051519173108584
Only UNet,U-Net,UNet,32,2,False,False,0.2,0.2,16,13,92,45,18,0.4,0.0115555686419649
Only UNet,U-Net,UNet,32,2,False,False,0.2,0.2,16,13,93,25,9,0.36,-0.0054756884710505
Only UNet,U-Net,UNet,32,2,False,False,0.2,0.2,16,13,94,32,15,0.46875,0.0911555375240316
Only UNet,U-Net,UNet,32,2,False,False,0.2,0.2,16,13,95,41,30,0.7317073170731707,0.0171077154313799
Only UNet,U-Net,UNet,32,2,False,False,0.2,0.2,16,13,96,16,43,2.6875,0.0662304296850791
Only UNet,U-Net,UNet,32,2,False,False,0.2,0.2,16,13,97,26,24,0.9230769230769232,0.0535541814304236
Only UNet,U-Net,UNet,32,2,False,False,0.2,0.2,16,13,98,25,5,0.2,0.0168877937594905
Only UNet,U-Net,UNet,32,2,False,False,0.2,0.2,16,13,99,61,9,0.1475409836065573,0.0487047791672031
Only UNet,U-Net,UNet,32,2,False,False,0.2,0.2,16,14,0,33,62,1.878787878787879,0.014869853193955
Only UNet,U-Net,UNet,32,2,False,False,0.2,0.2,16,14,1,34,26,0.7647058823529411,-0.0264235584867673
Only UNet,U-Net,UNet,32,2,False,False,0.2,0.2,16,14,2,29,96,3.310344827586207,0.0285951458308615
Only UNet,U-Net,UNet,32,2,False,False,0.2,0.2,16,14,3,28,10,0.3571428571428571,0.1324534061024019
Only UNet,U-Net,UNet,32,2,False,False,0.2,0.2,16,14,4,36,21,0.5833333333333334,0.0440651415016958
Only UNet,U-Net,UNet,32,2,False,False,0.2,0.2,16,14,5,42,8,0.1904761904761904,-0.0190864525858776
Only UNet,U-Net,UNet,32,2,False,False,0.2,0.2,16,14,6,28,34,1.2142857142857142,0.0180360423157856
Only UNet,U-Net,UNet,32,2,False,False,0.2,0.2,16,14,7,38,15,0.3947368421052631,0.0441218989102222
Only UNet,U-Net,UNet,32,2,False,False,0.2,0.2,16,14,8,33,8,0.2424242424242424,0.0408329456365719
Only UNet,U-Net,UNet,32,2,False,False,0.2,0.2,16,14,9,28,25,0.8928571428571429,0.0122994287800335
Only UNet,U-Net,UNet,32,2,False,False,0.2,0.2,16,14,10,31,12,0.3870967741935484,-0.0418133582837396
Only UNet,U-Net,UNet,32,2,False,False,0.2,0.2,16,14,11,29,9,0.3103448275862069,0.0406174065316488
Only UNet,U-Net,UNet,32,2,False,False,0.2,0.2,16,14,12,29,15,0.5172413793103449,0.0480180975027167
Only UNet,U-Net,UNet,32,2,False,False,0.2,0.2,16,14,13,28,24,0.8571428571428571,-0.0037541627845164
Only UNet,U-Net,UNet,32,2,False,False,0.2,0.2,16,14,14,29,27,0.9310344827586208,0.0107442807889376
Only UNet,U-Net,UNet,32,2,False,False,0.2,0.2,16,14,15,42,12,0.2857142857142857,0.0072136954355547
Only UNet,U-Net,UNet,32,2,False,False,0.2,0.2,16,14,16,58,26,0.4482758620689655,0.0296000213730194
Only UNet,U-Net,UNet,32,2,False,False,0.2,0.2,16,14,17,35,20,0.5714285714285714,-0.0003932969861814
Only UNet,U-Net,UNet,32,2,False,False,0.2,0.2,16,14,18,17,12,0.7058823529411765,-0.0025379097827952
Only UNet,U-Net,UNet,32,2,False,False,0.2,0.2,16,14,19,17,13,0.7647058823529411,0.0076778378246136
Only UNet,U-Net,UNet,32,2,False,False,0.2,0.2,16,14,20,27,14,0.5185185185185185,-0.0079583973479558
Only UNet,U-Net,UNet,32,2,False,False,0.2,0.2,16,14,21,40,24,0.6,-0.0053509253605921
Only UNet,U-Net,UNet,32,2,False,False,0.2,0.2,16,14,22,45,16,0.3555555555555555,0.0219896903413187
Only UNet,U-Net,UNet,32,2,False,False,0.2,0.2,16,14,23,23,33,1.434782608695652,-0.0210398067120421
Only UNet,U-Net,UNet,32,2,False,False,0.2,0.2,16,14,24,20,13,0.65,0.0084771654805802
Only UNet,U-Net,UNet,32,2,False,False,0.2,0.2,16,14,25,18,15,0.8333333333333334,0.0105989300570375
Only UNet,U-Net,UNet,32,2,False,False,0.2,0.2,16,14,26,34,7,0.2058823529411764,-0.008446352458443
Only UNet,U-Net,UNet,32,2,False,False,0.2,0.2,16,14,27,35,22,0.6285714285714286,0.0042746967279666
Only UNet,U-Net,UNet,32,2,False,False,0.2,0.2,16,14,28,33,18,0.5454545454545454,0.002428029353749
Only UNet,U-Net,UNet,32,2,False,False,0.2,0.2,16,14,29,40,27,0.675,0.0021704458961897
Only UNet,U-Net,UNet,32,2,False,False,0.2,0.2,16,14,30,19,7,0.3684210526315789,0.0343865989817834
Only UNet,U-Net,UNet,32,2,False,False,0.2,0.2,16,14,31,37,12,0.3243243243243243,0.0182271281036886
Only UNet,U-Net,UNet,32,2,False,False,0.2,0.2,16,14,32,37,34,0.918918918918919,-0.0169347556413843
Only UNet,U-Net,UNet,32,2,False,False,0.2,0.2,16,14,33,31,17,0.5483870967741935,0.0297989075587061
Only UNet,U-Net,UNet,32,2,False,False,0.2,0.2,16,14,34,25,14,0.56,0.0464478913864293
Only UNet,U-Net,UNet,32,2,False,False,0.2,0.2,16,14,35,25,21,0.84,-0.0005632200855839
Only UNet,U-Net,UNet,32,2,False,False,0.2,0.2,16,14,36,26,16,0.6153846153846154,-0.001560704685074
Only UNet,U-Net,UNet,32,2,False,False,0.2,0.2,16,14,37,27,15,0.5555555555555556,-0.0133443401277457
Only UNet,U-Net,UNet,32,2,False,False,0.2,0.2,16,14,38,44,20,0.4545454545454545,-0.0017656037690781
Only UNet,U-Net,UNet,32,2,False,False,0.2,0.2,16,14,39,19,9,0.4736842105263157,-0.0037718253843701
Only UNet,U-Net,UNet,32,2,False,False,0.2,0.2,16,14,40,41,25,0.6097560975609756,0.0241919442229085
Only UNet,U-Net,UNet,32,2,False,False,0.2,0.2,16,14,41,32,11,0.34375,0.0444810383966304
Only UNet,U-Net,UNet,32,2,False,False,0.2,0.2,16,14,42,32,28,0.875,0.0136874391360414
Only UNet,U-Net,UNet,32,2,False,False,0.2,0.2,16,14,43,28,16,0.5714285714285714,-0.0077599899531562
Only UNet,U-Net,UNet,32,2,False,False,0.2,0.2,16,14,44,41,22,0.5365853658536586,-0.0380465061571049
Only UNet,U-Net,UNet,32,2,False,False,0.2,0.2,16,14,45,30,27,0.9,0.0137331274461063
Only UNet,U-Net,UNet,32,2,False,False,0.2,0.2,16,14,46,21,22,1.0476190476190477,-0.0368058206091098
Only UNet,U-Net,UNet,32,2,False,False,0.2,0.2,16,14,47,28,17,0.6071428571428571,0.0331218093078051
Only UNet,U-Net,UNet,32,2,False,False,0.2,0.2,16,14,48,17,10,0.5882352941176471,-0.0004369826676812
Only UNet,U-Net,UNet,32,2,False,False,0.2,0.2,16,14,49,20,27,1.35,0.048603531602148
Only UNet,U-Net,UNet,32,2,False,False,0.2,0.2,16,14,50,34,32,0.9411764705882352,-0.0083392286099922
Only UNet,U-Net,UNet,32,2,False,False,0.2,0.2,16,14,51,41,23,0.5609756097560976,0.0186572066215203
Only UNet,U-Net,UNet,32,2,False,False,0.2,0.2,16,14,52,46,13,0.2826086956521739,0.1113040239240162
Only UNet,U-Net,UNet,32,2,False,False,0.2,0.2,16,14,53,18,19,1.0555555555555556,0.0135733349753466
Only UNet,U-Net,UNet,32,2,False,False,0.2,0.2,16,14,54,30,14,0.4666666666666667,-0.0300252672864401
Only UNet,U-Net,UNet,32,2,False,False,0.2,0.2,16,14,55,40,14,0.35,0.1558905811647026
Only UNet,U-Net,UNet,32,2,False,False,0.2,0.2,16,14,56,29,32,1.103448275862069,0.0017515156728735
Only UNet,U-Net,UNet,32,2,False,False,0.2,0.2,16,14,57,38,30,0.7894736842105263,-0.0013074237515717
Only UNet,U-Net,UNet,32,2,False,False,0.2,0.2,16,14,58,29,37,1.2758620689655171,0.0136907922231027
Only UNet,U-Net,UNet,32,2,False,False,0.2,0.2,16,14,59,25,26,1.04,0.0418627316326089
Only UNet,U-Net,UNet,32,2,False,False,0.2,0.2,16,14,60,35,28,0.8,0.007420521316752
Only UNet,U-Net,UNet,32,2,False,False,0.2,0.2,16,14,61,18,15,0.8333333333333334,-0.0040530092531469
Only UNet,U-Net,UNet,32,2,False,False,0.2,0.2,16,14,62,24,11,0.4583333333333333,-0.0186410534504939
Only UNet,U-Net,UNet,32,2,False,False,0.2,0.2,16,14,63,15,15,1.0,-0.0017872082616376
Only UNet,U-Net,UNet,32,2,False,False,0.2,0.2,16,14,64,22,16,0.7272727272727273,-0.0121498296485376
Only UNet,U-Net,UNet,32,2,False,False,0.2,0.2,16,14,65,20,23,1.15,-0.0447069804017824
Only UNet,U-Net,UNet,32,2,False,False,0.2,0.2,16,14,66,31,15,0.4838709677419355,0.0080257131569769
Only UNet,U-Net,UNet,32,2,False,False,0.2,0.2,16,14,67,46,15,0.3260869565217391,0.0160415264313867
Only UNet,U-Net,UNet,32,2,False,False,0.2,0.2,16,14,68,29,14,0.4827586206896552,0.0639390682415436
Only UNet,U-Net,UNet,32,2,False,False,0.2,0.2,16,14,69,50,25,0.5,0.041847687336923
Only UNet,U-Net,UNet,32,2,False,False,0.2,0.2,16,14,70,31,29,0.935483870967742,0.0389080637068794
Only UNet,U-Net,UNet,32,2,False,False,0.2,0.2,16,14,71,41,24,0.5853658536585366,-0.0392333379300473
Only UNet,U-Net,UNet,32,2,False,False,0.2,0.2,16,14,72,38,32,0.8421052631578947,0.0040121507112082
Only UNet,U-Net,UNet,32,2,False,False,0.2,0.2,16,14,73,44,18,0.4090909090909091,-0.0081249630353521
Only UNet,U-Net,UNet,32,2,False,False,0.2,0.2,16,14,74,37,18,0.4864864864864865,-0.0028695708900944
Only UNet,U-Net,UNet,32,2,False,False,0.2,0.2,16,14,75,29,9,0.3103448275862069,0.0316517306158345
Only UNet,U-Net,UNet,32,2,False,False,0.2,0.2,16,14,76,28,21,0.75,0.0240719830214796
Only UNet,U-Net,UNet,32,2,False,False,0.2,0.2,16,14,77,18,12,0.6666666666666666,-0.0134325991450604
Only UNet,U-Net,UNet,32,2,False,False,0.2,0.2,16,14,78,37,28,0.7567567567567568,-0.0486008685214837
Only UNet,U-Net,UNet,32,2,False,False,0.2,0.2,16,14,79,24,11,0.4583333333333333,0.005863199047256
Only UNet,U-Net,UNet,32,2,False,False,0.2,0.2,16,14,80,38,20,0.5263157894736842,0.1204349476548957
Only UNet,U-Net,UNet,32,2,False,False,0.2,0.2,16,14,81,25,21,0.84,-0.0025628840964301
Only UNet,U-Net,UNet,32,2,False,False,0.2,0.2,16,14,82,29,13,0.4482758620689655,-0.0054352918646435
Only UNet,U-Net,UNet,32,2,False,False,0.2,0.2,16,14,83,34,21,0.6176470588235294,0.0071087973724941
Only UNet,U-Net,UNet,32,2,False,False,0.2,0.2,16,14,84,21,12,0.5714285714285714,0.0022575500934497
Only UNet,U-Net,UNet,32,2,False,False,0.2,0.2,16,14,85,22,8,0.3636363636363636,0.0006230211116
Only UNet,U-Net,UNet,32,2,False,False,0.2,0.2,16,14,86,41,12,0.2926829268292683,0.0425766565587359
Only UNet,U-Net,UNet,32,2,False,False,0.2,0.2,16,14,87,28,10,0.3571428571428571,0.0709340407936133
Only UNet,U-Net,UNet,32,2,False,False,0.2,0.2,16,14,88,35,16,0.4571428571428571,-0.0035226622615904
Only UNet,U-Net,UNet,32,2,False,False,0.2,0.2,16,14,89,32,14,0.4375,-0.0059861539793695
Only UNet,U-Net,UNet,32,2,False,False,0.2,0.2,16,14,90,29,13,0.4482758620689655,-0.0055250458331841
Only UNet,U-Net,UNet,32,2,False,False,0.2,0.2,16,14,91,19,28,1.4736842105263157,0.1151393961860941
Only UNet,U-Net,UNet,32,2,False,False,0.2,0.2,16,14,92,45,34,0.7555555555555555,0.027202483071632
Only UNet,U-Net,UNet,32,2,False,False,0.2,0.2,16,14,93,25,8,0.32,0.0018319626634058
Only UNet,U-Net,UNet,32,2,False,False,0.2,0.2,16,14,94,32,63,1.96875,0.1437398785046792
Only UNet,U-Net,UNet,32,2,False,False,0.2,0.2,16,14,95,41,37,0.902439024390244,0.0243289405032996
Only UNet,U-Net,UNet,32,2,False,False,0.2,0.2,16,14,96,16,23,1.4375,-0.0029713387421266
Only UNet,U-Net,UNet,32,2,False,False,0.2,0.2,16,14,97,26,17,0.6538461538461539,-0.0040328714515338
Only UNet,U-Net,UNet,32,2,False,False,0.2,0.2,16,14,98,25,18,0.72,0.0485932525343129
Only UNet,U-Net,UNet,32,2,False,False,0.2,0.2,16,14,99,61,29,0.4754098360655737,0.0262296565645927
Only UNet,U-Net,UNet,32,2,False,False,0.2,0.2,16,15,0,33,17,0.5151515151515151,0.0669107296141516
Only UNet,U-Net,UNet,32,2,False,False,0.2,0.2,16,15,1,34,13,0.3823529411764705,0.0294353199715921
Only UNet,U-Net,UNet,32,2,False,False,0.2,0.2,16,15,2,29,13,0.4482758620689655,-0.0015458352856322
Only UNet,U-Net,UNet,32,2,False,False,0.2,0.2,16,15,3,28,20,0.7142857142857143,0.1340724623325128
Only UNet,U-Net,UNet,32,2,False,False,0.2,0.2,16,15,4,36,43,1.1944444444444444,-0.0053577929619204
Only UNet,U-Net,UNet,32,2,False,False,0.2,0.2,16,15,5,42,10,0.238095238095238,0.0416023535992872
Only UNet,U-Net,UNet,32,2,False,False,0.2,0.2,16,15,6,28,42,1.5,0.0203771943386782
Only UNet,U-Net,UNet,32,2,False,False,0.2,0.2,16,15,7,38,10,0.2631578947368421,-0.0072612404924749
Only UNet,U-Net,UNet,32,2,False,False,0.2,0.2,16,15,8,33,19,0.5757575757575758,-0.0104575483002505
Only UNet,U-Net,UNet,32,2,False,False,0.2,0.2,16,15,9,28,24,0.8571428571428571,0.0190805151773295
Only UNet,U-Net,UNet,32,2,False,False,0.2,0.2,16,15,10,31,0,0.0,-0.416350733829705
Only UNet,U-Net,UNet,32,2,False,False,0.2,0.2,16,15,11,29,23,0.7931034482758621,0.032512942988348
Only UNet,U-Net,UNet,32,2,False,False,0.2,0.2,16,15,12,29,12,0.4137931034482758,0.0234370909143076
Only UNet,U-Net,UNet,32,2,False,False,0.2,0.2,16,15,13,28,27,0.9642857142857144,0.0029232364011111
Only UNet,U-Net,UNet,32,2,False,False,0.2,0.2,16,15,14,29,28,0.9655172413793104,-0.0005411138302509
Only UNet,U-Net,UNet,32,2,False,False,0.2,0.2,16,15,15,42,16,0.3809523809523809,0.0090917861546895
Only UNet,U-Net,UNet,32,2,False,False,0.2,0.2,16,15,16,58,15,0.2586206896551724,0.0499577276539207
Only UNet,U-Net,UNet,32,2,False,False,0.2,0.2,16,15,17,35,29,0.8285714285714286,0.0219653782819337
Only UNet,U-Net,UNet,32,2,False,False,0.2,0.2,16,15,18,17,10,0.5882352941176471,0.0255307872738145
Only UNet,U-Net,UNet,32,2,False,False,0.2,0.2,16,15,19,17,17,1.0,0.0004338492232073
Only UNet,U-Net,UNet,32,2,False,False,0.2,0.2,16,15,20,27,11,0.4074074074074074,0.0045003642179347
Only UNet,U-Net,UNet,32,2,False,False,0.2,0.2,16,15,21,40,26,0.65,0.0138189831782384
Only UNet,U-Net,UNet,32,2,False,False,0.2,0.2,16,15,22,45,27,0.6,0.0055580709244595
Only UNet,U-Net,UNet,32,2,False,False,0.2,0.2,16,15,23,23,36,1.565217391304348,0.0239129025604761
Only UNet,U-Net,UNet,32,2,False,False,0.2,0.2,16,15,24,20,52,2.6,0.2819827722835923
Only UNet,U-Net,UNet,32,2,False,False,0.2,0.2,16,15,25,18,10,0.5555555555555556,0.0289531260545794
Only UNet,U-Net,UNet,32,2,False,False,0.2,0.2,16,15,26,34,8,0.2352941176470588,0.1347928668317349
Only UNet,U-Net,UNet,32,2,False,False,0.2,0.2,16,15,27,35,39,1.1142857142857143,0.0993656931885293
Only UNet,U-Net,UNet,32,2,False,False,0.2,0.2,16,15,28,33,12,0.3636363636363636,-0.0097439505232405
Only UNet,U-Net,UNet,32,2,False,False,0.2,0.2,16,15,29,40,19,0.475,0.0004091438438139
Only UNet,U-Net,UNet,32,2,False,False,0.2,0.2,16,15,30,19,9,0.4736842105263157,0.0602876048713514
Only UNet,U-Net,UNet,32,2,False,False,0.2,0.2,16,15,31,37,21,0.5675675675675675,-0.0041479720711537
Only UNet,U-Net,UNet,32,2,False,False,0.2,0.2,16,15,32,37,18,0.4864864864864865,-0.0165052571158395
Only UNet,U-Net,UNet,32,2,False,False,0.2,0.2,16,15,33,31,14,0.4516129032258064,-0.0222043165768269
Only UNet,U-Net,UNet,32,2,False,False,0.2,0.2,16,15,34,25,17,0.68,0.0178718794496294
Only UNet,U-Net,UNet,32,2,False,False,0.2,0.2,16,15,35,25,20,0.8,-0.0267663173628713
Only UNet,U-Net,UNet,32,2,False,False,0.2,0.2,16,15,36,26,18,0.6923076923076923,0.0027511042399626
Only UNet,U-Net,UNet,32,2,False,False,0.2,0.2,16,15,37,27,22,0.8148148148148148,-0.0161127915835224
Only UNet,U-Net,UNet,32,2,False,False,0.2,0.2,16,15,38,44,17,0.3863636363636363,-0.0232504681125105
Only UNet,U-Net,UNet,32,2,False,False,0.2,0.2,16,15,39,19,8,0.4210526315789473,-0.0070497569590481
Only UNet,U-Net,UNet,32,2,False,False,0.2,0.2,16,15,40,41,32,0.7804878048780488,0.0212955431180717
Only UNet,U-Net,UNet,32,2,False,False,0.2,0.2,16,15,41,32,16,0.5,0.075686193966896
Only UNet,U-Net,UNet,32,2,False,False,0.2,0.2,16,15,42,32,20,0.625,0.0097439923565102
Only UNet,U-Net,UNet,32,2,False,False,0.2,0.2,16,15,43,28,9,0.3214285714285714,0.0017095865382786
Only UNet,U-Net,UNet,32,2,False,False,0.2,0.2,16,15,44,41,24,0.5853658536585366,-0.0201053014556086
Only UNet,U-Net,UNet,32,2,False,False,0.2,0.2,16,15,45,30,12,0.4,0.0018609420716582
Only UNet,U-Net,UNet,32,2,False,False,0.2,0.2,16,15,46,21,22,1.0476190476190477,-0.0348667383928739
Only UNet,U-Net,UNet,32,2,False,False,0.2,0.2,16,15,47,28,8,0.2857142857142857,-0.004479564877074
Only UNet,U-Net,UNet,32,2,False,False,0.2,0.2,16,15,48,17,73,4.294117647058823,0.0457760035855417
Only UNet,U-Net,UNet,32,2,False,False,0.2,0.2,16,15,49,20,12,0.6,0.0050244047467275
Only UNet,U-Net,UNet,32,2,False,False,0.2,0.2,16,15,50,34,13,0.3823529411764705,-0.0082132438968106
Only UNet,U-Net,UNet,32,2,False,False,0.2,0.2,16,15,51,41,21,0.5121951219512195,0.0067033318083658
Only UNet,U-Net,UNet,32,2,False,False,0.2,0.2,16,15,52,46,34,0.7391304347826086,0.0119491001525446
Only UNet,U-Net,UNet,32,2,False,False,0.2,0.2,16,15,53,18,13,0.7222222222222222,0.0091216345749984
Only UNet,U-Net,UNet,32,2,False,False,0.2,0.2,16,15,54,30,34,1.1333333333333333,-0.0534040506357061
Only UNet,U-Net,UNet,32,2,False,False,0.2,0.2,16,15,55,40,25,0.625,0.1595087919799341
Only UNet,U-Net,UNet,32,2,False,False,0.2,0.2,16,15,56,29,20,0.6896551724137931,-0.008660459529665
Only UNet,U-Net,UNet,32,2,False,False,0.2,0.2,16,15,57,38,29,0.7631578947368421,0.00850778684428
Only UNet,U-Net,UNet,32,2,False,False,0.2,0.2,16,15,58,29,15,0.5172413793103449,-0.0111433628790084
Only UNet,U-Net,UNet,32,2,False,False,0.2,0.2,16,15,59,25,38,1.52,0.0359404486179654
Only UNet,U-Net,UNet,32,2,False,False,0.2,0.2,16,15,60,35,15,0.4285714285714285,-0.0245939479830131
Only UNet,U-Net,UNet,32,2,False,False,0.2,0.2,16,15,61,18,20,1.1111111111111112,0.0318791084755818
Only UNet,U-Net,UNet,32,2,False,False,0.2,0.2,16,15,62,24,11,0.4583333333333333,0.0073698688409527
Only UNet,U-Net,UNet,32,2,False,False,0.2,0.2,16,15,63,15,21,1.4,-0.0036328711686471
Only UNet,U-Net,UNet,32,2,False,False,0.2,0.2,16,15,64,22,24,1.0909090909090908,-0.0124010039228352
Only UNet,U-Net,UNet,32,2,False,False,0.2,0.2,16,15,65,20,7,0.35,0.0554456191119784
Only UNet,U-Net,UNet,32,2,False,False,0.2,0.2,16,15,66,31,13,0.4193548387096774,0.0138135826526242
Only UNet,U-Net,UNet,32,2,False,False,0.2,0.2,16,15,67,46,14,0.3043478260869565,0.0669744129175494
Only UNet,U-Net,UNet,32,2,False,False,0.2,0.2,16,15,68,29,12,0.4137931034482758,0.0129378133669467
Only UNet,U-Net,UNet,32,2,False,False,0.2,0.2,16,15,69,50,31,0.62,0.0606857941350789
Only UNet,U-Net,UNet,32,2,False,False,0.2,0.2,16,15,70,31,22,0.7096774193548387,0.0292781000669462
Only UNet,U-Net,UNet,32,2,False,False,0.2,0.2,16,15,71,41,32,0.7804878048780488,-0.0820014907318026
Only UNet,U-Net,UNet,32,2,False,False,0.2,0.2,16,15,72,38,25,0.6578947368421053,-0.0268395438446303
Only UNet,U-Net,UNet,32,2,False,False,0.2,0.2,16,15,73,44,22,0.5,0.0161055904639428
Only UNet,U-Net,UNet,32,2,False,False,0.2,0.2,16,15,74,37,9,0.2432432432432432,0.011456577098726
Only UNet,U-Net,UNet,32,2,False,False,0.2,0.2,16,15,75,29,11,0.3793103448275862,0.0813932274299738
Only UNet,U-Net,UNet,32,2,False,False,0.2,0.2,16,15,76,28,12,0.4285714285714285,0.0278285480600436
Only UNet,U-Net,UNet,32,2,False,False,0.2,0.2,16,15,77,18,10,0.5555555555555556,-0.0102552548477562
Only UNet,U-Net,UNet,32,2,False,False,0.2,0.2,16,15,78,37,31,0.8378378378378378,-0.0155210418916695
Only UNet,U-Net,UNet,32,2,False,False,0.2,0.2,16,15,79,24,11,0.4583333333333333,0.0331925547527024
Only UNet,U-Net,UNet,32,2,False,False,0.2,0.2,16,15,80,38,23,0.6052631578947368,0.073667752722914
Only UNet,U-Net,UNet,32,2,False,False,0.2,0.2,16,15,81,25,29,1.16,-0.0044731531978691
Only UNet,U-Net,UNet,32,2,False,False,0.2,0.2,16,15,82,29,13,0.4482758620689655,-0.0029273410321879
Only UNet,U-Net,UNet,32,2,False,False,0.2,0.2,16,15,83,34,16,0.4705882352941176,0.0179617215784433
Only UNet,U-Net,UNet,32,2,False,False,0.2,0.2,16,15,84,21,17,0.8095238095238095,-0.0013108421857082
Only UNet,U-Net,UNet,32,2,False,False,0.2,0.2,16,15,85,22,10,0.4545454545454545,-0.0110553175439231
Only UNet,U-Net,UNet,32,2,False,False,0.2,0.2,16,15,86,41,28,0.6829268292682927,0.0415707090195022
Only UNet,U-Net,UNet,32,2,False,False,0.2,0.2,16,15,87,28,9,0.3214285714285714,-0.0071685251451683
Only UNet,U-Net,UNet,32,2,False,False,0.2,0.2,16,15,88,35,12,0.3428571428571428,0.0246762708470758
Only UNet,U-Net,UNet,32,2,False,False,0.2,0.2,16,15,89,32,21,0.65625,0.0272462581011168
Only UNet,U-Net,UNet,32,2,False,False,0.2,0.2,16,15,90,29,19,0.6551724137931034,0.0228603273264415
Only UNet,U-Net,UNet,32,2,False,False,0.2,0.2,16,15,91,19,11,0.5789473684210527,0.0235470414426987
Only UNet,U-Net,UNet,32,2,False,False,0.2,0.2,16,15,92,45,9,0.2,0.0488548791331363
Only UNet,U-Net,UNet,32,2,False,False,0.2,0.2,16,15,93,25,12,0.48,0.0098334356095282
Only UNet,U-Net,UNet,32,2,False,False,0.2,0.2,16,15,94,32,9,0.28125,0.0796492279630879
Only UNet,U-Net,UNet,32,2,False,False,0.2,0.2,16,15,95,41,19,0.4634146341463415,0.0267302281644401
Only UNet,U-Net,UNet,32,2,False,False,0.2,0.2,16,15,96,16,27,1.6875,-0.0241228991288627
Only UNet,U-Net,UNet,32,2,False,False,0.2,0.2,16,15,97,26,13,0.5,0.0141324419663848
Only UNet,U-Net,UNet,32,2,False,False,0.2,0.2,16,15,98,25,12,0.48,-1.2414682243475186e-05
Only UNet,U-Net,UNet,32,2,False,False,0.2,0.2,16,15,99,61,25,0.4098360655737705,0.055314809276372
Only UNet,U-Net,UNet,32,2,False,False,0.2,0.2,16,16,0,33,20,0.6060606060606061,0.0865542249831963
Only UNet,U-Net,UNet,32,2,False,False,0.2,0.2,16,16,1,34,16,0.4705882352941176,-0.014483252821569
Only UNet,U-Net,UNet,32,2,False,False,0.2,0.2,16,16,2,29,107,3.689655172413793,0.0221115863660159
Only UNet,U-Net,UNet,32,2,False,False,0.2,0.2,16,16,3,28,24,0.8571428571428571,0.0445753747307701
Only UNet,U-Net,UNet,32,2,False,False,0.2,0.2,16,16,4,36,52,1.4444444444444444,-0.0189729481229516
Only UNet,U-Net,UNet,32,2,False,False,0.2,0.2,16,16,5,42,12,0.2857142857142857,-0.0153217546854955
Only UNet,U-Net,UNet,32,2,False,False,0.2,0.2,16,16,6,28,26,0.9285714285714286,0.0402337483327087
Only UNet,U-Net,UNet,32,2,False,False,0.2,0.2,16,16,7,38,33,0.868421052631579,0.021782096078869
Only UNet,U-Net,UNet,32,2,False,False,0.2,0.2,16,16,8,33,22,0.6666666666666666,0.0001893697815189
Only UNet,U-Net,UNet,32,2,False,False,0.2,0.2,16,16,9,28,30,1.0714285714285714,0.0071604653116225
Only UNet,U-Net,UNet,32,2,False,False,0.2,0.2,16,16,10,31,17,0.5483870967741935,-0.0619024460429233
Only UNet,U-Net,UNet,32,2,False,False,0.2,0.2,16,16,11,29,11,0.3793103448275862,0.0048270436401446
Only UNet,U-Net,UNet,32,2,False,False,0.2,0.2,16,16,12,29,8,0.2758620689655172,0.0253998056114452
Only UNet,U-Net,UNet,32,2,False,False,0.2,0.2,16,16,13,28,22,0.7857142857142857,-0.0165518276379777
Only UNet,U-Net,UNet,32,2,False,False,0.2,0.2,16,16,14,29,29,1.0,-0.0052628605422666
Only UNet,U-Net,UNet,32,2,False,False,0.2,0.2,16,16,15,42,9,0.2142857142857142,0.0052495186431911
Only UNet,U-Net,UNet,32,2,False,False,0.2,0.2,16,16,16,58,27,0.4655172413793103,0.0430582971842562
Only UNet,U-Net,UNet,32,2,False,False,0.2,0.2,16,16,17,35,20,0.5714285714285714,0.0392978000406484
Only UNet,U-Net,UNet,32,2,False,False,0.2,0.2,16,16,18,17,29,1.7058823529411764,0.0077288008874764
Only UNet,U-Net,UNet,32,2,False,False,0.2,0.2,16,16,19,17,15,0.8823529411764706,0.0608717431604577
Only UNet,U-Net,UNet,32,2,False,False,0.2,0.2,16,16,20,27,15,0.5555555555555556,-0.0102126010409764
Only UNet,U-Net,UNet,32,2,False,False,0.2,0.2,16,16,21,40,44,1.1,-0.0022605811356501
Only UNet,U-Net,UNet,32,2,False,False,0.2,0.2,16,16,22,45,11,0.2444444444444444,0.0350124818194725
Only UNet,U-Net,UNet,32,2,False,False,0.2,0.2,16,16,23,23,27,1.173913043478261,-0.0094791390435781
Only UNet,U-Net,UNet,32,2,False,False,0.2,0.2,16,16,24,20,11,0.55,-0.0086716755313744
Only UNet,U-Net,UNet,32,2,False,False,0.2,0.2,16,16,25,18,12,0.6666666666666666,-0.0083406500175837
Only UNet,U-Net,UNet,32,2,False,False,0.2,0.2,16,16,26,34,25,0.7352941176470589,0.0153202649153592
Only UNet,U-Net,UNet,32,2,False,False,0.2,0.2,16,16,27,35,21,0.6,0.0085375130020625
Only UNet,U-Net,UNet,32,2,False,False,0.2,0.2,16,16,28,33,25,0.7575757575757576,0.0060331072952598
Only UNet,U-Net,UNet,32,2,False,False,0.2,0.2,16,16,29,40,9,0.225,-0.0134030749328291
Only UNet,U-Net,UNet,32,2,False,False,0.2,0.2,16,16,30,19,9,0.4736842105263157,0.0287869617061639
Only UNet,U-Net,UNet,32,2,False,False,0.2,0.2,16,16,31,37,13,0.3513513513513513,0.0108241685237477
Only UNet,U-Net,UNet,32,2,False,False,0.2,0.2,16,16,32,37,13,0.3513513513513513,0.0313568850340021
Only UNet,U-Net,UNet,32,2,False,False,0.2,0.2,16,16,33,31,26,0.8387096774193549,0.011783616514805
Only UNet,U-Net,UNet,32,2,False,False,0.2,0.2,16,16,34,25,13,0.52,0.0718952516019218
Only UNet,U-Net,UNet,32,2,False,False,0.2,0.2,16,16,35,25,22,0.88,0.0020068648935464
Only UNet,U-Net,UNet,32,2,False,False,0.2,0.2,16,16,36,26,18,0.6923076923076923,-0.0105224407185782
Only UNet,U-Net,UNet,32,2,False,False,0.2,0.2,16,16,37,27,17,0.6296296296296297,-0.0128336577405327
Only UNet,U-Net,UNet,32,2,False,False,0.2,0.2,16,16,38,44,41,0.9318181818181818,0.0366828759915862
Only UNet,U-Net,UNet,32,2,False,False,0.2,0.2,16,16,39,19,8,0.4210526315789473,-0.0016825590130214
Only UNet,U-Net,UNet,32,2,False,False,0.2,0.2,16,16,40,41,17,0.4146341463414634,0.0163515832363082
Only UNet,U-Net,UNet,32,2,False,False,0.2,0.2,16,16,41,32,28,0.875,0.0239619833728532
Only UNet,U-Net,UNet,32,2,False,False,0.2,0.2,16,16,42,32,24,0.75,0.0114757812182887
Only UNet,U-Net,UNet,32,2,False,False,0.2,0.2,16,16,43,28,23,0.8214285714285714,0.0130139252402028
Only UNet,U-Net,UNet,32,2,False,False,0.2,0.2,16,16,44,41,18,0.4390243902439024,-0.0157832082905951
Only UNet,U-Net,UNet,32,2,False,False,0.2,0.2,16,16,45,30,29,0.9666666666666668,-0.0251130650036974
Only UNet,U-Net,UNet,32,2,False,False,0.2,0.2,16,16,46,21,24,1.1428571428571428,-0.0080790684622586
Only UNet,U-Net,UNet,32,2,False,False,0.2,0.2,16,16,47,28,10,0.3571428571428571,-0.0070640155370514
Only UNet,U-Net,UNet,32,2,False,False,0.2,0.2,16,16,48,17,37,2.176470588235294,0.0461213152308732
Only UNet,U-Net,UNet,32,2,False,False,0.2,0.2,16,16,49,20,16,0.8,-0.0017474575964895
Only UNet,U-Net,UNet,32,2,False,False,0.2,0.2,16,16,50,34,12,0.3529411764705882,0.0073725673462771
Only UNet,U-Net,UNet,32,2,False,False,0.2,0.2,16,16,51,41,44,1.0731707317073171,-0.0037458905086819
Only UNet,U-Net,UNet,32,2,False,False,0.2,0.2,16,16,52,46,0,0.0,-0.4279687313439372
Only UNet,U-Net,UNet,32,2,False,False,0.2,0.2,16,16,53,18,19,1.0555555555555556,0.0100687691554695
Only UNet,U-Net,UNet,32,2,False,False,0.2,0.2,16,16,54,30,13,0.4333333333333333,-0.0082222395921338
Only UNet,U-Net,UNet,32,2,False,False,0.2,0.2,16,16,55,40,46,1.15,0.1331965070115746
Only UNet,U-Net,UNet,32,2,False,False,0.2,0.2,16,16,56,29,44,1.5172413793103448,0.0224875124312912
Only UNet,U-Net,UNet,32,2,False,False,0.2,0.2,16,16,57,38,49,1.2894736842105263,0.0257019934452931
Only UNet,U-Net,UNet,32,2,False,False,0.2,0.2,16,16,58,29,11,0.3793103448275862,-0.0038054735549704
Only UNet,U-Net,UNet,32,2,False,False,0.2,0.2,16,16,59,25,37,1.48,0.0347896938658398
Only UNet,U-Net,UNet,32,2,False,False,0.2,0.2,16,16,60,35,30,0.8571428571428571,-0.0023273291252747
Only UNet,U-Net,UNet,32,2,False,False,0.2,0.2,16,16,61,18,10,0.5555555555555556,-0.005763337528662
Only UNet,U-Net,UNet,32,2,False,False,0.2,0.2,16,16,62,24,17,0.7083333333333334,-0.0027894044208358
Only UNet,U-Net,UNet,32,2,False,False,0.2,0.2,16,16,63,15,15,1.0,-0.0059621052767267
Only UNet,U-Net,UNet,32,2,False,False,0.2,0.2,16,16,64,22,11,0.5,0.0011109737717831
Only UNet,U-Net,UNet,32,2,False,False,0.2,0.2,16,16,65,20,8,0.4,-0.0460766369271541
Only UNet,U-Net,UNet,32,2,False,False,0.2,0.2,16,16,66,31,17,0.5483870967741935,0.017645809519332
Only UNet,U-Net,UNet,32,2,False,False,0.2,0.2,16,16,67,46,15,0.3260869565217391,0.0306877047378368
Only UNet,U-Net,UNet,32,2,False,False,0.2,0.2,16,16,68,29,14,0.4827586206896552,0.0187790013899283
Only UNet,U-Net,UNet,32,2,False,False,0.2,0.2,16,16,69,50,22,0.44,0.0283616393237069
Only UNet,U-Net,UNet,32,2,False,False,0.2,0.2,16,16,70,31,19,0.6129032258064516,0.0034841239560115
Only UNet,U-Net,UNet,32,2,False,False,0.2,0.2,16,16,71,41,21,0.5121951219512195,-0.0289646745439216
Only UNet,U-Net,UNet,32,2,False,False,0.2,0.2,16,16,72,38,15,0.3947368421052631,-0.0331424000234914
Only UNet,U-Net,UNet,32,2,False,False,0.2,0.2,16,16,73,44,26,0.5909090909090909,0.0471614459951032
Only UNet,U-Net,UNet,32,2,False,False,0.2,0.2,16,16,74,37,23,0.6216216216216216,0.0032064878513252
Only UNet,U-Net,UNet,32,2,False,False,0.2,0.2,16,16,75,29,22,0.7586206896551724,0.0438817500160082
Only UNet,U-Net,UNet,32,2,False,False,0.2,0.2,16,16,76,28,19,0.6785714285714286,0.033218258119344
Only UNet,U-Net,UNet,32,2,False,False,0.2,0.2,16,16,77,18,9,0.5,-0.0125328693414869
Only UNet,U-Net,UNet,32,2,False,False,0.2,0.2,16,16,78,37,28,0.7567567567567568,-0.003216569899775
Only UNet,U-Net,UNet,32,2,False,False,0.2,0.2,16,16,79,24,14,0.5833333333333334,0.0013323085995781
Only UNet,U-Net,UNet,32,2,False,False,0.2,0.2,16,16,80,38,17,0.4473684210526316,0.0723921917294976
Only UNet,U-Net,UNet,32,2,False,False,0.2,0.2,16,16,81,25,16,0.64,-0.0112290214002445
Only UNet,U-Net,UNet,32,2,False,False,0.2,0.2,16,16,82,29,21,0.7241379310344828,0.0193189776947565
Only UNet,U-Net,UNet,32,2,False,False,0.2,0.2,16,16,83,34,42,1.2352941176470589,0.0014594141263786
Only UNet,U-Net,UNet,32,2,False,False,0.2,0.2,16,16,84,21,16,0.7619047619047619,-0.0129410890706034
Only UNet,U-Net,UNet,32,2,False,False,0.2,0.2,16,16,85,22,10,0.4545454545454545,-0.0070620347846222
Only UNet,U-Net,UNet,32,2,False,False,0.2,0.2,16,16,86,41,14,0.3414634146341463,0.0382150327768448
Only UNet,U-Net,UNet,32,2,False,False,0.2,0.2,16,16,87,28,19,0.6785714285714286,0.0523637848020293
Only UNet,U-Net,UNet,32,2,False,False,0.2,0.2,16,16,88,35,12,0.3428571428571428,-0.0144142289799201
Only UNet,U-Net,UNet,32,2,False,False,0.2,0.2,16,16,89,32,45,1.40625,-0.009507991908615
Only UNet,U-Net,UNet,32,2,False,False,0.2,0.2,16,16,90,29,13,0.4482758620689655,-0.006171778283446
Only UNet,U-Net,UNet,32,2,False,False,0.2,0.2,16,16,91,19,19,1.0,0.0434308143528462
Only UNet,U-Net,UNet,32,2,False,False,0.2,0.2,16,16,92,45,29,0.6444444444444445,-0.0144264618130085
Only UNet,U-Net,UNet,32,2,False,False,0.2,0.2,16,16,93,25,13,0.52,0.0014937790759585
Only UNet,U-Net,UNet,32,2,False,False,0.2,0.2,16,16,94,32,18,0.5625,0.0715808459004673
Only UNet,U-Net,UNet,32,2,False,False,0.2,0.2,16,16,95,41,22,0.5365853658536586,-0.0179040073030115
Only UNet,U-Net,UNet,32,2,False,False,0.2,0.2,16,16,96,16,14,0.875,0.0066070343688783
Only UNet,U-Net,UNet,32,2,False,False,0.2,0.2,16,16,97,26,20,0.7692307692307693,0.0429005888451905
Only UNet,U-Net,UNet,32,2,False,False,0.2,0.2,16,16,98,25,38,1.52,0.0056373588552132
Only UNet,U-Net,UNet,32,2,False,False,0.2,0.2,16,16,99,61,17,0.2786885245901639,-0.0273260762516038
Only UNet,U-Net,UNet,32,2,False,False,0.2,0.2,16,17,0,33,26,0.7878787878787878,0.0829732632883327
Only UNet,U-Net,UNet,32,2,False,False,0.2,0.2,16,17,1,34,17,0.5,-0.0081254126285442
Only UNet,U-Net,UNet,32,2,False,False,0.2,0.2,16,17,2,29,21,0.7241379310344828,0.020492770293686
Only UNet,U-Net,UNet,32,2,False,False,0.2,0.2,16,17,3,28,22,0.7857142857142857,-0.0090109633970885
Only UNet,U-Net,UNet,32,2,False,False,0.2,0.2,16,17,4,36,10,0.2777777777777778,-0.0090932473109146
Only UNet,U-Net,UNet,32,2,False,False,0.2,0.2,16,17,5,42,16,0.3809523809523809,0.0184770840194374
Only UNet,U-Net,UNet,32,2,False,False,0.2,0.2,16,17,6,28,45,1.6071428571428572,-0.0035005647171042
Only UNet,U-Net,UNet,32,2,False,False,0.2,0.2,16,17,7,38,13,0.3421052631578947,0.0416922531489333
Only UNet,U-Net,UNet,32,2,False,False,0.2,0.2,16,17,8,33,11,0.3333333333333333,-0.0041732855749356
Only UNet,U-Net,UNet,32,2,False,False,0.2,0.2,16,17,9,28,14,0.5,0.0687247931209376
Only UNet,U-Net,UNet,32,2,False,False,0.2,0.2,16,17,10,31,17,0.5483870967741935,-0.0287525105364701
Only UNet,U-Net,UNet,32,2,False,False,0.2,0.2,16,17,11,29,10,0.3448275862068966,0.0347481970998673
Only UNet,U-Net,UNet,32,2,False,False,0.2,0.2,16,17,12,29,8,0.2758620689655172,0.0390573948347159
Only UNet,U-Net,UNet,32,2,False,False,0.2,0.2,16,17,13,28,18,0.6428571428571429,-0.0130504794837901
Only UNet,U-Net,UNet,32,2,False,False,0.2,0.2,16,17,14,29,21,0.7241379310344828,0.056416473659163
Only UNet,U-Net,UNet,32,2,False,False,0.2,0.2,16,17,15,42,11,0.2619047619047619,0.026455051271725
Only UNet,U-Net,UNet,32,2,False,False,0.2,0.2,16,17,16,58,21,0.3620689655172414,0.0258361530687146
Only UNet,U-Net,UNet,32,2,False,False,0.2,0.2,16,17,17,35,19,0.5428571428571428,0.0582083103635359
Only UNet,U-Net,UNet,32,2,False,False,0.2,0.2,16,17,18,17,18,1.0588235294117647,-0.0129894803182943
Only UNet,U-Net,UNet,32,2,False,False,0.2,0.2,16,17,19,17,16,0.9411764705882352,0.0773291371514003
Only UNet,U-Net,UNet,32,2,False,False,0.2,0.2,16,17,20,27,32,1.1851851851851851,0.0239711809053495
Only UNet,U-Net,UNet,32,2,False,False,0.2,0.2,16,17,21,40,16,0.4,-0.0456386981840939
Only UNet,U-Net,UNet,32,2,False,False,0.2,0.2,16,17,22,45,12,0.2666666666666666,0.003647508499152
Only UNet,U-Net,UNet,32,2,False,False,0.2,0.2,16,17,23,23,23,1.0,0.048243392557235
Only UNet,U-Net,UNet,32,2,False,False,0.2,0.2,16,17,24,20,12,0.6,0.0203081977581654
Only UNet,U-Net,UNet,32,2,False,False,0.2,0.2,16,17,25,18,9,0.5,0.0055994836187185
Only UNet,U-Net,UNet,32,2,False,False,0.2,0.2,16,17,26,34,6,0.1764705882352941,0.0424268354241901
Only UNet,U-Net,UNet,32,2,False,False,0.2,0.2,16,17,27,35,30,0.8571428571428571,0.1024210801771188
Only UNet,U-Net,UNet,32,2,False,False,0.2,0.2,16,17,28,33,14,0.4242424242424242,-0.0012263079503834
Only UNet,U-Net,UNet,32,2,False,False,0.2,0.2,16,17,29,40,26,0.65,-0.0346319924263003
Only UNet,U-Net,UNet,32,2,False,False,0.2,0.2,16,17,30,19,9,0.4736842105263157,0.0262777944118325
Only UNet,U-Net,UNet,32,2,False,False,0.2,0.2,16,17,31,37,30,0.8108108108108109,-0.0087149606764191
Only UNet,U-Net,UNet,32,2,False,False,0.2,0.2,16,17,32,37,14,0.3783783783783784,-0.0193447972051461
Only UNet,U-Net,UNet,32,2,False,False,0.2,0.2,16,17,33,31,11,0.3548387096774194,-0.0133971767639488
Only UNet,U-Net,UNet,32,2,False,False,0.2,0.2,16,17,34,25,14,0.56,0.0856914337974026
Only UNet,U-Net,UNet,32,2,False,False,0.2,0.2,16,17,35,25,17,0.68,-0.0308943912073915
Only UNet,U-Net,UNet,32,2,False,False,0.2,0.2,16,17,36,26,23,0.8846153846153846,-0.0230960489539656
Only UNet,U-Net,UNet,32,2,False,False,0.2,0.2,16,17,37,27,18,0.6666666666666666,-0.0033483578946201
Only UNet,U-Net,UNet,32,2,False,False,0.2,0.2,16,17,38,44,36,0.8181818181818182,0.0517758389904184
Only UNet,U-Net,UNet,32,2,False,False,0.2,0.2,16,17,39,19,15,0.7894736842105263,-0.0085312988898026
Only UNet,U-Net,UNet,32,2,False,False,0.2,0.2,16,17,40,41,15,0.3658536585365853,0.0177738786913366
Only UNet,U-Net,UNet,32,2,False,False,0.2,0.2,16,17,41,32,10,0.3125,0.072428350410537
Only UNet,U-Net,UNet,32,2,False,False,0.2,0.2,16,17,42,32,48,1.5,0.017849241600817
Only UNet,U-Net,UNet,32,2,False,False,0.2,0.2,16,17,43,28,21,0.75,0.0249004496815111
Only UNet,U-Net,UNet,32,2,False,False,0.2,0.2,16,17,44,41,17,0.4146341463414634,-0.0017807283104441
Only UNet,U-Net,UNet,32,2,False,False,0.2,0.2,16,17,45,30,10,0.3333333333333333,0.0239581225636266
Only UNet,U-Net,UNet,32,2,False,False,0.2,0.2,16,17,46,21,10,0.4761904761904761,-0.032929545199742
Only UNet,U-Net,UNet,32,2,False,False,0.2,0.2,16,17,47,28,27,0.9642857142857144,0.0007512068196328
Only UNet,U-Net,UNet,32,2,False,False,0.2,0.2,16,17,48,17,15,0.8823529411764706,0.0255243556286688
Only UNet,U-Net,UNet,32,2,False,False,0.2,0.2,16,17,49,20,18,0.9,0.0236360411458311
Only UNet,U-Net,UNet,32,2,False,False,0.2,0.2,16,17,50,34,13,0.3823529411764705,0.027889140016734
Only UNet,U-Net,UNet,32,2,False,False,0.2,0.2,16,17,51,41,27,0.6585365853658537,0.0426029963491592
Only UNet,U-Net,UNet,32,2,False,False,0.2,0.2,16,17,52,46,31,0.6739130434782609,0.0073805055409802
Only UNet,U-Net,UNet,32,2,False,False,0.2,0.2,16,17,53,18,5,0.2777777777777778,0.0072033932733098
Only UNet,U-Net,UNet,32,2,False,False,0.2,0.2,16,17,54,30,23,0.7666666666666667,-0.0551157486005598
Only UNet,U-Net,UNet,32,2,False,False,0.2,0.2,16,17,55,40,24,0.6,0.1250940079320857
Only UNet,U-Net,UNet,32,2,False,False,0.2,0.2,16,17,56,29,15,0.5172413793103449,-0.0029331013629599
Only UNet,U-Net,UNet,32,2,False,False,0.2,0.2,16,17,57,38,30,0.7894736842105263,0.0081086990334824
Only UNet,U-Net,UNet,32,2,False,False,0.2,0.2,16,17,58,29,26,0.896551724137931,0.0040244682498337
Only UNet,U-Net,UNet,32,2,False,False,0.2,0.2,16,17,59,25,31,1.24,0.0353551935187084
Only UNet,U-Net,UNet,32,2,False,False,0.2,0.2,16,17,60,35,26,0.7428571428571429,-0.0240513326683505
Only UNet,U-Net,UNet,32,2,False,False,0.2,0.2,16,17,61,18,9,0.5,-0.0136714447771253
Only UNet,U-Net,UNet,32,2,False,False,0.2,0.2,16,17,62,24,25,1.0416666666666667,0.0251938343706769
Only UNet,U-Net,UNet,32,2,False,False,0.2,0.2,16,17,63,15,10,0.6666666666666666,0.005430373893099
Only UNet,U-Net,UNet,32,2,False,False,0.2,0.2,16,17,64,22,13,0.5909090909090909,0.0045834465921918
Only UNet,U-Net,UNet,32,2,False,False,0.2,0.2,16,17,65,20,12,0.6,-0.0316618911734737
Only UNet,U-Net,UNet,32,2,False,False,0.2,0.2,16,17,66,31,9,0.2903225806451613,0.0130185546301669
Only UNet,U-Net,UNet,32,2,False,False,0.2,0.2,16,17,67,46,18,0.391304347826087,0.0176305949197451
Only UNet,U-Net,UNet,32,2,False,False,0.2,0.2,16,17,68,29,17,0.5862068965517241,-0.0036976596307404
Only UNet,U-Net,UNet,32,2,False,False,0.2,0.2,16,17,69,50,19,0.38,0.0173690650006883
Only UNet,U-Net,UNet,32,2,False,False,0.2,0.2,16,17,70,31,11,0.3548387096774194,0.0147540731767479
Only UNet,U-Net,UNet,32,2,False,False,0.2,0.2,16,17,71,41,35,0.8536585365853658,-0.0463551258306814
Only UNet,U-Net,UNet,32,2,False,False,0.2,0.2,16,17,72,38,12,0.3157894736842105,-0.0545679389763506
Only UNet,U-Net,UNet,32,2,False,False,0.2,0.2,16,17,73,44,21,0.4772727272727273,-0.0062224446565826
Only UNet,U-Net,UNet,32,2,False,False,0.2,0.2,16,17,74,37,11,0.2972972972972973,0.0008946329839954
Only UNet,U-Net,UNet,32,2,False,False,0.2,0.2,16,17,75,29,11,0.3793103448275862,0.0465882321580841
Only UNet,U-Net,UNet,32,2,False,False,0.2,0.2,16,17,76,28,14,0.5,0.0363317308696342
Only UNet,U-Net,UNet,32,2,False,False,0.2,0.2,16,17,77,18,8,0.4444444444444444,-0.0178961902391837
Only UNet,U-Net,UNet,32,2,False,False,0.2,0.2,16,17,78,37,22,0.5945945945945946,-0.0219844187346047
Only UNet,U-Net,UNet,32,2,False,False,0.2,0.2,16,17,79,24,25,1.0416666666666667,0.0269790452902756
Only UNet,U-Net,UNet,32,2,False,False,0.2,0.2,16,17,80,38,11,0.2894736842105263,0.0133532011845888
Only UNet,U-Net,UNet,32,2,False,False,0.2,0.2,16,17,81,25,12,0.48,0.0823617373414299
Only UNet,U-Net,UNet,32,2,False,False,0.2,0.2,16,17,82,29,15,0.5172413793103449,-0.0210019826242566
Only UNet,U-Net,UNet,32,2,False,False,0.2,0.2,16,17,83,34,17,0.5,0.0144170760289882
Only UNet,U-Net,UNet,32,2,False,False,0.2,0.2,16,17,84,21,10,0.4761904761904761,-0.0009006501764876
Only UNet,U-Net,UNet,32,2,False,False,0.2,0.2,16,17,85,22,6,0.2727272727272727,0.0156377558201728
Only UNet,U-Net,UNet,32,2,False,False,0.2,0.2,16,17,86,41,24,0.5853658536585366,-0.002220466903029
Only UNet,U-Net,UNet,32,2,False,False,0.2,0.2,16,17,87,28,8,0.2857142857142857,0.0746598352869589
Only UNet,U-Net,UNet,32,2,False,False,0.2,0.2,16,17,88,35,13,0.3714285714285714,-0.0061115730379959
Only UNet,U-Net,UNet,32,2,False,False,0.2,0.2,16,17,89,32,14,0.4375,-0.0238124122034164
Only UNet,U-Net,UNet,32,2,False,False,0.2,0.2,16,17,90,29,19,0.6551724137931034,0.0017660742487661
Only UNet,U-Net,UNet,32,2,False,False,0.2,0.2,16,17,91,19,35,1.8421052631578947,0.0402444912066465
Only UNet,U-Net,UNet,32,2,False,False,0.2,0.2,16,17,92,45,27,0.6,0.0284755505081771
Only UNet,U-Net,UNet,32,2,False,False,0.2,0.2,16,17,93,25,11,0.44,0.0016847947380463
Only UNet,U-Net,UNet,32,2,False,False,0.2,0.2,16,17,94,32,12,0.375,-0.0045640595937334
Only UNet,U-Net,UNet,32,2,False,False,0.2,0.2,16,17,95,41,20,0.4878048780487805,-0.0060881825646508
Only UNet,U-Net,UNet,32,2,False,False,0.2,0.2,16,17,96,16,33,2.0625,-0.0108982900755082
Only UNet,U-Net,UNet,32,2,False,False,0.2,0.2,16,17,97,26,23,0.8846153846153846,0.0264227605487494
Only UNet,U-Net,UNet,32,2,False,False,0.2,0.2,16,17,98,25,25,1.0,-0.0004338892404213
Only UNet,U-Net,UNet,32,2,False,False,0.2,0.2,16,17,99,61,33,0.5409836065573771,-0.0208666125560047
Only UNet,U-Net,UNet,32,2,False,False,0.2,0.2,16,18,0,33,26,0.7878787878787878,0.0589941638720104
Only UNet,U-Net,UNet,32,2,False,False,0.2,0.2,16,18,1,34,28,0.8235294117647058,0.0124003279084472
Only UNet,U-Net,UNet,32,2,False,False,0.2,0.2,16,18,2,29,18,0.6206896551724138,0.1899731772566731
Only UNet,U-Net,UNet,32,2,False,False,0.2,0.2,16,18,3,28,33,1.1785714285714286,-0.0211388671934668
Only UNet,U-Net,UNet,32,2,False,False,0.2,0.2,16,18,4,36,8,0.2222222222222222,-0.0017661811751868
Only UNet,U-Net,UNet,32,2,False,False,0.2,0.2,16,18,5,42,8,0.1904761904761904,-0.011590524813982
Only UNet,U-Net,UNet,32,2,False,False,0.2,0.2,16,18,6,28,38,1.3571428571428572,0.0230909810354631
Only UNet,U-Net,UNet,32,2,False,False,0.2,0.2,16,18,7,38,12,0.3157894736842105,0.0222474801933808
Only UNet,U-Net,UNet,32,2,False,False,0.2,0.2,16,18,8,33,14,0.4242424242424242,0.0356473044330289
Only UNet,U-Net,UNet,32,2,False,False,0.2,0.2,16,18,9,28,26,0.9285714285714286,0.022371814276887
Only UNet,U-Net,UNet,32,2,False,False,0.2,0.2,16,18,10,31,21,0.6774193548387096,-0.0399017746032574
Only UNet,U-Net,UNet,32,2,False,False,0.2,0.2,16,18,11,29,12,0.4137931034482758,0.0932921319912788
Only UNet,U-Net,UNet,32,2,False,False,0.2,0.2,16,18,12,29,10,0.3448275862068966,0.0660219027842036
Only UNet,U-Net,UNet,32,2,False,False,0.2,0.2,16,18,13,28,36,1.2857142857142858,-0.0319706960948275
Only UNet,U-Net,UNet,32,2,False,False,0.2,0.2,16,18,14,29,11,0.3793103448275862,0.0111324742508455
Only UNet,U-Net,UNet,32,2,False,False,0.2,0.2,16,18,15,42,19,0.4523809523809524,0.0037659229469752
Only UNet,U-Net,UNet,32,2,False,False,0.2,0.2,16,18,16,58,24,0.4137931034482758,0.0470013161080944
Only UNet,U-Net,UNet,32,2,False,False,0.2,0.2,16,18,17,35,32,0.9142857142857144,0.0061773644664637
Only UNet,U-Net,UNet,32,2,False,False,0.2,0.2,16,18,18,17,11,0.6470588235294118,0.0040478160912685
Only UNet,U-Net,UNet,32,2,False,False,0.2,0.2,16,18,19,17,19,1.1176470588235294,-0.0014850337057832
Only UNet,U-Net,UNet,32,2,False,False,0.2,0.2,16,18,20,27,12,0.4444444444444444,-0.0052934629257045
Only UNet,U-Net,UNet,32,2,False,False,0.2,0.2,16,18,21,40,42,1.05,-0.0158155225995223
Only UNet,U-Net,UNet,32,2,False,False,0.2,0.2,16,18,22,45,20,0.4444444444444444,-0.0278235574918306
Only UNet,U-Net,UNet,32,2,False,False,0.2,0.2,16,18,23,23,56,2.4347826086956523,0.085385470992074
Only UNet,U-Net,UNet,32,2,False,False,0.2,0.2,16,18,24,20,21,1.05,0.3838150643508702
Only UNet,U-Net,UNet,32,2,False,False,0.2,0.2,16,18,25,18,15,0.8333333333333334,0.0078670143547128
Only UNet,U-Net,UNet,32,2,False,False,0.2,0.2,16,18,26,34,14,0.4117647058823529,0.0534754077449308
Only UNet,U-Net,UNet,32,2,False,False,0.2,0.2,16,18,27,35,44,1.2571428571428571,0.1056183291642319
Only UNet,U-Net,UNet,32,2,False,False,0.2,0.2,16,18,28,33,14,0.4242424242424242,0.0110530763162106
Only UNet,U-Net,UNet,32,2,False,False,0.2,0.2,16,18,29,40,11,0.275,0.0208518798428242
Only UNet,U-Net,UNet,32,2,False,False,0.2,0.2,16,18,30,19,8,0.4210526315789473,0.0554841011856587
Only UNet,U-Net,UNet,32,2,False,False,0.2,0.2,16,18,31,37,24,0.6486486486486487,-0.0052521052436848
Only UNet,U-Net,UNet,32,2,False,False,0.2,0.2,16,18,32,37,12,0.3243243243243243,-0.0193913993918165
Only UNet,U-Net,UNet,32,2,False,False,0.2,0.2,16,18,33,31,19,0.6129032258064516,0.0044820185230149
Only UNet,U-Net,UNet,32,2,False,False,0.2,0.2,16,18,34,25,16,0.64,0.0542353482930809
Only UNet,U-Net,UNet,32,2,False,False,0.2,0.2,16,18,35,25,26,1.04,-0.0247440049876567
Only UNet,U-Net,UNet,32,2,False,False,0.2,0.2,16,18,36,26,20,0.7692307692307693,-0.0145973495757015
Only UNet,U-Net,UNet,32,2,False,False,0.2,0.2,16,18,37,27,26,0.9629629629629628,0.0213862929666904
Only UNet,U-Net,UNet,32,2,False,False,0.2,0.2,16,18,38,44,19,0.4318181818181818,-0.0229440855812808
Only UNet,U-Net,UNet,32,2,False,False,0.2,0.2,16,18,39,19,10,0.5263157894736842,-0.0063652386920916
Only UNet,U-Net,UNet,32,2,False,False,0.2,0.2,16,18,40,41,16,0.3902439024390244,-0.0082867735281959
Only UNet,U-Net,UNet,32,2,False,False,0.2,0.2,16,18,41,32,11,0.34375,0.0080840261077026
Only UNet,U-Net,UNet,32,2,False,False,0.2,0.2,16,18,42,32,30,0.9375,0.0162354772133318
Only UNet,U-Net,UNet,32,2,False,False,0.2,0.2,16,18,43,28,10,0.3571428571428571,-0.0289602566011107
Only UNet,U-Net,UNet,32,2,False,False,0.2,0.2,16,18,44,41,14,0.3414634146341463,-0.0244098561338903
Only UNet,U-Net,UNet,32,2,False,False,0.2,0.2,16,18,45,30,18,0.6,-0.021454431771626
Only UNet,U-Net,UNet,32,2,False,False,0.2,0.2,16,18,46,21,27,1.2857142857142858,0.0020386337338156
Only UNet,U-Net,UNet,32,2,False,False,0.2,0.2,16,18,47,28,15,0.5357142857142857,0.000846309816713
Only UNet,U-Net,UNet,32,2,False,False,0.2,0.2,16,18,48,17,7,0.4117647058823529,0.0107183854669056
Only UNet,U-Net,UNet,32,2,False,False,0.2,0.2,16,18,49,20,32,1.6,0.0530818403780786
Only UNet,U-Net,UNet,32,2,False,False,0.2,0.2,16,18,50,34,21,0.6176470588235294,0.0204109752630656
Only UNet,U-Net,UNet,32,2,False,False,0.2,0.2,16,18,51,41,28,0.6829268292682927,0.0164273705491315
Only UNet,U-Net,UNet,32,2,False,False,0.2,0.2,16,18,52,46,21,0.4565217391304347,0.0477567546760304
Only UNet,U-Net,UNet,32,2,False,False,0.2,0.2,16,18,53,18,16,0.8888888888888888,0.004268451178788
Only UNet,U-Net,UNet,32,2,False,False,0.2,0.2,16,18,54,30,9,0.3,-0.0625111170896843
Only UNet,U-Net,UNet,32,2,False,False,0.2,0.2,16,18,55,40,25,0.625,0.0560908097502478
Only UNet,U-Net,UNet,32,2,False,False,0.2,0.2,16,18,56,29,18,0.6206896551724138,0.0447955801282643
Only UNet,U-Net,UNet,32,2,False,False,0.2,0.2,16,18,57,38,7,0.1842105263157894,0.0255347055017258
Only UNet,U-Net,UNet,32,2,False,False,0.2,0.2,16,18,58,29,10,0.3448275862068966,0.0097156859259572
Only UNet,U-Net,UNet,32,2,False,False,0.2,0.2,16,18,59,25,20,0.8,0.0431090886342213
Only UNet,U-Net,UNet,32,2,False,False,0.2,0.2,16,18,60,35,11,0.3142857142857143,-0.0301408388378651
Only UNet,U-Net,UNet,32,2,False,False,0.2,0.2,16,18,61,18,35,1.9444444444444444,0.0069660290185554
Only UNet,U-Net,UNet,32,2,False,False,0.2,0.2,16,18,62,24,11,0.4583333333333333,-0.0112844972338926
Only UNet,U-Net,UNet,32,2,False,False,0.2,0.2,16,18,63,15,17,1.1333333333333333,0.0136362244780125
Only UNet,U-Net,UNet,32,2,False,False,0.2,0.2,16,18,64,22,16,0.7272727272727273,-0.0019584219471564
Only UNet,U-Net,UNet,32,2,False,False,0.2,0.2,16,18,65,20,8,0.4,-0.0171403791758531
Only UNet,U-Net,UNet,32,2,False,False,0.2,0.2,16,18,66,31,14,0.4516129032258064,0.0060801282523581
Only UNet,U-Net,UNet,32,2,False,False,0.2,0.2,16,18,67,46,20,0.4347826086956521,0.0194891873919947
Only UNet,U-Net,UNet,32,2,False,False,0.2,0.2,16,18,68,29,14,0.4827586206896552,0.027415802416337
Only UNet,U-Net,UNet,32,2,False,False,0.2,0.2,16,18,69,50,20,0.4,0.0448859519686866
Only UNet,U-Net,UNet,32,2,False,False,0.2,0.2,16,18,70,31,22,0.7096774193548387,0.0552474369549021
Only UNet,U-Net,UNet,32,2,False,False,0.2,0.2,16,18,71,41,18,0.4390243902439024,-0.0266727878604856
Only UNet,U-Net,UNet,32,2,False,False,0.2,0.2,16,18,72,38,22,0.5789473684210527,-0.049057264511284
Only UNet,U-Net,UNet,32,2,False,False,0.2,0.2,16,18,73,44,18,0.4090909090909091,-0.0145395704820019
Only UNet,U-Net,UNet,32,2,False,False,0.2,0.2,16,18,74,37,11,0.2972972972972973,-0.0059033406594586
Only UNet,U-Net,UNet,32,2,False,False,0.2,0.2,16,18,75,29,34,1.1724137931034482,0.0450501838366139
Only UNet,U-Net,UNet,32,2,False,False,0.2,0.2,16,18,76,28,23,0.8214285714285714,0.1719613309270042
Only UNet,U-Net,UNet,32,2,False,False,0.2,0.2,16,18,77,18,12,0.6666666666666666,-0.0125769963034194
Only UNet,U-Net,UNet,32,2,False,False,0.2,0.2,16,18,78,37,16,0.4324324324324324,-0.0062441165145208
Only UNet,U-Net,UNet,32,2,False,False,0.2,0.2,16,18,79,24,16,0.6666666666666666,0.0387127820273257
Only UNet,U-Net,UNet,32,2,False,False,0.2,0.2,16,18,80,38,15,0.3947368421052631,0.0009913964762982
Only UNet,U-Net,UNet,32,2,False,False,0.2,0.2,16,18,81,25,18,0.72,0.0873121332228608
Only UNet,U-Net,UNet,32,2,False,False,0.2,0.2,16,18,82,29,22,0.7586206896551724,-0.0314529840080265
Only UNet,U-Net,UNet,32,2,False,False,0.2,0.2,16,18,83,34,29,0.8529411764705882,0.0181591552425642
Only UNet,U-Net,UNet,32,2,False,False,0.2,0.2,16,18,84,21,18,0.8571428571428571,-0.0084227947233707
Only UNet,U-Net,UNet,32,2,False,False,0.2,0.2,16,18,85,22,8,0.3636363636363636,-0.0051021693241633
Only UNet,U-Net,UNet,32,2,False,False,0.2,0.2,16,18,86,41,30,0.7317073170731707,0.0422632643877683
Only UNet,U-Net,UNet,32,2,False,False,0.2,0.2,16,18,87,28,11,0.3928571428571428,0.0634040671137235
Only UNet,U-Net,UNet,32,2,False,False,0.2,0.2,16,18,88,35,16,0.4571428571428571,0.0005399027957921
Only UNet,U-Net,UNet,32,2,False,False,0.2,0.2,16,18,89,32,43,1.34375,-0.0347542644594038
Only UNet,U-Net,UNet,32,2,False,False,0.2,0.2,16,18,90,29,15,0.5172413793103449,0.0327374217006483
Only UNet,U-Net,UNet,32,2,False,False,0.2,0.2,16,18,91,19,65,3.421052631578948,0.0009262405006705
Only UNet,U-Net,UNet,32,2,False,False,0.2,0.2,16,18,92,45,15,0.3333333333333333,0.0070628096711381
Only UNet,U-Net,UNet,32,2,False,False,0.2,0.2,16,18,93,25,7,0.28,-0.0027791582346577
Only UNet,U-Net,UNet,32,2,False,False,0.2,0.2,16,18,94,32,11,0.34375,0.0790196650078117
Only UNet,U-Net,UNet,32,2,False,False,0.2,0.2,16,18,95,41,17,0.4146341463414634,0.0041133373495168
Only UNet,U-Net,UNet,32,2,False,False,0.2,0.2,16,18,96,16,27,1.6875,-0.0117266954810893
Only UNet,U-Net,UNet,32,2,False,False,0.2,0.2,16,18,97,26,7,0.2692307692307692,-0.0026489967203309
Only UNet,U-Net,UNet,32,2,False,False,0.2,0.2,16,18,98,25,5,0.2,0.0032753679586889
Only UNet,U-Net,UNet,32,2,False,False,0.2,0.2,16,18,99,61,22,0.360655737704918,0.1333726341840884
Only UNet,U-Net,UNet,32,2,False,False,0.2,0.2,16,19,0,33,20,0.6060606060606061,0.0132229920697252
Only UNet,U-Net,UNet,32,2,False,False,0.2,0.2,16,19,1,34,20,0.5882352941176471,0.0438426411482085
Only UNet,U-Net,UNet,32,2,False,False,0.2,0.2,16,19,2,29,46,1.5862068965517242,0.0097942561858548
Only UNet,U-Net,UNet,32,2,False,False,0.2,0.2,16,19,3,28,16,0.5714285714285714,-0.002476621146911
Only UNet,U-Net,UNet,32,2,False,False,0.2,0.2,16,19,4,36,10,0.2777777777777778,-0.0329781906135421
Only UNet,U-Net,UNet,32,2,False,False,0.2,0.2,16,19,5,42,8,0.1904761904761904,0.00149046565298
Only UNet,U-Net,UNet,32,2,False,False,0.2,0.2,16,19,6,28,24,0.8571428571428571,0.0178286037729915
Only UNet,U-Net,UNet,32,2,False,False,0.2,0.2,16,19,7,38,21,0.5526315789473685,0.0494146517196749
Only UNet,U-Net,UNet,32,2,False,False,0.2,0.2,16,19,8,33,33,1.0,0.0170319781207551
Only UNet,U-Net,UNet,32,2,False,False,0.2,0.2,16,19,9,28,26,0.9285714285714286,0.0125037590572708
Only UNet,U-Net,UNet,32,2,False,False,0.2,0.2,16,19,10,31,20,0.6451612903225806,-0.0561474171870043
Only UNet,U-Net,UNet,32,2,False,False,0.2,0.2,16,19,11,29,11,0.3793103448275862,0.0723573479596065
Only UNet,U-Net,UNet,32,2,False,False,0.2,0.2,16,19,12,29,9,0.3103448275862069,0.0013166955380295
Only UNet,U-Net,UNet,32,2,False,False,0.2,0.2,16,19,13,28,32,1.1428571428571428,-0.0297942714221905
Only UNet,U-Net,UNet,32,2,False,False,0.2,0.2,16,19,14,29,29,1.0,0.0425268615947815
Only UNet,U-Net,UNet,32,2,False,False,0.2,0.2,16,19,15,42,9,0.2142857142857142,0.0028554887592731
Only UNet,U-Net,UNet,32,2,False,False,0.2,0.2,16,19,16,58,29,0.5,0.0281014468094136
Only UNet,U-Net,UNet,32,2,False,False,0.2,0.2,16,19,17,35,19,0.5428571428571428,0.0004954080750268
Only UNet,U-Net,UNet,32,2,False,False,0.2,0.2,16,19,18,17,17,1.0,-0.0022103053038941
Only UNet,U-Net,UNet,32,2,False,False,0.2,0.2,16,19,19,17,12,0.7058823529411765,0.0345940361423374
Only UNet,U-Net,UNet,32,2,False,False,0.2,0.2,16,19,20,27,21,0.7777777777777778,0.0104208767624724
Only UNet,U-Net,UNet,32,2,False,False,0.2,0.2,16,19,21,40,16,0.4,0.0430262214545702
Only UNet,U-Net,UNet,32,2,False,False,0.2,0.2,16,19,22,45,22,0.4888888888888889,-0.0105103292226615
Only UNet,U-Net,UNet,32,2,False,False,0.2,0.2,16,19,23,23,24,1.0434782608695652,0.0784498659359439
Only UNet,U-Net,UNet,32,2,False,False,0.2,0.2,16,19,24,20,12,0.6,0.0057413714565644
Only UNet,U-Net,UNet,32,2,False,False,0.2,0.2,16,19,25,18,11,0.6111111111111112,-0.0016189459001504
Only UNet,U-Net,UNet,32,2,False,False,0.2,0.2,16,19,26,34,13,0.3823529411764705,0.0326054870853406
Only UNet,U-Net,UNet,32,2,False,False,0.2,0.2,16,19,27,35,8,0.2285714285714285,0.0789989216924894
Only UNet,U-Net,UNet,32,2,False,False,0.2,0.2,16,19,28,33,26,0.7878787878787878,-0.0060824529264676
Only UNet,U-Net,UNet,32,2,False,False,0.2,0.2,16,19,29,40,20,0.5,-0.0325594620145072
Only UNet,U-Net,UNet,32,2,False,False,0.2,0.2,16,19,30,19,8,0.4210526315789473,0.0823104274687404
Only UNet,U-Net,UNet,32,2,False,False,0.2,0.2,16,19,31,37,24,0.6486486486486487,0.0100299690685967
Only UNet,U-Net,UNet,32,2,False,False,0.2,0.2,16,19,32,37,19,0.5135135135135135,0.0162459014773891
Only UNet,U-Net,UNet,32,2,False,False,0.2,0.2,16,19,33,31,11,0.3548387096774194,-0.012020454847131
Only UNet,U-Net,UNet,32,2,False,False,0.2,0.2,16,19,34,25,13,0.52,0.0152448646271393
Only UNet,U-Net,UNet,32,2,False,False,0.2,0.2,16,19,35,25,37,1.48,-0.0200451916484865
Only UNet,U-Net,UNet,32,2,False,False,0.2,0.2,16,19,36,26,18,0.6923076923076923,-0.0125843717159741
Only UNet,U-Net,UNet,32,2,False,False,0.2,0.2,16,19,37,27,8,0.2962962962962963,0.0209185747168962
Only UNet,U-Net,UNet,32,2,False,False,0.2,0.2,16,19,38,44,10,0.2272727272727272,-0.0127840273921936
Only UNet,U-Net,UNet,32,2,False,False,0.2,0.2,16,19,39,19,8,0.4210526315789473,0.0006487369473163
Only UNet,U-Net,UNet,32,2,False,False,0.2,0.2,16,19,40,41,23,0.5609756097560976,0.0280371428156095
Only UNet,U-Net,UNet,32,2,False,False,0.2,0.2,16,19,41,32,30,0.9375,0.0032211075614478
Only UNet,U-Net,UNet,32,2,False,False,0.2,0.2,16,19,42,32,24,0.75,0.0078400584502158
Only UNet,U-Net,UNet,32,2,False,False,0.2,0.2,16,19,43,28,15,0.5357142857142857,0.0687812037456627
Only UNet,U-Net,UNet,32,2,False,False,0.2,0.2,16,19,44,41,32,0.7804878048780488,-0.0524258729662623
Only UNet,U-Net,UNet,32,2,False,False,0.2,0.2,16,19,45,30,11,0.3666666666666666,0.0058194038222962
Only UNet,U-Net,UNet,32,2,False,False,0.2,0.2,16,19,46,21,12,0.5714285714285714,-0.0034541731967834
Only UNet,U-Net,UNet,32,2,False,False,0.2,0.2,16,19,47,28,13,0.4642857142857143,0.0069663479647691
Only UNet,U-Net,UNet,32,2,False,False,0.2,0.2,16,19,48,17,58,3.411764705882353,0.0551984227136277
Only UNet,U-Net,UNet,32,2,False,False,0.2,0.2,16,19,49,20,19,0.95,0.0256905848945299
Only UNet,U-Net,UNet,32,2,False,False,0.2,0.2,16,19,50,34,18,0.5294117647058824,0.0070808332058337
Only UNet,U-Net,UNet,32,2,False,False,0.2,0.2,16,19,51,41,44,1.0731707317073171,0.0330668373661558
Only UNet,U-Net,UNet,32,2,False,False,0.2,0.2,16,19,52,46,25,0.5434782608695652,0.0857105450347847
Only UNet,U-Net,UNet,32,2,False,False,0.2,0.2,16,19,53,18,13,0.7222222222222222,0.0116996805124693
Only UNet,U-Net,UNet,32,2,False,False,0.2,0.2,16,19,54,30,23,0.7666666666666667,-0.0252119124278691
Only UNet,U-Net,UNet,32,2,False,False,0.2,0.2,16,19,55,40,14,0.35,0.0372890088867294
Only UNet,U-Net,UNet,32,2,False,False,0.2,0.2,16,19,56,29,34,1.1724137931034482,0.0210828267691023
Only UNet,U-Net,UNet,32,2,False,False,0.2,0.2,16,19,57,38,26,0.6842105263157895,0.0148849348278528
Only UNet,U-Net,UNet,32,2,False,False,0.2,0.2,16,19,58,29,14,0.4827586206896552,0.01128792288331
Only UNet,U-Net,UNet,32,2,False,False,0.2,0.2,16,19,59,25,12,0.48,-0.0018454879501184
Only UNet,U-Net,UNet,32,2,False,False,0.2,0.2,16,19,60,35,15,0.4285714285714285,0.0062713999715433
Only UNet,U-Net,UNet,32,2,False,False,0.2,0.2,16,19,61,18,66,3.6666666666666665,-0.0165466197127009
Only UNet,U-Net,UNet,32,2,False,False,0.2,0.2,16,19,62,24,11,0.4583333333333333,-0.0173665232760484
Only UNet,U-Net,UNet,32,2,False,False,0.2,0.2,16,19,63,15,21,1.4,0.0176118564998432
Only UNet,U-Net,UNet,32,2,False,False,0.2,0.2,16,19,64,22,19,0.8636363636363636,-0.0113121519219993
Only UNet,U-Net,UNet,32,2,False,False,0.2,0.2,16,19,65,20,11,0.55,-0.0309768023464341
Only UNet,U-Net,UNet,32,2,False,False,0.2,0.2,16,19,66,31,21,0.6774193548387096,-0.003441729872447
Only UNet,U-Net,UNet,32,2,False,False,0.2,0.2,16,19,67,46,30,0.6521739130434783,0.0067475431459574
Only UNet,U-Net,UNet,32,2,False,False,0.2,0.2,16,19,68,29,42,1.4482758620689655,-0.0167419403850157
Only UNet,U-Net,UNet,32,2,False,False,0.2,0.2,16,19,69,50,23,0.46,0.0507350379621496
Only UNet,U-Net,UNet,32,2,False,False,0.2,0.2,16,19,70,31,22,0.7096774193548387,0.0197181841203135
Only UNet,U-Net,UNet,32,2,False,False,0.2,0.2,16,19,71,41,32,0.7804878048780488,-0.029216388274539
Only UNet,U-Net,UNet,32,2,False,False,0.2,0.2,16,19,72,38,23,0.6052631578947368,-0.0383810913733163
Only UNet,U-Net,UNet,32,2,False,False,0.2,0.2,16,19,73,44,19,0.4318181818181818,0.0025411393844257
Only UNet,U-Net,UNet,32,2,False,False,0.2,0.2,16,19,74,37,11,0.2972972972972973,0.0019449456445692
Only UNet,U-Net,UNet,32,2,False,False,0.2,0.2,16,19,75,29,10,0.3448275862068966,0.0272228275151967
Only UNet,U-Net,UNet,32,2,False,False,0.2,0.2,16,19,76,28,15,0.5357142857142857,0.2663721407116866
Only UNet,U-Net,UNet,32,2,False,False,0.2,0.2,16,19,77,18,8,0.4444444444444444,-0.0102173543896547
Only UNet,U-Net,UNet,32,2,False,False,0.2,0.2,16,19,78,37,19,0.5135135135135135,-0.0247432565963947
Only UNet,U-Net,UNet,32,2,False,False,0.2,0.2,16,19,79,24,8,0.3333333333333333,-0.0030423377578239
Only UNet,U-Net,UNet,32,2,False,False,0.2,0.2,16,19,80,38,13,0.3421052631578947,0.0928736440836645
Only UNet,U-Net,UNet,32,2,False,False,0.2,0.2,16,19,81,25,12,0.48,0.0985690695177326
Only UNet,U-Net,UNet,32,2,False,False,0.2,0.2,16,19,82,29,16,0.5517241379310345,0.0120275575484631
Only UNet,U-Net,UNet,32,2,False,False,0.2,0.2,16,19,83,34,22,0.6470588235294118,0.0240843205555386
Only UNet,U-Net,UNet,32,2,False,False,0.2,0.2,16,19,84,21,11,0.5238095238095238,-0.0011115677958985
Only UNet,U-Net,UNet,32,2,False,False,0.2,0.2,16,19,85,22,11,0.5,0.0088860145465428
Only UNet,U-Net,UNet,32,2,False,False,0.2,0.2,16,19,86,41,30,0.7317073170731707,0.0034188107273042
Only UNet,U-Net,UNet,32,2,False,False,0.2,0.2,16,19,87,28,7,0.25,0.0717276137674932
Only UNet,U-Net,UNet,32,2,False,False,0.2,0.2,16,19,88,35,16,0.4571428571428571,-0.0195402307166526
Only UNet,U-Net,UNet,32,2,False,False,0.2,0.2,16,19,89,32,22,0.6875,-0.0156155662648471
Only UNet,U-Net,UNet,32,2,False,False,0.2,0.2,16,19,90,29,61,2.103448275862069,0.0236289973985905
Only UNet,U-Net,UNet,32,2,False,False,0.2,0.2,16,19,91,19,29,1.5263157894736843,0.0243325010630526
Only UNet,U-Net,UNet,32,2,False,False,0.2,0.2,16,19,92,45,30,0.6666666666666666,0.0185372508576464
Only UNet,U-Net,UNet,32,2,False,False,0.2,0.2,16,19,93,25,7,0.28,-0.001012580077545
Only UNet,U-Net,UNet,32,2,False,False,0.2,0.2,16,19,94,32,10,0.3125,0.1002464836829432
Only UNet,U-Net,UNet,32,2,False,False,0.2,0.2,16,19,95,41,18,0.4390243902439024,-0.0091881649956949
Only UNet,U-Net,UNet,32,2,False,False,0.2,0.2,16,19,96,16,23,1.4375,0.0074277524766175
Only UNet,U-Net,UNet,32,2,False,False,0.2,0.2,16,19,97,26,11,0.4230769230769231,0.0099513066539703
Only UNet,U-Net,UNet,32,2,False,False,0.2,0.2,16,19,98,25,10,0.4,0.0061663492464053
Only UNet,U-Net,UNet,32,2,False,False,0.2,0.2,16,19,99,61,16,0.2622950819672131,0.0485991358475181
