Strategy,Model,First step,NIF,N_conv,use cbam,use augmentation,probability of augmentation,dataset portion,batch size,seed,Input ID,Number of FEM iterations for the full-FEM strategy,Number of FEM iterations for the hybrid strategy,Ratio of FEM iterations (Hybrid / full-FEM),Relative compliance error
Only UNet,U-Net,UNet,32,2,False,False,0.2,1,16,0,0,33,34,1.0303030303030303,0.028535831599973197
Only UNet,U-Net,UNet,32,2,False,False,0.2,1,16,0,1,34,31,0.9117647058823529,0.0016909868338160746
Only UNet,U-Net,UNet,32,2,False,False,0.2,1,16,0,2,29,10,0.3448275862068966,0.20395289412808823
Only UNet,U-Net,UNet,32,2,False,False,0.2,1,16,0,3,28,12,0.42857142857142855,-0.015215836962066253
Only UNet,U-Net,UNet,32,2,False,False,0.2,1,16,0,4,36,28,0.7777777777777778,0.073993070669965
Only UNet,U-Net,UNet,32,2,False,False,0.2,1,16,0,5,42,10,0.23809523809523808,0.00577642241114836
Only UNet,U-Net,UNet,32,2,False,False,0.2,1,16,0,6,28,36,1.2857142857142858,0.02100160636466312
Only UNet,U-Net,UNet,32,2,False,False,0.2,1,16,0,7,38,27,0.7105263157894737,-0.009005488190731808
Only UNet,U-Net,UNet,32,2,False,False,0.2,1,16,0,8,33,12,0.36363636363636365,-0.005771626501897273
Only UNet,U-Net,UNet,32,2,False,False,0.2,1,16,0,9,28,20,0.7142857142857143,0.04314403881021358
Only UNet,U-Net,UNet,32,2,False,False,0.2,1,16,0,10,31,21,0.6774193548387096,-0.059637388924274566
Only UNet,U-Net,UNet,32,2,False,False,0.2,1,16,0,11,29,12,0.41379310344827586,0.060643034777638424
Only UNet,U-Net,UNet,32,2,False,False,0.2,1,16,0,12,29,14,0.4827586206896552,0.02118234507196322
Only UNet,U-Net,UNet,32,2,False,False,0.2,1,16,0,13,28,24,0.8571428571428571,-0.03244741304403809
Only UNet,U-Net,UNet,32,2,False,False,0.2,1,16,0,14,29,27,0.9310344827586207,0.005421137766109832
Only UNet,U-Net,UNet,32,2,False,False,0.2,1,16,0,15,42,14,0.3333333333333333,0.02817078351243157
Only UNet,U-Net,UNet,32,2,False,False,0.2,1,16,0,16,58,8,0.13793103448275862,0.021914166105498588
Only UNet,U-Net,UNet,32,2,False,False,0.2,1,16,0,17,35,19,0.5428571428571428,0.014230864261662427
Only UNet,U-Net,UNet,32,2,False,False,0.2,1,16,0,18,17,9,0.5294117647058824,0.0012542331884208401
Only UNet,U-Net,UNet,32,2,False,False,0.2,1,16,0,19,17,12,0.7058823529411765,-0.00302300764495071
Only UNet,U-Net,UNet,32,2,False,False,0.2,1,16,0,20,27,8,0.2962962962962963,0.010465325849377073
Only UNet,U-Net,UNet,32,2,False,False,0.2,1,16,0,21,40,36,0.9,-0.02187119929955014
Only UNet,U-Net,UNet,32,2,False,False,0.2,1,16,0,22,45,12,0.26666666666666666,0.0036053620957382944
Only UNet,U-Net,UNet,32,2,False,False,0.2,1,16,0,23,23,24,1.0434782608695652,0.03882981231032146
Only UNet,U-Net,UNet,32,2,False,False,0.2,1,16,0,24,20,11,0.55,0.0013640640741598663
Only UNet,U-Net,UNet,32,2,False,False,0.2,1,16,0,25,18,9,0.5,0.011009734989005732
Only UNet,U-Net,UNet,32,2,False,False,0.2,1,16,0,26,34,26,0.7647058823529411,0.003961922862713327
Only UNet,U-Net,UNet,32,2,False,False,0.2,1,16,0,27,35,18,0.5142857142857142,0.00016445049305446782
Only UNet,U-Net,UNet,32,2,False,False,0.2,1,16,0,28,33,30,0.9090909090909091,-0.008158333912051764
Only UNet,U-Net,UNet,32,2,False,False,0.2,1,16,0,29,40,10,0.25,-0.02974344630230788
Only UNet,U-Net,UNet,32,2,False,False,0.2,1,16,0,30,19,8,0.42105263157894735,0.02781673315779201
Only UNet,U-Net,UNet,32,2,False,False,0.2,1,16,0,31,37,12,0.32432432432432434,-0.02391255731860038
Only UNet,U-Net,UNet,32,2,False,False,0.2,1,16,0,32,37,18,0.4864864864864865,0.037693684725130426
Only UNet,U-Net,UNet,32,2,False,False,0.2,1,16,0,33,31,8,0.25806451612903225,-0.01185833392488503
Only UNet,U-Net,UNet,32,2,False,False,0.2,1,16,0,34,25,21,0.84,0.05747386916029871
Only UNet,U-Net,UNet,32,2,False,False,0.2,1,16,0,35,25,21,0.84,-0.01434384492232287
Only UNet,U-Net,UNet,32,2,False,False,0.2,1,16,0,36,26,18,0.6923076923076923,-0.010912409899835464
Only UNet,U-Net,UNet,32,2,False,False,0.2,1,16,0,37,27,15,0.5555555555555556,0.011035728947499721
Only UNet,U-Net,UNet,32,2,False,False,0.2,1,16,0,38,44,17,0.38636363636363635,-0.01804162802711446
Only UNet,U-Net,UNet,32,2,False,False,0.2,1,16,0,39,19,7,0.3684210526315789,-0.009597205569610011
Only UNet,U-Net,UNet,32,2,False,False,0.2,1,16,0,40,41,20,0.4878048780487805,-0.0015826337196899489
Only UNet,U-Net,UNet,32,2,False,False,0.2,1,16,0,41,32,29,0.90625,0.018265445729837453
Only UNet,U-Net,UNet,32,2,False,False,0.2,1,16,0,42,32,21,0.65625,0.022415491249987422
Only UNet,U-Net,UNet,32,2,False,False,0.2,1,16,0,43,28,9,0.32142857142857145,-0.03802159809083737
Only UNet,U-Net,UNet,32,2,False,False,0.2,1,16,0,44,41,11,0.2682926829268293,-0.011683396381333599
Only UNet,U-Net,UNet,32,2,False,False,0.2,1,16,0,45,30,13,0.43333333333333335,-0.0011328632855552518
Only UNet,U-Net,UNet,32,2,False,False,0.2,1,16,0,46,21,24,1.1428571428571428,-0.023806885923689323
Only UNet,U-Net,UNet,32,2,False,False,0.2,1,16,0,47,28,22,0.7857142857142857,0.018149819277591222
Only UNet,U-Net,UNet,32,2,False,False,0.2,1,16,0,48,17,24,1.411764705882353,0.043760917363968845
Only UNet,U-Net,UNet,32,2,False,False,0.2,1,16,0,49,20,18,0.9,0.02215927980685135
Only UNet,U-Net,UNet,32,2,False,False,0.2,1,16,0,50,34,16,0.47058823529411764,0.026142206696731316
Only UNet,U-Net,UNet,32,2,False,False,0.2,1,16,0,51,41,14,0.34146341463414637,-0.010112209217732055
Only UNet,U-Net,UNet,32,2,False,False,0.2,1,16,0,52,46,9,0.1956521739130435,0.0569056532797099
Only UNet,U-Net,UNet,32,2,False,False,0.2,1,16,0,53,18,12,0.6666666666666666,0.001742714198296071
Only UNet,U-Net,UNet,32,2,False,False,0.2,1,16,0,54,30,23,0.7666666666666667,-0.043036290632016895
Only UNet,U-Net,UNet,32,2,False,False,0.2,1,16,0,55,40,14,0.35,0.015330843229616817
Only UNet,U-Net,UNet,32,2,False,False,0.2,1,16,0,56,29,16,0.5517241379310345,0.045287204030753224
Only UNet,U-Net,UNet,32,2,False,False,0.2,1,16,0,57,38,12,0.3157894736842105,0.0045781312902901635
Only UNet,U-Net,UNet,32,2,False,False,0.2,1,16,0,58,29,26,0.896551724137931,0.010372963831694153
Only UNet,U-Net,UNet,32,2,False,False,0.2,1,16,0,59,25,8,0.32,0.014448639602332272
Only UNet,U-Net,UNet,32,2,False,False,0.2,1,16,0,60,35,8,0.22857142857142856,0.0042530831413780555
Only UNet,U-Net,UNet,32,2,False,False,0.2,1,16,0,61,18,9,0.5,-0.00359500080119225
Only UNet,U-Net,UNet,32,2,False,False,0.2,1,16,0,62,24,18,0.75,-0.026181221478342356
Only UNet,U-Net,UNet,32,2,False,False,0.2,1,16,0,63,15,14,0.9333333333333333,0.026064595158165022
Only UNet,U-Net,UNet,32,2,False,False,0.2,1,16,0,64,22,15,0.6818181818181818,-0.013689597080516149
Only UNet,U-Net,UNet,32,2,False,False,0.2,1,16,0,65,20,10,0.5,-0.04045033597819181
Only UNet,U-Net,UNet,32,2,False,False,0.2,1,16,0,66,31,10,0.3225806451612903,0.02467428761489488
Only UNet,U-Net,UNet,32,2,False,False,0.2,1,16,0,67,46,7,0.15217391304347827,0.05029599995099564
Only UNet,U-Net,UNet,32,2,False,False,0.2,1,16,0,68,29,15,0.5172413793103449,-0.021602975684694468
Only UNet,U-Net,UNet,32,2,False,False,0.2,1,16,0,69,50,18,0.36,0.02333591218712008
Only UNet,U-Net,UNet,32,2,False,False,0.2,1,16,0,70,31,18,0.5806451612903226,0.02286627238349885
Only UNet,U-Net,UNet,32,2,False,False,0.2,1,16,0,71,41,16,0.3902439024390244,-0.03942430521249911
Only UNet,U-Net,UNet,32,2,False,False,0.2,1,16,0,72,38,11,0.2894736842105263,-0.04281495401253957
Only UNet,U-Net,UNet,32,2,False,False,0.2,1,16,0,73,44,19,0.4318181818181818,-0.017577557435856594
Only UNet,U-Net,UNet,32,2,False,False,0.2,1,16,0,74,37,11,0.2972972972972973,0.041506489123370544
Only UNet,U-Net,UNet,32,2,False,False,0.2,1,16,0,75,29,10,0.3448275862068966,0.03906922820686938
Only UNet,U-Net,UNet,32,2,False,False,0.2,1,16,0,76,28,13,0.4642857142857143,-0.0009908262111599053
Only UNet,U-Net,UNet,32,2,False,False,0.2,1,16,0,77,18,10,0.5555555555555556,-0.013959415512671037
Only UNet,U-Net,UNet,32,2,False,False,0.2,1,16,0,78,37,21,0.5675675675675675,-0.05412489235361972
Only UNet,U-Net,UNet,32,2,False,False,0.2,1,16,0,79,24,11,0.4583333333333333,0.021180765003933073
Only UNet,U-Net,UNet,32,2,False,False,0.2,1,16,0,80,38,6,0.15789473684210525,0.0210597206643659
Only UNet,U-Net,UNet,32,2,False,False,0.2,1,16,0,81,25,9,0.36,0.09440103260997587
Only UNet,U-Net,UNet,32,2,False,False,0.2,1,16,0,82,29,18,0.6206896551724138,-0.0327876926781888
Only UNet,U-Net,UNet,32,2,False,False,0.2,1,16,0,83,34,8,0.23529411764705882,-0.01625034243748239
Only UNet,U-Net,UNet,32,2,False,False,0.2,1,16,0,84,21,15,0.7142857142857143,0.001687134880426608
Only UNet,U-Net,UNet,32,2,False,False,0.2,1,16,0,85,22,23,1.0454545454545454,-0.004793039942987271
Only UNet,U-Net,UNet,32,2,False,False,0.2,1,16,0,86,41,9,0.21951219512195122,0.0012750885646417671
Only UNet,U-Net,UNet,32,2,False,False,0.2,1,16,0,87,28,22,0.7857142857142857,0.057703381802402705
Only UNet,U-Net,UNet,32,2,False,False,0.2,1,16,0,88,35,13,0.37142857142857144,0.015055510508389474
Only UNet,U-Net,UNet,32,2,False,False,0.2,1,16,0,89,32,13,0.40625,-0.01735815355623138
Only UNet,U-Net,UNet,32,2,False,False,0.2,1,16,0,90,29,12,0.41379310344827586,-0.010518755277807934
Only UNet,U-Net,UNet,32,2,False,False,0.2,1,16,0,91,19,9,0.47368421052631576,0.03632670061166414
Only UNet,U-Net,UNet,32,2,False,False,0.2,1,16,0,92,45,14,0.3111111111111111,0.02804425807078414
Only UNet,U-Net,UNet,32,2,False,False,0.2,1,16,0,93,25,7,0.28,-0.005628557306000686
Only UNet,U-Net,UNet,32,2,False,False,0.2,1,16,0,94,32,10,0.3125,0.07829217456780407
Only UNet,U-Net,UNet,32,2,False,False,0.2,1,16,0,95,41,15,0.36585365853658536,0.01205616037191219
Only UNet,U-Net,UNet,32,2,False,False,0.2,1,16,0,96,16,18,1.125,-0.02096151770400543
Only UNet,U-Net,UNet,32,2,False,False,0.2,1,16,0,97,26,10,0.38461538461538464,0.011821996800994721
Only UNet,U-Net,UNet,32,2,False,False,0.2,1,16,0,98,25,10,0.4,-0.005186448226558738
Only UNet,U-Net,UNet,32,2,False,False,0.2,1,16,0,99,61,15,0.2459016393442623,0.028946845530789803
Only UNet,U-Net,UNet,32,2,False,False,0.2,1,16,1,0,33,24,0.7272727272727273,0.06708229454754475
Only UNet,U-Net,UNet,32,2,False,False,0.2,1,16,1,1,34,18,0.5294117647058824,0.015050451310086092
Only UNet,U-Net,UNet,32,2,False,False,0.2,1,16,1,2,29,10,0.3448275862068966,0.004530590261229321
Only UNet,U-Net,UNet,32,2,False,False,0.2,1,16,1,3,28,29,1.0357142857142858,-0.00037524251127347616
Only UNet,U-Net,UNet,32,2,False,False,0.2,1,16,1,4,36,18,0.5,-0.009010594917996611
Only UNet,U-Net,UNet,32,2,False,False,0.2,1,16,1,5,42,7,0.16666666666666666,-0.010584776395431818
Only UNet,U-Net,UNet,32,2,False,False,0.2,1,16,1,6,28,8,0.2857142857142857,0.029043282749006177
Only UNet,U-Net,UNet,32,2,False,False,0.2,1,16,1,7,38,11,0.2894736842105263,0.037368758006306936
Only UNet,U-Net,UNet,32,2,False,False,0.2,1,16,1,8,33,4,0.12121212121212122,-0.0014798983169616506
Only UNet,U-Net,UNet,32,2,False,False,0.2,1,16,1,9,28,13,0.4642857142857143,0.05051788249712402
Only UNet,U-Net,UNet,32,2,False,False,0.2,1,16,1,10,31,19,0.6129032258064516,-0.03372074336280208
Only UNet,U-Net,UNet,32,2,False,False,0.2,1,16,1,11,29,13,0.4482758620689655,0.011129011988146103
Only UNet,U-Net,UNet,32,2,False,False,0.2,1,16,1,12,29,7,0.2413793103448276,0.04153764216008005
Only UNet,U-Net,UNet,32,2,False,False,0.2,1,16,1,13,28,12,0.42857142857142855,-0.02055208125946332
Only UNet,U-Net,UNet,32,2,False,False,0.2,1,16,1,14,29,32,1.103448275862069,-0.003362891033488132
Only UNet,U-Net,UNet,32,2,False,False,0.2,1,16,1,15,42,9,0.21428571428571427,0.015692127338404065
Only UNet,U-Net,UNet,32,2,False,False,0.2,1,16,1,16,58,11,0.1896551724137931,0.08982873541831433
Only UNet,U-Net,UNet,32,2,False,False,0.2,1,16,1,17,35,11,0.3142857142857143,-0.0042722709319044675
Only UNet,U-Net,UNet,32,2,False,False,0.2,1,16,1,18,17,10,0.5882352941176471,-0.016047960699388974
Only UNet,U-Net,UNet,32,2,False,False,0.2,1,16,1,19,17,17,1.0,0.09850342572440136
Only UNet,U-Net,UNet,32,2,False,False,0.2,1,16,1,20,27,22,0.8148148148148148,0.002461844427560847
Only UNet,U-Net,UNet,32,2,False,False,0.2,1,16,1,21,40,13,0.325,0.02242693509691435
Only UNet,U-Net,UNet,32,2,False,False,0.2,1,16,1,22,45,13,0.28888888888888886,-0.00663196575520877
Only UNet,U-Net,UNet,32,2,False,False,0.2,1,16,1,23,23,24,1.0434782608695652,0.0039558472553699285
Only UNet,U-Net,UNet,32,2,False,False,0.2,1,16,1,24,20,21,1.05,-0.0035771007916725315
Only UNet,U-Net,UNet,32,2,False,False,0.2,1,16,1,25,18,9,0.5,-0.004075116839997585
Only UNet,U-Net,UNet,32,2,False,False,0.2,1,16,1,26,34,9,0.2647058823529412,0.002168032474964133
Only UNet,U-Net,UNet,32,2,False,False,0.2,1,16,1,27,35,19,0.5428571428571428,0.059400940619303046
Only UNet,U-Net,UNet,32,2,False,False,0.2,1,16,1,28,33,14,0.42424242424242425,0.010066249960639958
Only UNet,U-Net,UNet,32,2,False,False,0.2,1,16,1,29,40,11,0.275,-0.00039536003313493613
Only UNet,U-Net,UNet,32,2,False,False,0.2,1,16,1,30,19,7,0.3684210526315789,0.03995953411127103
Only UNet,U-Net,UNet,32,2,False,False,0.2,1,16,1,31,37,7,0.1891891891891892,-0.015545805032098781
Only UNet,U-Net,UNet,32,2,False,False,0.2,1,16,1,32,37,19,0.5135135135135135,0.007849923794946785
Only UNet,U-Net,UNet,32,2,False,False,0.2,1,16,1,33,31,9,0.2903225806451613,-0.006522055674638047
Only UNet,U-Net,UNet,32,2,False,False,0.2,1,16,1,34,25,23,0.92,0.05648813908613482
Only UNet,U-Net,UNet,32,2,False,False,0.2,1,16,1,35,25,27,1.08,-0.030663578042148577
Only UNet,U-Net,UNet,32,2,False,False,0.2,1,16,1,36,26,25,0.9615384615384616,-0.03259150873156314
Only UNet,U-Net,UNet,32,2,False,False,0.2,1,16,1,37,27,10,0.37037037037037035,-0.008938655965070813
Only UNet,U-Net,UNet,32,2,False,False,0.2,1,16,1,38,44,8,0.18181818181818182,-0.028823439398389192
Only UNet,U-Net,UNet,32,2,False,False,0.2,1,16,1,39,19,9,0.47368421052631576,-0.009330484777594338
Only UNet,U-Net,UNet,32,2,False,False,0.2,1,16,1,40,41,22,0.5365853658536586,0.006608533226051856
Only UNet,U-Net,UNet,32,2,False,False,0.2,1,16,1,41,32,21,0.65625,0.010692281746396887
Only UNet,U-Net,UNet,32,2,False,False,0.2,1,16,1,42,32,28,0.875,0.020958745901494318
Only UNet,U-Net,UNet,32,2,False,False,0.2,1,16,1,43,28,21,0.75,-0.004000621041841956
Only UNet,U-Net,UNet,32,2,False,False,0.2,1,16,1,44,41,11,0.2682926829268293,-0.015765669803863482
Only UNet,U-Net,UNet,32,2,False,False,0.2,1,16,1,45,30,15,0.5,-0.016112769655007346
Only UNet,U-Net,UNet,32,2,False,False,0.2,1,16,1,46,21,12,0.5714285714285714,-0.04049139913613085
Only UNet,U-Net,UNet,32,2,False,False,0.2,1,16,1,47,28,8,0.2857142857142857,0.007859247564321416
Only UNet,U-Net,UNet,32,2,False,False,0.2,1,16,1,48,17,8,0.47058823529411764,0.02733692746601074
Only UNet,U-Net,UNet,32,2,False,False,0.2,1,16,1,49,20,7,0.35,-0.0010436101944185823
Only UNet,U-Net,UNet,32,2,False,False,0.2,1,16,1,50,34,12,0.35294117647058826,0.01212697542262948
Only UNet,U-Net,UNet,32,2,False,False,0.2,1,16,1,51,41,37,0.9024390243902439,0.0060352588351414655
Only UNet,U-Net,UNet,32,2,False,False,0.2,1,16,1,52,46,20,0.43478260869565216,0.07467071977193446
Only UNet,U-Net,UNet,32,2,False,False,0.2,1,16,1,53,18,9,0.5,0.008847130061353237
Only UNet,U-Net,UNet,32,2,False,False,0.2,1,16,1,54,30,21,0.7,-0.04460376689285734
Only UNet,U-Net,UNet,32,2,False,False,0.2,1,16,1,55,40,27,0.675,0.12155521375979475
Only UNet,U-Net,UNet,32,2,False,False,0.2,1,16,1,56,29,13,0.4482758620689655,-0.0034927406082951385
Only UNet,U-Net,UNet,32,2,False,False,0.2,1,16,1,57,38,13,0.34210526315789475,0.021517445306341348
Only UNet,U-Net,UNet,32,2,False,False,0.2,1,16,1,58,29,17,0.5862068965517241,-0.004288515520563416
Only UNet,U-Net,UNet,32,2,False,False,0.2,1,16,1,59,25,11,0.44,0.0054703771785083325
Only UNet,U-Net,UNet,32,2,False,False,0.2,1,16,1,60,35,10,0.2857142857142857,-0.012878578387651905
Only UNet,U-Net,UNet,32,2,False,False,0.2,1,16,1,61,18,12,0.6666666666666666,-0.001227720684169155
Only UNet,U-Net,UNet,32,2,False,False,0.2,1,16,1,62,24,14,0.5833333333333334,0.0032903687156604694
Only UNet,U-Net,UNet,32,2,False,False,0.2,1,16,1,63,15,7,0.4666666666666667,-0.00739017106174583
Only UNet,U-Net,UNet,32,2,False,False,0.2,1,16,1,64,22,11,0.5,0.019517761984676803
Only UNet,U-Net,UNet,32,2,False,False,0.2,1,16,1,65,20,8,0.4,-0.013246440332652088
Only UNet,U-Net,UNet,32,2,False,False,0.2,1,16,1,66,31,9,0.2903225806451613,0.024778841167715827
Only UNet,U-Net,UNet,32,2,False,False,0.2,1,16,1,67,46,4,0.08695652173913043,0.01498767744513043
Only UNet,U-Net,UNet,32,2,False,False,0.2,1,16,1,68,29,9,0.3103448275862069,0.03648995256236389
Only UNet,U-Net,UNet,32,2,False,False,0.2,1,16,1,69,50,12,0.24,0.05274441102922119
Only UNet,U-Net,UNet,32,2,False,False,0.2,1,16,1,70,31,19,0.6129032258064516,0.06326398482873243
Only UNet,U-Net,UNet,32,2,False,False,0.2,1,16,1,71,41,19,0.4634146341463415,0.001958549277064899
Only UNet,U-Net,UNet,32,2,False,False,0.2,1,16,1,72,38,21,0.5526315789473685,-0.04909615039227132
Only UNet,U-Net,UNet,32,2,False,False,0.2,1,16,1,73,44,16,0.36363636363636365,0.04135428647927663
Only UNet,U-Net,UNet,32,2,False,False,0.2,1,16,1,74,37,11,0.2972972972972973,0.006741023356969647
Only UNet,U-Net,UNet,32,2,False,False,0.2,1,16,1,75,29,10,0.3448275862068966,-0.003219036141576165
Only UNet,U-Net,UNet,32,2,False,False,0.2,1,16,1,76,28,20,0.7142857142857143,0.011506379597046328
Only UNet,U-Net,UNet,32,2,False,False,0.2,1,16,1,77,18,6,0.3333333333333333,-0.00990129164084416
Only UNet,U-Net,UNet,32,2,False,False,0.2,1,16,1,78,37,16,0.43243243243243246,-0.036313603244885806
Only UNet,U-Net,UNet,32,2,False,False,0.2,1,16,1,79,24,15,0.625,0.009756129381647861
Only UNet,U-Net,UNet,32,2,False,False,0.2,1,16,1,80,38,8,0.21052631578947367,0.02183115664218662
Only UNet,U-Net,UNet,32,2,False,False,0.2,1,16,1,81,25,10,0.4,0.09365456421510829
Only UNet,U-Net,UNet,32,2,False,False,0.2,1,16,1,82,29,14,0.4827586206896552,-0.03903480048382309
Only UNet,U-Net,UNet,32,2,False,False,0.2,1,16,1,83,34,14,0.4117647058823529,-0.006658644307519744
Only UNet,U-Net,UNet,32,2,False,False,0.2,1,16,1,84,21,25,1.1904761904761905,-0.012434350989380859
Only UNet,U-Net,UNet,32,2,False,False,0.2,1,16,1,85,22,8,0.36363636363636365,0.011000391782598122
Only UNet,U-Net,UNet,32,2,False,False,0.2,1,16,1,86,41,23,0.5609756097560976,0.0025191799500268466
Only UNet,U-Net,UNet,32,2,False,False,0.2,1,16,1,87,28,7,0.25,0.07587249259938268
Only UNet,U-Net,UNet,32,2,False,False,0.2,1,16,1,88,35,13,0.37142857142857144,0.00619477413885504
Only UNet,U-Net,UNet,32,2,False,False,0.2,1,16,1,89,32,20,0.625,-0.03397063934514087
Only UNet,U-Net,UNet,32,2,False,False,0.2,1,16,1,90,29,9,0.3103448275862069,0.024107413300256068
Only UNet,U-Net,UNet,32,2,False,False,0.2,1,16,1,91,19,9,0.47368421052631576,0.015474819281049315
Only UNet,U-Net,UNet,32,2,False,False,0.2,1,16,1,92,45,22,0.4888888888888889,0.026041540487383438
Only UNet,U-Net,UNet,32,2,False,False,0.2,1,16,1,93,25,9,0.36,-0.0009098933233128703
Only UNet,U-Net,UNet,32,2,False,False,0.2,1,16,1,94,32,6,0.1875,0.08277998528029619
Only UNet,U-Net,UNet,32,2,False,False,0.2,1,16,1,95,41,23,0.5609756097560976,0.01006971580403684
Only UNet,U-Net,UNet,32,2,False,False,0.2,1,16,1,96,16,32,2.0,-0.01600852037902658
Only UNet,U-Net,UNet,32,2,False,False,0.2,1,16,1,97,26,6,0.23076923076923078,0.03563636792889001
Only UNet,U-Net,UNet,32,2,False,False,0.2,1,16,1,98,25,16,0.64,0.002400328059930278
Only UNet,U-Net,UNet,32,2,False,False,0.2,1,16,1,99,61,20,0.32786885245901637,0.01036629188245453
Only UNet,U-Net,UNet,32,2,False,False,0.2,1,16,2,0,33,18,0.5454545454545454,0.01554159277477199
Only UNet,U-Net,UNet,32,2,False,False,0.2,1,16,2,1,34,18,0.5294117647058824,0.020924581493111147
Only UNet,U-Net,UNet,32,2,False,False,0.2,1,16,2,2,29,13,0.4482758620689655,0.0035918110027208174
Only UNet,U-Net,UNet,32,2,False,False,0.2,1,16,2,3,28,28,1.0,-0.0084542713820085
Only UNet,U-Net,UNet,32,2,False,False,0.2,1,16,2,4,36,25,0.6944444444444444,0.008470500344936748
Only UNet,U-Net,UNet,32,2,False,False,0.2,1,16,2,5,42,12,0.2857142857142857,-0.010286068545938228
Only UNet,U-Net,UNet,32,2,False,False,0.2,1,16,2,6,28,39,1.3928571428571428,0.01797535160518544
Only UNet,U-Net,UNet,32,2,False,False,0.2,1,16,2,7,38,11,0.2894736842105263,0.02293502378250659
Only UNet,U-Net,UNet,32,2,False,False,0.2,1,16,2,8,33,15,0.45454545454545453,-0.005262450140504997
Only UNet,U-Net,UNet,32,2,False,False,0.2,1,16,2,9,28,18,0.6428571428571429,0.030856935392091493
Only UNet,U-Net,UNet,32,2,False,False,0.2,1,16,2,10,31,23,0.7419354838709677,-0.026554933945650408
Only UNet,U-Net,UNet,32,2,False,False,0.2,1,16,2,11,29,34,1.1724137931034482,0.01642835548467617
Only UNet,U-Net,UNet,32,2,False,False,0.2,1,16,2,12,29,8,0.27586206896551724,0.047807480014202555
Only UNet,U-Net,UNet,32,2,False,False,0.2,1,16,2,13,28,18,0.6428571428571429,-0.003682487147300898
Only UNet,U-Net,UNet,32,2,False,False,0.2,1,16,2,14,29,13,0.4482758620689655,0.006950198600060811
Only UNet,U-Net,UNet,32,2,False,False,0.2,1,16,2,15,42,6,0.14285714285714285,0.015030931454920302
Only UNet,U-Net,UNet,32,2,False,False,0.2,1,16,2,16,58,24,0.41379310344827586,0.0546218017682763
Only UNet,U-Net,UNet,32,2,False,False,0.2,1,16,2,17,35,33,0.9428571428571428,-0.005154471534573737
Only UNet,U-Net,UNet,32,2,False,False,0.2,1,16,2,18,17,10,0.5882352941176471,-0.014166098452413586
Only UNet,U-Net,UNet,32,2,False,False,0.2,1,16,2,19,17,16,0.9411764705882353,0.05051470841111019
Only UNet,U-Net,UNet,32,2,False,False,0.2,1,16,2,20,27,24,0.8888888888888888,-0.0010158732980894408
Only UNet,U-Net,UNet,32,2,False,False,0.2,1,16,2,21,40,17,0.425,0.02693292697153467
Only UNet,U-Net,UNet,32,2,False,False,0.2,1,16,2,22,45,9,0.2,-0.005667517420327088
Only UNet,U-Net,UNet,32,2,False,False,0.2,1,16,2,23,23,6,0.2608695652173913,-0.027379857980494415
Only UNet,U-Net,UNet,32,2,False,False,0.2,1,16,2,24,20,56,2.8,0.2764749791358877
Only UNet,U-Net,UNet,32,2,False,False,0.2,1,16,2,25,18,9,0.5,0.0018333400431718907
Only UNet,U-Net,UNet,32,2,False,False,0.2,1,16,2,26,34,17,0.5,0.0026002637962523672
Only UNet,U-Net,UNet,32,2,False,False,0.2,1,16,2,27,35,17,0.4857142857142857,0.027108772745988705
Only UNet,U-Net,UNet,32,2,False,False,0.2,1,16,2,28,33,1,0.030303030303030304,0.30579513540070247
Only UNet,U-Net,UNet,32,2,False,False,0.2,1,16,2,29,40,11,0.275,-0.026592248657255124
Only UNet,U-Net,UNet,32,2,False,False,0.2,1,16,2,30,19,7,0.3684210526315789,0.02494860405807383
Only UNet,U-Net,UNet,32,2,False,False,0.2,1,16,2,31,37,12,0.32432432432432434,-0.005715593302078114
Only UNet,U-Net,UNet,32,2,False,False,0.2,1,16,2,32,37,17,0.4594594594594595,-0.033664940656057005
Only UNet,U-Net,UNet,32,2,False,False,0.2,1,16,2,33,31,8,0.25806451612903225,0.0001310586281678293
Only UNet,U-Net,UNet,32,2,False,False,0.2,1,16,2,34,25,9,0.36,0.05797443324149383
Only UNet,U-Net,UNet,32,2,False,False,0.2,1,16,2,35,25,22,0.88,-0.02975086890041066
Only UNet,U-Net,UNet,32,2,False,False,0.2,1,16,2,36,26,11,0.4230769230769231,-0.016897629571089787
Only UNet,U-Net,UNet,32,2,False,False,0.2,1,16,2,37,27,13,0.48148148148148145,0.0001507027298931484
Only UNet,U-Net,UNet,32,2,False,False,0.2,1,16,2,38,44,12,0.2727272727272727,0.004241268996671924
Only UNet,U-Net,UNet,32,2,False,False,0.2,1,16,2,39,19,11,0.5789473684210527,0.011651109116285105
Only UNet,U-Net,UNet,32,2,False,False,0.2,1,16,2,40,41,40,0.975609756097561,0.09068672611627673
Only UNet,U-Net,UNet,32,2,False,False,0.2,1,16,2,41,32,20,0.625,0.05335134122906698
Only UNet,U-Net,UNet,32,2,False,False,0.2,1,16,2,42,32,35,1.09375,0.026487300920431313
Only UNet,U-Net,UNet,32,2,False,False,0.2,1,16,2,43,28,48,1.7142857142857142,-0.007288552303593058
Only UNet,U-Net,UNet,32,2,False,False,0.2,1,16,2,44,41,22,0.5365853658536586,0.012462143319366407
Only UNet,U-Net,UNet,32,2,False,False,0.2,1,16,2,45,30,23,0.7666666666666667,0.011737363870546184
Only UNet,U-Net,UNet,32,2,False,False,0.2,1,16,2,46,21,18,0.8571428571428571,-0.03384685481903489
Only UNet,U-Net,UNet,32,2,False,False,0.2,1,16,2,47,28,10,0.35714285714285715,0.004996754209509765
Only UNet,U-Net,UNet,32,2,False,False,0.2,1,16,2,48,17,9,0.5294117647058824,0.10065321103685583
Only UNet,U-Net,UNet,32,2,False,False,0.2,1,16,2,49,20,15,0.75,-0.00025547191380892535
Only UNet,U-Net,UNet,32,2,False,False,0.2,1,16,2,50,34,12,0.35294117647058826,-0.007951617325599538
Only UNet,U-Net,UNet,32,2,False,False,0.2,1,16,2,51,41,12,0.2926829268292683,0.001836620489145252
Only UNet,U-Net,UNet,32,2,False,False,0.2,1,16,2,52,46,16,0.34782608695652173,-0.03064335670138452
Only UNet,U-Net,UNet,32,2,False,False,0.2,1,16,2,53,18,13,0.7222222222222222,0.0036813016026349746
Only UNet,U-Net,UNet,32,2,False,False,0.2,1,16,2,54,30,32,1.0666666666666667,-0.03659990744883735
Only UNet,U-Net,UNet,32,2,False,False,0.2,1,16,2,55,40,21,0.525,0.11560468410940168
Only UNet,U-Net,UNet,32,2,False,False,0.2,1,16,2,56,29,11,0.3793103448275862,-0.033590092592518155
Only UNet,U-Net,UNet,32,2,False,False,0.2,1,16,2,57,38,15,0.39473684210526316,0.012616679480663575
Only UNet,U-Net,UNet,32,2,False,False,0.2,1,16,2,58,29,13,0.4482758620689655,0.005391520106230056
Only UNet,U-Net,UNet,32,2,False,False,0.2,1,16,2,59,25,12,0.48,0.02821101262655245
Only UNet,U-Net,UNet,32,2,False,False,0.2,1,16,2,60,35,14,0.4,-0.009721995833264623
Only UNet,U-Net,UNet,32,2,False,False,0.2,1,16,2,61,18,13,0.7222222222222222,0.0017187573512506813
Only UNet,U-Net,UNet,32,2,False,False,0.2,1,16,2,62,24,11,0.4583333333333333,-0.029462271356956823
Only UNet,U-Net,UNet,32,2,False,False,0.2,1,16,2,63,15,13,0.8666666666666667,0.01330859200931264
Only UNet,U-Net,UNet,32,2,False,False,0.2,1,16,2,64,22,13,0.5909090909090909,0.0026361777045547157
Only UNet,U-Net,UNet,32,2,False,False,0.2,1,16,2,65,20,7,0.35,-0.03186154860951787
Only UNet,U-Net,UNet,32,2,False,False,0.2,1,16,2,66,31,16,0.5161290322580645,0.0015932137025500542
Only UNet,U-Net,UNet,32,2,False,False,0.2,1,16,2,67,46,9,0.1956521739130435,0.017510806482460183
Only UNet,U-Net,UNet,32,2,False,False,0.2,1,16,2,68,29,16,0.5517241379310345,0.030660919378527576
Only UNet,U-Net,UNet,32,2,False,False,0.2,1,16,2,69,50,17,0.34,0.01891269319589788
Only UNet,U-Net,UNet,32,2,False,False,0.2,1,16,2,70,31,24,0.7741935483870968,0.0034652835419514668
Only UNet,U-Net,UNet,32,2,False,False,0.2,1,16,2,71,41,11,0.2682926829268293,-0.0486561593930941
Only UNet,U-Net,UNet,32,2,False,False,0.2,1,16,2,72,38,17,0.4473684210526316,-0.049338405796627426
Only UNet,U-Net,UNet,32,2,False,False,0.2,1,16,2,73,44,16,0.36363636363636365,0.012912698949873055
Only UNet,U-Net,UNet,32,2,False,False,0.2,1,16,2,74,37,9,0.24324324324324326,-0.010128398388727018
Only UNet,U-Net,UNet,32,2,False,False,0.2,1,16,2,75,29,7,0.2413793103448276,0.027111373338557707
Only UNet,U-Net,UNet,32,2,False,False,0.2,1,16,2,76,28,14,0.5,-0.005153025577946045
Only UNet,U-Net,UNet,32,2,False,False,0.2,1,16,2,77,18,8,0.4444444444444444,-0.020810126352682576
Only UNet,U-Net,UNet,32,2,False,False,0.2,1,16,2,78,37,33,0.8918918918918919,-0.025837052406141963
Only UNet,U-Net,UNet,32,2,False,False,0.2,1,16,2,79,24,7,0.2916666666666667,0.005068681226491647
Only UNet,U-Net,UNet,32,2,False,False,0.2,1,16,2,80,38,25,0.6578947368421053,0.03690996429700952
Only UNet,U-Net,UNet,32,2,False,False,0.2,1,16,2,81,25,16,0.64,-0.0050273705078118115
Only UNet,U-Net,UNet,32,2,False,False,0.2,1,16,2,82,29,15,0.5172413793103449,-0.00644354484634582
Only UNet,U-Net,UNet,32,2,False,False,0.2,1,16,2,83,34,8,0.23529411764705882,0.0188714036520486
Only UNet,U-Net,UNet,32,2,False,False,0.2,1,16,2,84,21,20,0.9523809523809523,-0.010967819246794325
Only UNet,U-Net,UNet,32,2,False,False,0.2,1,16,2,85,22,7,0.3181818181818182,0.005511731359477149
Only UNet,U-Net,UNet,32,2,False,False,0.2,1,16,2,86,41,15,0.36585365853658536,0.053158380978135585
Only UNet,U-Net,UNet,32,2,False,False,0.2,1,16,2,87,28,18,0.6428571428571429,0.009894122307930665
Only UNet,U-Net,UNet,32,2,False,False,0.2,1,16,2,88,35,17,0.4857142857142857,-0.008553344476251784
Only UNet,U-Net,UNet,32,2,False,False,0.2,1,16,2,89,32,9,0.28125,0.0042263133484666685
Only UNet,U-Net,UNet,32,2,False,False,0.2,1,16,2,90,29,15,0.5172413793103449,-0.0008211495549864807
Only UNet,U-Net,UNet,32,2,False,False,0.2,1,16,2,91,19,24,1.263157894736842,0.04488537566645224
Only UNet,U-Net,UNet,32,2,False,False,0.2,1,16,2,92,45,14,0.3111111111111111,0.02262108024250773
Only UNet,U-Net,UNet,32,2,False,False,0.2,1,16,2,93,25,8,0.32,0.0003818201793759531
Only UNet,U-Net,UNet,32,2,False,False,0.2,1,16,2,94,32,7,0.21875,0.07926010042833931
Only UNet,U-Net,UNet,32,2,False,False,0.2,1,16,2,95,41,16,0.3902439024390244,0.010103848931211997
Only UNet,U-Net,UNet,32,2,False,False,0.2,1,16,2,96,16,23,1.4375,-0.012481952681432512
Only UNet,U-Net,UNet,32,2,False,False,0.2,1,16,2,97,26,7,0.2692307692307692,-0.0021951550612552455
Only UNet,U-Net,UNet,32,2,False,False,0.2,1,16,2,98,25,9,0.36,0.014604975742179374
Only UNet,U-Net,UNet,32,2,False,False,0.2,1,16,2,99,61,8,0.13114754098360656,-0.012260219901012868
Only UNet,U-Net,UNet,32,2,False,False,0.2,1,16,3,0,33,14,0.42424242424242425,0.0560244276017883
Only UNet,U-Net,UNet,32,2,False,False,0.2,1,16,3,1,34,20,0.5882352941176471,0.013132977454913678
Only UNet,U-Net,UNet,32,2,False,False,0.2,1,16,3,2,29,27,0.9310344827586207,0.01784719582848191
Only UNet,U-Net,UNet,32,2,False,False,0.2,1,16,3,3,28,17,0.6071428571428571,0.05066144207301738
Only UNet,U-Net,UNet,32,2,False,False,0.2,1,16,3,4,36,15,0.4166666666666667,-0.006019582909083395
Only UNet,U-Net,UNet,32,2,False,False,0.2,1,16,3,5,42,8,0.19047619047619047,-0.010696222654827484
Only UNet,U-Net,UNet,32,2,False,False,0.2,1,16,3,6,28,13,0.4642857142857143,-0.006487197561889588
Only UNet,U-Net,UNet,32,2,False,False,0.2,1,16,3,7,38,11,0.2894736842105263,0.04555426513358208
Only UNet,U-Net,UNet,32,2,False,False,0.2,1,16,3,8,33,18,0.5454545454545454,0.008883311078731929
Only UNet,U-Net,UNet,32,2,False,False,0.2,1,16,3,9,28,22,0.7857142857142857,-0.0005801469482368285
Only UNet,U-Net,UNet,32,2,False,False,0.2,1,16,3,10,31,24,0.7741935483870968,-0.008402167117798957
Only UNet,U-Net,UNet,32,2,False,False,0.2,1,16,3,11,29,8,0.27586206896551724,0.05228217443919275
Only UNet,U-Net,UNet,32,2,False,False,0.2,1,16,3,12,29,7,0.2413793103448276,0.026491089329072567
Only UNet,U-Net,UNet,32,2,False,False,0.2,1,16,3,13,28,20,0.7142857142857143,-0.041193454494744916
Only UNet,U-Net,UNet,32,2,False,False,0.2,1,16,3,14,29,15,0.5172413793103449,-0.01869535427063877
Only UNet,U-Net,UNet,32,2,False,False,0.2,1,16,3,15,42,14,0.3333333333333333,0.02484575403354384
Only UNet,U-Net,UNet,32,2,False,False,0.2,1,16,3,16,58,13,0.22413793103448276,0.04633899882562079
Only UNet,U-Net,UNet,32,2,False,False,0.2,1,16,3,17,35,23,0.6571428571428571,0.00021847852517372474
Only UNet,U-Net,UNet,32,2,False,False,0.2,1,16,3,18,17,13,0.7647058823529411,-0.008246948927058061
Only UNet,U-Net,UNet,32,2,False,False,0.2,1,16,3,19,17,11,0.6470588235294118,0.018113079736915113
Only UNet,U-Net,UNet,32,2,False,False,0.2,1,16,3,20,27,8,0.2962962962962963,-0.00117091594645917
Only UNet,U-Net,UNet,32,2,False,False,0.2,1,16,3,21,40,23,0.575,-0.01457865519426221
Only UNet,U-Net,UNet,32,2,False,False,0.2,1,16,3,22,45,13,0.28888888888888886,-0.0343878877720651
Only UNet,U-Net,UNet,32,2,False,False,0.2,1,16,3,23,23,14,0.6086956521739131,-0.00809938418928077
Only UNet,U-Net,UNet,32,2,False,False,0.2,1,16,3,24,20,10,0.5,0.0062321722210092285
Only UNet,U-Net,UNet,32,2,False,False,0.2,1,16,3,25,18,20,1.1111111111111112,0.013431197315433062
Only UNet,U-Net,UNet,32,2,False,False,0.2,1,16,3,26,34,14,0.4117647058823529,0.01237217701141086
Only UNet,U-Net,UNet,32,2,False,False,0.2,1,16,3,27,35,19,0.5428571428571428,0.02378240198391074
Only UNet,U-Net,UNet,32,2,False,False,0.2,1,16,3,28,33,27,0.8181818181818182,-0.007616998534728066
Only UNet,U-Net,UNet,32,2,False,False,0.2,1,16,3,29,40,11,0.275,-0.03569233727707208
Only UNet,U-Net,UNet,32,2,False,False,0.2,1,16,3,30,19,9,0.47368421052631576,0.0495962021052063
Only UNet,U-Net,UNet,32,2,False,False,0.2,1,16,3,31,37,12,0.32432432432432434,-0.024749679085096808
Only UNet,U-Net,UNet,32,2,False,False,0.2,1,16,3,32,37,12,0.32432432432432434,-0.06226521154748299
Only UNet,U-Net,UNet,32,2,False,False,0.2,1,16,3,33,31,28,0.9032258064516129,0.059855734766439996
Only UNet,U-Net,UNet,32,2,False,False,0.2,1,16,3,34,25,12,0.48,0.054290440633333464
Only UNet,U-Net,UNet,32,2,False,False,0.2,1,16,3,35,25,18,0.72,-0.03102941363975034
Only UNet,U-Net,UNet,32,2,False,False,0.2,1,16,3,36,26,16,0.6153846153846154,-0.013855186890246238
Only UNet,U-Net,UNet,32,2,False,False,0.2,1,16,3,37,27,10,0.37037037037037035,-0.007777967756910223
Only UNet,U-Net,UNet,32,2,False,False,0.2,1,16,3,38,44,19,0.4318181818181818,-0.003046523181821348
Only UNet,U-Net,UNet,32,2,False,False,0.2,1,16,3,39,19,8,0.42105263157894735,-0.0081719512118568
Only UNet,U-Net,UNet,32,2,False,False,0.2,1,16,3,40,41,19,0.4634146341463415,-0.010628482511698605
Only UNet,U-Net,UNet,32,2,False,False,0.2,1,16,3,41,32,21,0.65625,-0.0035274281614624944
Only UNet,U-Net,UNet,32,2,False,False,0.2,1,16,3,42,32,29,0.90625,0.02853791544909839
Only UNet,U-Net,UNet,32,2,False,False,0.2,1,16,3,43,28,14,0.5,-0.021983946691394668
Only UNet,U-Net,UNet,32,2,False,False,0.2,1,16,3,44,41,13,0.3170731707317073,-0.036085627086210145
Only UNet,U-Net,UNet,32,2,False,False,0.2,1,16,3,45,30,10,0.3333333333333333,-0.014119352656255616
Only UNet,U-Net,UNet,32,2,False,False,0.2,1,16,3,46,21,14,0.6666666666666666,-0.03530178041372062
Only UNet,U-Net,UNet,32,2,False,False,0.2,1,16,3,47,28,8,0.2857142857142857,0.012763570209253308
Only UNet,U-Net,UNet,32,2,False,False,0.2,1,16,3,48,17,27,1.588235294117647,0.04681738639943568
Only UNet,U-Net,UNet,32,2,False,False,0.2,1,16,3,49,20,36,1.8,0.03773997217039481
Only UNet,U-Net,UNet,32,2,False,False,0.2,1,16,3,50,34,10,0.29411764705882354,-0.005256453371265083
Only UNet,U-Net,UNet,32,2,False,False,0.2,1,16,3,51,41,11,0.2682926829268293,-0.016598803260430204
Only UNet,U-Net,UNet,32,2,False,False,0.2,1,16,3,52,46,18,0.391304347826087,0.04123167931418066
Only UNet,U-Net,UNet,32,2,False,False,0.2,1,16,3,53,18,4,0.2222222222222222,-0.0046025167256043345
Only UNet,U-Net,UNet,32,2,False,False,0.2,1,16,3,54,30,20,0.6666666666666666,-0.04670717812787052
Only UNet,U-Net,UNet,32,2,False,False,0.2,1,16,3,55,40,15,0.375,0.12731002534684735
Only UNet,U-Net,UNet,32,2,False,False,0.2,1,16,3,56,29,17,0.5862068965517241,-0.010855522065994178
Only UNet,U-Net,UNet,32,2,False,False,0.2,1,16,3,57,38,15,0.39473684210526316,0.011297776500219415
Only UNet,U-Net,UNet,32,2,False,False,0.2,1,16,3,58,29,25,0.8620689655172413,-0.005992286411369389
Only UNet,U-Net,UNet,32,2,False,False,0.2,1,16,3,59,25,8,0.32,0.017928185189435918
Only UNet,U-Net,UNet,32,2,False,False,0.2,1,16,3,60,35,8,0.22857142857142856,-0.022869561592846095
Only UNet,U-Net,UNet,32,2,False,False,0.2,1,16,3,61,18,55,3.0555555555555554,-0.016008449030282142
Only UNet,U-Net,UNet,32,2,False,False,0.2,1,16,3,62,24,28,1.1666666666666667,-0.028125171848059537
Only UNet,U-Net,UNet,32,2,False,False,0.2,1,16,3,63,15,13,0.8666666666666667,0.006502609333013698
Only UNet,U-Net,UNet,32,2,False,False,0.2,1,16,3,64,22,17,0.7727272727272727,-0.007443699401633748
Only UNet,U-Net,UNet,32,2,False,False,0.2,1,16,3,65,20,9,0.45,-0.05018462938694289
Only UNet,U-Net,UNet,32,2,False,False,0.2,1,16,3,66,31,11,0.3548387096774194,0.014041635704079297
Only UNet,U-Net,UNet,32,2,False,False,0.2,1,16,3,67,46,18,0.391304347826087,0.03500953202877373
Only UNet,U-Net,UNet,32,2,False,False,0.2,1,16,3,68,29,13,0.4482758620689655,0.013035052080109393
Only UNet,U-Net,UNet,32,2,False,False,0.2,1,16,3,69,50,24,0.48,0.04328034079649741
Only UNet,U-Net,UNet,32,2,False,False,0.2,1,16,3,70,31,14,0.45161290322580644,0.05024564518321626
Only UNet,U-Net,UNet,32,2,False,False,0.2,1,16,3,71,41,16,0.3902439024390244,-0.07798831503666606
Only UNet,U-Net,UNet,32,2,False,False,0.2,1,16,3,72,38,11,0.2894736842105263,-0.054348506313359
Only UNet,U-Net,UNet,32,2,False,False,0.2,1,16,3,73,44,25,0.5681818181818182,-0.0309529416813689
Only UNet,U-Net,UNet,32,2,False,False,0.2,1,16,3,74,37,27,0.7297297297297297,-0.0005587663354252838
Only UNet,U-Net,UNet,32,2,False,False,0.2,1,16,3,75,29,33,1.1379310344827587,0.03015018981496192
Only UNet,U-Net,UNet,32,2,False,False,0.2,1,16,3,76,28,12,0.42857142857142855,0.032919032360470245
Only UNet,U-Net,UNet,32,2,False,False,0.2,1,16,3,77,18,10,0.5555555555555556,-0.017885496895647925
Only UNet,U-Net,UNet,32,2,False,False,0.2,1,16,3,78,37,26,0.7027027027027027,0.056264037881502534
Only UNet,U-Net,UNet,32,2,False,False,0.2,1,16,3,79,24,10,0.4166666666666667,0.04026901330947501
Only UNet,U-Net,UNet,32,2,False,False,0.2,1,16,3,80,38,13,0.34210526315789475,0.011565613142513228
Only UNet,U-Net,UNet,32,2,False,False,0.2,1,16,3,81,25,10,0.4,0.10061733650357506
Only UNet,U-Net,UNet,32,2,False,False,0.2,1,16,3,82,29,10,0.3448275862068966,0.0049270662637156066
Only UNet,U-Net,UNet,32,2,False,False,0.2,1,16,3,83,34,18,0.5294117647058824,0.006899616836435908
Only UNet,U-Net,UNet,32,2,False,False,0.2,1,16,3,84,21,9,0.42857142857142855,0.0024061300676512854
Only UNet,U-Net,UNet,32,2,False,False,0.2,1,16,3,85,22,8,0.36363636363636365,0.026237263626086582
Only UNet,U-Net,UNet,32,2,False,False,0.2,1,16,3,86,41,21,0.5121951219512195,-2.180491230470441e-05
Only UNet,U-Net,UNet,32,2,False,False,0.2,1,16,3,87,28,10,0.35714285714285715,0.060787041396411785
Only UNet,U-Net,UNet,32,2,False,False,0.2,1,16,3,88,35,9,0.2571428571428571,-0.0013184661406789536
Only UNet,U-Net,UNet,32,2,False,False,0.2,1,16,3,89,32,11,0.34375,-0.031446044440073595
Only UNet,U-Net,UNet,32,2,False,False,0.2,1,16,3,90,29,24,0.8275862068965517,0.04176771478385987
Only UNet,U-Net,UNet,32,2,False,False,0.2,1,16,3,91,19,9,0.47368421052631576,0.01838708200224604
Only UNet,U-Net,UNet,32,2,False,False,0.2,1,16,3,92,45,23,0.5111111111111111,0.01941188682459064
Only UNet,U-Net,UNet,32,2,False,False,0.2,1,16,3,93,25,8,0.32,-0.005954635258267744
Only UNet,U-Net,UNet,32,2,False,False,0.2,1,16,3,94,32,9,0.28125,0.0757775924789517
Only UNet,U-Net,UNet,32,2,False,False,0.2,1,16,3,95,41,19,0.4634146341463415,-0.016712672507125475
Only UNet,U-Net,UNet,32,2,False,False,0.2,1,16,3,96,16,14,0.875,-0.004795843596932626
Only UNet,U-Net,UNet,32,2,False,False,0.2,1,16,3,97,26,12,0.46153846153846156,0.00801797423876069
Only UNet,U-Net,UNet,32,2,False,False,0.2,1,16,3,98,25,12,0.48,-0.004243947412967612
Only UNet,U-Net,UNet,32,2,False,False,0.2,1,16,3,99,61,7,0.11475409836065574,0.032384284980259755
Only UNet,U-Net,UNet,32,2,False,False,0.2,1,16,4,0,33,14,0.42424242424242425,0.06481715071772547
Only UNet,U-Net,UNet,32,2,False,False,0.2,1,16,4,1,34,20,0.5882352941176471,0.02581356216200427
Only UNet,U-Net,UNet,32,2,False,False,0.2,1,16,4,2,29,17,0.5862068965517241,0.014325600553950145
Only UNet,U-Net,UNet,32,2,False,False,0.2,1,16,4,3,28,19,0.6785714285714286,0.0305580919741202
Only UNet,U-Net,UNet,32,2,False,False,0.2,1,16,4,4,36,13,0.3611111111111111,0.012172277268639798
Only UNet,U-Net,UNet,32,2,False,False,0.2,1,16,4,5,42,8,0.19047619047619047,-0.00581250868717331
Only UNet,U-Net,UNet,32,2,False,False,0.2,1,16,4,6,28,14,0.5,0.01917113679780507
Only UNet,U-Net,UNet,32,2,False,False,0.2,1,16,4,7,38,17,0.4473684210526316,0.0380915402361236
Only UNet,U-Net,UNet,32,2,False,False,0.2,1,16,4,8,33,15,0.45454545454545453,-0.0014511814621515314
Only UNet,U-Net,UNet,32,2,False,False,0.2,1,16,4,9,28,37,1.3214285714285714,0.005827402613788917
Only UNet,U-Net,UNet,32,2,False,False,0.2,1,16,4,10,31,15,0.4838709677419355,-0.038193810470588334
Only UNet,U-Net,UNet,32,2,False,False,0.2,1,16,4,11,29,9,0.3103448275862069,0.0009517456658127411
Only UNet,U-Net,UNet,32,2,False,False,0.2,1,16,4,12,29,8,0.27586206896551724,0.077021981687307
Only UNet,U-Net,UNet,32,2,False,False,0.2,1,16,4,13,28,19,0.6785714285714286,-0.009632506367264216
Only UNet,U-Net,UNet,32,2,False,False,0.2,1,16,4,14,29,16,0.5517241379310345,0.006542006210952541
Only UNet,U-Net,UNet,32,2,False,False,0.2,1,16,4,15,42,4,0.09523809523809523,0.06117494284801161
Only UNet,U-Net,UNet,32,2,False,False,0.2,1,16,4,16,58,26,0.4482758620689655,0.008597808659180299
Only UNet,U-Net,UNet,32,2,False,False,0.2,1,16,4,17,35,13,0.37142857142857144,-0.01564919263185629
Only UNet,U-Net,UNet,32,2,False,False,0.2,1,16,4,18,17,11,0.6470588235294118,-0.01870960732745745
Only UNet,U-Net,UNet,32,2,False,False,0.2,1,16,4,19,17,10,0.5882352941176471,0.02544119117129364
Only UNet,U-Net,UNet,32,2,False,False,0.2,1,16,4,20,27,12,0.4444444444444444,-0.010265728282943413
Only UNet,U-Net,UNet,32,2,False,False,0.2,1,16,4,21,40,15,0.375,-0.03696785632981441
Only UNet,U-Net,UNet,32,2,False,False,0.2,1,16,4,22,45,12,0.26666666666666666,0.019709871760903566
Only UNet,U-Net,UNet,32,2,False,False,0.2,1,16,4,23,23,17,0.7391304347826086,0.015403297091841245
Only UNet,U-Net,UNet,32,2,False,False,0.2,1,16,4,24,20,61,3.05,0.25899521242972795
Only UNet,U-Net,UNet,32,2,False,False,0.2,1,16,4,25,18,10,0.5555555555555556,0.010452473029409222
Only UNet,U-Net,UNet,32,2,False,False,0.2,1,16,4,26,34,16,0.47058823529411764,0.0015776561776477843
Only UNet,U-Net,UNet,32,2,False,False,0.2,1,16,4,27,35,52,1.4857142857142858,0.08676240749268961
Only UNet,U-Net,UNet,32,2,False,False,0.2,1,16,4,28,33,21,0.6363636363636364,-0.012375401202842895
Only UNet,U-Net,UNet,32,2,False,False,0.2,1,16,4,29,40,14,0.35,-0.009577226993139024
Only UNet,U-Net,UNet,32,2,False,False,0.2,1,16,4,30,19,8,0.42105263157894735,0.041531243672937854
Only UNet,U-Net,UNet,32,2,False,False,0.2,1,16,4,31,37,12,0.32432432432432434,-0.024577443058678535
Only UNet,U-Net,UNet,32,2,False,False,0.2,1,16,4,32,37,19,0.5135135135135135,-0.025691276579587103
Only UNet,U-Net,UNet,32,2,False,False,0.2,1,16,4,33,31,12,0.3870967741935484,0.00552992786738322
Only UNet,U-Net,UNet,32,2,False,False,0.2,1,16,4,34,25,23,0.92,0.05503863626452982
Only UNet,U-Net,UNet,32,2,False,False,0.2,1,16,4,35,25,33,1.32,-0.028867992196814976
Only UNet,U-Net,UNet,32,2,False,False,0.2,1,16,4,36,26,15,0.5769230769230769,0.003902589672730163
Only UNet,U-Net,UNet,32,2,False,False,0.2,1,16,4,37,27,19,0.7037037037037037,0.01523527278361218
Only UNet,U-Net,UNet,32,2,False,False,0.2,1,16,4,38,44,29,0.6590909090909091,0.028829618730702226
Only UNet,U-Net,UNet,32,2,False,False,0.2,1,16,4,39,19,8,0.42105263157894735,-0.0009343597619879627
Only UNet,U-Net,UNet,32,2,False,False,0.2,1,16,4,40,41,24,0.5853658536585366,-0.008579184303772242
Only UNet,U-Net,UNet,32,2,False,False,0.2,1,16,4,41,32,12,0.375,-0.020931650117674592
Only UNet,U-Net,UNet,32,2,False,False,0.2,1,16,4,42,32,22,0.6875,0.027785986449735695
Only UNet,U-Net,UNet,32,2,False,False,0.2,1,16,4,43,28,19,0.6785714285714286,-0.03278717282997684
Only UNet,U-Net,UNet,32,2,False,False,0.2,1,16,4,44,41,19,0.4634146341463415,-0.03651694041480237
Only UNet,U-Net,UNet,32,2,False,False,0.2,1,16,4,45,30,11,0.36666666666666664,0.005530988200025194
Only UNet,U-Net,UNet,32,2,False,False,0.2,1,16,4,46,21,20,0.9523809523809523,-0.01973339650226593
Only UNet,U-Net,UNet,32,2,False,False,0.2,1,16,4,47,28,8,0.2857142857142857,-0.002281617071522262
Only UNet,U-Net,UNet,32,2,False,False,0.2,1,16,4,48,17,5,0.29411764705882354,-0.01393902420754068
Only UNet,U-Net,UNet,32,2,False,False,0.2,1,16,4,49,20,17,0.85,0.020477051715486475
Only UNet,U-Net,UNet,32,2,False,False,0.2,1,16,4,50,34,17,0.5,-0.005563777804371745
Only UNet,U-Net,UNet,32,2,False,False,0.2,1,16,4,51,41,16,0.3902439024390244,0.020753347377563847
Only UNet,U-Net,UNet,32,2,False,False,0.2,1,16,4,52,46,20,0.43478260869565216,0.08103214040561478
Only UNet,U-Net,UNet,32,2,False,False,0.2,1,16,4,53,18,7,0.3888888888888889,-0.0012736794556806486
Only UNet,U-Net,UNet,32,2,False,False,0.2,1,16,4,54,30,12,0.4,-0.027041925605459628
Only UNet,U-Net,UNet,32,2,False,False,0.2,1,16,4,55,40,20,0.5,0.16007550228167375
Only UNet,U-Net,UNet,32,2,False,False,0.2,1,16,4,56,29,11,0.3793103448275862,0.07020678754531341
Only UNet,U-Net,UNet,32,2,False,False,0.2,1,16,4,57,38,27,0.7105263157894737,-0.004915929417108254
Only UNet,U-Net,UNet,32,2,False,False,0.2,1,16,4,58,29,17,0.5862068965517241,-0.006413430055337295
Only UNet,U-Net,UNet,32,2,False,False,0.2,1,16,4,59,25,10,0.4,-0.004386532241829242
Only UNet,U-Net,UNet,32,2,False,False,0.2,1,16,4,60,35,9,0.2571428571428571,0.01122239181482863
Only UNet,U-Net,UNet,32,2,False,False,0.2,1,16,4,61,18,10,0.5555555555555556,0.002410629649377113
Only UNet,U-Net,UNet,32,2,False,False,0.2,1,16,4,62,24,18,0.75,-0.01786031923468385
Only UNet,U-Net,UNet,32,2,False,False,0.2,1,16,4,63,15,9,0.6,0.0008634816374533683
Only UNet,U-Net,UNet,32,2,False,False,0.2,1,16,4,64,22,12,0.5454545454545454,0.0015347900335154047
Only UNet,U-Net,UNet,32,2,False,False,0.2,1,16,4,65,20,10,0.5,-0.037391180183247094
Only UNet,U-Net,UNet,32,2,False,False,0.2,1,16,4,66,31,16,0.5161290322580645,0.00802360805188663
Only UNet,U-Net,UNet,32,2,False,False,0.2,1,16,4,67,46,7,0.15217391304347827,0.03354688798487943
Only UNet,U-Net,UNet,32,2,False,False,0.2,1,16,4,68,29,18,0.6206896551724138,0.00912310713702893
Only UNet,U-Net,UNet,32,2,False,False,0.2,1,16,4,69,50,24,0.48,0.04623425945854412
Only UNet,U-Net,UNet,32,2,False,False,0.2,1,16,4,70,31,22,0.7096774193548387,-0.003953781662402775
Only UNet,U-Net,UNet,32,2,False,False,0.2,1,16,4,71,41,13,0.3170731707317073,-0.0021893857800943666
Only UNet,U-Net,UNet,32,2,False,False,0.2,1,16,4,72,38,10,0.2631578947368421,-0.041385407270002554
Only UNet,U-Net,UNet,32,2,False,False,0.2,1,16,4,73,44,13,0.29545454545454547,0.03871621164297264
Only UNet,U-Net,UNet,32,2,False,False,0.2,1,16,4,74,37,9,0.24324324324324326,-0.015091825918378803
Only UNet,U-Net,UNet,32,2,False,False,0.2,1,16,4,75,29,17,0.5862068965517241,0.00018659399416517104
Only UNet,U-Net,UNet,32,2,False,False,0.2,1,16,4,76,28,7,0.25,0.041954479010716327
Only UNet,U-Net,UNet,32,2,False,False,0.2,1,16,4,77,18,10,0.5555555555555556,0.002861484586662003
Only UNet,U-Net,UNet,32,2,False,False,0.2,1,16,4,78,37,20,0.5405405405405406,-0.047794575207127925
Only UNet,U-Net,UNet,32,2,False,False,0.2,1,16,4,79,24,7,0.2916666666666667,0.0156498747444255
Only UNet,U-Net,UNet,32,2,False,False,0.2,1,16,4,80,38,25,0.6578947368421053,0.057125710789417423
Only UNet,U-Net,UNet,32,2,False,False,0.2,1,16,4,81,25,17,0.68,0.10156820499066381
Only UNet,U-Net,UNet,32,2,False,False,0.2,1,16,4,82,29,15,0.5172413793103449,-0.021228138213024987
Only UNet,U-Net,UNet,32,2,False,False,0.2,1,16,4,83,34,10,0.29411764705882354,-0.009008773081256239
Only UNet,U-Net,UNet,32,2,False,False,0.2,1,16,4,84,21,10,0.47619047619047616,-0.0002256519719148816
Only UNet,U-Net,UNet,32,2,False,False,0.2,1,16,4,85,22,10,0.45454545454545453,0.0008351043981036114
Only UNet,U-Net,UNet,32,2,False,False,0.2,1,16,4,86,41,14,0.34146341463414637,0.029617270345639927
Only UNet,U-Net,UNet,32,2,False,False,0.2,1,16,4,87,28,24,0.8571428571428571,-0.016709628154686716
Only UNet,U-Net,UNet,32,2,False,False,0.2,1,16,4,88,35,15,0.42857142857142855,-0.0008240526424217453
Only UNet,U-Net,UNet,32,2,False,False,0.2,1,16,4,89,32,30,0.9375,-0.048434437363745794
Only UNet,U-Net,UNet,32,2,False,False,0.2,1,16,4,90,29,10,0.3448275862068966,0.004466342092580422
Only UNet,U-Net,UNet,32,2,False,False,0.2,1,16,4,91,19,14,0.7368421052631579,0.031119988660771723
Only UNet,U-Net,UNet,32,2,False,False,0.2,1,16,4,92,45,30,0.6666666666666666,-0.061779551234721355
Only UNet,U-Net,UNet,32,2,False,False,0.2,1,16,4,93,25,9,0.36,-0.006626568392369536
Only UNet,U-Net,UNet,32,2,False,False,0.2,1,16,4,94,32,12,0.375,0.0989135553793178
Only UNet,U-Net,UNet,32,2,False,False,0.2,1,16,4,95,41,18,0.43902439024390244,-0.0004013228286048609
Only UNet,U-Net,UNet,32,2,False,False,0.2,1,16,4,96,16,32,2.0,-0.0025566209111302406
Only UNet,U-Net,UNet,32,2,False,False,0.2,1,16,4,97,26,5,0.19230769230769232,0.0015211211077293554
Only UNet,U-Net,UNet,32,2,False,False,0.2,1,16,4,98,25,11,0.44,0.01745996225936598
Only UNet,U-Net,UNet,32,2,False,False,0.2,1,16,4,99,61,11,0.18032786885245902,0.01746825455267994
Only UNet,U-Net,UNet,32,2,False,False,0.2,1,16,5,0,33,14,0.42424242424242425,0.05859262892151606
Only UNet,U-Net,UNet,32,2,False,False,0.2,1,16,5,1,34,18,0.5294117647058824,0.02818909639017327
Only UNet,U-Net,UNet,32,2,False,False,0.2,1,16,5,2,29,11,0.3793103448275862,0.18502120883665776
Only UNet,U-Net,UNet,32,2,False,False,0.2,1,16,5,3,28,13,0.4642857142857143,0.0016324283590762245
Only UNet,U-Net,UNet,32,2,False,False,0.2,1,16,5,4,36,11,0.3055555555555556,-0.02865709154677218
Only UNet,U-Net,UNet,32,2,False,False,0.2,1,16,5,5,42,9,0.21428571428571427,-0.01192679881832814
Only UNet,U-Net,UNet,32,2,False,False,0.2,1,16,5,6,28,10,0.35714285714285715,0.004046781112505798
Only UNet,U-Net,UNet,32,2,False,False,0.2,1,16,5,7,38,9,0.23684210526315788,0.027817070884866325
Only UNet,U-Net,UNet,32,2,False,False,0.2,1,16,5,8,33,6,0.18181818181818182,0.0016902579281008378
Only UNet,U-Net,UNet,32,2,False,False,0.2,1,16,5,9,28,21,0.75,0.035561803888673055
Only UNet,U-Net,UNet,32,2,False,False,0.2,1,16,5,10,31,19,0.6129032258064516,-0.049815354091869435
Only UNet,U-Net,UNet,32,2,False,False,0.2,1,16,5,11,29,20,0.6896551724137931,0.04527161338755238
Only UNet,U-Net,UNet,32,2,False,False,0.2,1,16,5,12,29,12,0.41379310344827586,0.055623729032396894
Only UNet,U-Net,UNet,32,2,False,False,0.2,1,16,5,13,28,18,0.6428571428571429,-0.004367439976864772
Only UNet,U-Net,UNet,32,2,False,False,0.2,1,16,5,14,29,21,0.7241379310344828,-0.029733619289422402
Only UNet,U-Net,UNet,32,2,False,False,0.2,1,16,5,15,42,10,0.23809523809523808,0.0067169506508879245
Only UNet,U-Net,UNet,32,2,False,False,0.2,1,16,5,16,58,18,0.3103448275862069,0.04376267838797412
Only UNet,U-Net,UNet,32,2,False,False,0.2,1,16,5,17,35,14,0.4,-0.0019839489565734725
Only UNet,U-Net,UNet,32,2,False,False,0.2,1,16,5,18,17,9,0.5294117647058824,-0.013263602154735534
Only UNet,U-Net,UNet,32,2,False,False,0.2,1,16,5,19,17,15,0.8823529411764706,0.06604163769408787
Only UNet,U-Net,UNet,32,2,False,False,0.2,1,16,5,20,27,9,0.3333333333333333,-0.01589287685391056
Only UNet,U-Net,UNet,32,2,False,False,0.2,1,16,5,21,40,13,0.325,0.0495487239055975
Only UNet,U-Net,UNet,32,2,False,False,0.2,1,16,5,22,45,19,0.4222222222222222,-0.00457450578590745
Only UNet,U-Net,UNet,32,2,False,False,0.2,1,16,5,23,23,9,0.391304347826087,-0.014912637378826718
Only UNet,U-Net,UNet,32,2,False,False,0.2,1,16,5,24,20,8,0.4,-0.0061986455598324365
Only UNet,U-Net,UNet,32,2,False,False,0.2,1,16,5,25,18,11,0.6111111111111112,0.004080593252349529
Only UNet,U-Net,UNet,32,2,False,False,0.2,1,16,5,26,34,22,0.6470588235294118,0.004534279642521224
Only UNet,U-Net,UNet,32,2,False,False,0.2,1,16,5,27,35,34,0.9714285714285714,0.10857030930761653
Only UNet,U-Net,UNet,32,2,False,False,0.2,1,16,5,28,33,20,0.6060606060606061,-0.008267204867618698
Only UNet,U-Net,UNet,32,2,False,False,0.2,1,16,5,29,40,9,0.225,0.00884693717002902
Only UNet,U-Net,UNet,32,2,False,False,0.2,1,16,5,30,19,7,0.3684210526315789,0.03673418794866907
Only UNet,U-Net,UNet,32,2,False,False,0.2,1,16,5,31,37,13,0.35135135135135137,-0.024122703496865214
Only UNet,U-Net,UNet,32,2,False,False,0.2,1,16,5,32,37,21,0.5675675675675675,-0.030118384522725253
Only UNet,U-Net,UNet,32,2,False,False,0.2,1,16,5,33,31,9,0.2903225806451613,-0.007210836393777728
Only UNet,U-Net,UNet,32,2,False,False,0.2,1,16,5,34,25,21,0.84,0.05685750388281095
Only UNet,U-Net,UNet,32,2,False,False,0.2,1,16,5,35,25,17,0.68,-0.03209904957938714
Only UNet,U-Net,UNet,32,2,False,False,0.2,1,16,5,36,26,15,0.5769230769230769,-0.02158274498147543
Only UNet,U-Net,UNet,32,2,False,False,0.2,1,16,5,37,27,13,0.48148148148148145,0.006029057470405806
Only UNet,U-Net,UNet,32,2,False,False,0.2,1,16,5,38,44,30,0.6818181818181818,-0.0189965033967228
Only UNet,U-Net,UNet,32,2,False,False,0.2,1,16,5,39,19,7,0.3684210526315789,-0.00022766126180417365
Only UNet,U-Net,UNet,32,2,False,False,0.2,1,16,5,40,41,18,0.43902439024390244,0.0016105888607584242
Only UNet,U-Net,UNet,32,2,False,False,0.2,1,16,5,41,32,17,0.53125,0.0257900732458141
Only UNet,U-Net,UNet,32,2,False,False,0.2,1,16,5,42,32,12,0.375,0.012553474419183938
Only UNet,U-Net,UNet,32,2,False,False,0.2,1,16,5,43,28,12,0.42857142857142855,-0.046157524935125066
Only UNet,U-Net,UNet,32,2,False,False,0.2,1,16,5,44,41,20,0.4878048780487805,-0.0151482960073349
Only UNet,U-Net,UNet,32,2,False,False,0.2,1,16,5,45,30,17,0.5666666666666667,0.006460125953576818
Only UNet,U-Net,UNet,32,2,False,False,0.2,1,16,5,46,21,14,0.6666666666666666,-0.02460140904122349
Only UNet,U-Net,UNet,32,2,False,False,0.2,1,16,5,47,28,8,0.2857142857142857,-0.013847530661366545
Only UNet,U-Net,UNet,32,2,False,False,0.2,1,16,5,48,17,9,0.5294117647058824,0.01791199393274029
Only UNet,U-Net,UNet,32,2,False,False,0.2,1,16,5,49,20,44,2.2,0.023478537264861248
Only UNet,U-Net,UNet,32,2,False,False,0.2,1,16,5,50,34,11,0.3235294117647059,0.0112696355633385
Only UNet,U-Net,UNet,32,2,False,False,0.2,1,16,5,51,41,11,0.2682926829268293,0.010506232017979952
Only UNet,U-Net,UNet,32,2,False,False,0.2,1,16,5,52,46,11,0.2391304347826087,0.07429832459048286
Only UNet,U-Net,UNet,32,2,False,False,0.2,1,16,5,53,18,11,0.6111111111111112,0.011598957232022186
Only UNet,U-Net,UNet,32,2,False,False,0.2,1,16,5,54,30,8,0.26666666666666666,-0.040060338087723475
Only UNet,U-Net,UNet,32,2,False,False,0.2,1,16,5,55,40,21,0.525,0.12225302228219413
Only UNet,U-Net,UNet,32,2,False,False,0.2,1,16,5,56,29,36,1.2413793103448276,-0.037360843904788166
Only UNet,U-Net,UNet,32,2,False,False,0.2,1,16,5,57,38,20,0.5263157894736842,0.006014176109227481
Only UNet,U-Net,UNet,32,2,False,False,0.2,1,16,5,58,29,26,0.896551724137931,-0.0064444771565321385
Only UNet,U-Net,UNet,32,2,False,False,0.2,1,16,5,59,25,20,0.8,0.004206498977420465
Only UNet,U-Net,UNet,32,2,False,False,0.2,1,16,5,60,35,12,0.34285714285714286,0.016890103245242316
Only UNet,U-Net,UNet,32,2,False,False,0.2,1,16,5,61,18,12,0.6666666666666666,-0.01121909980395518
Only UNet,U-Net,UNet,32,2,False,False,0.2,1,16,5,62,24,11,0.4583333333333333,-0.020429143710496707
Only UNet,U-Net,UNet,32,2,False,False,0.2,1,16,5,63,15,13,0.8666666666666667,0.018556261566724144
Only UNet,U-Net,UNet,32,2,False,False,0.2,1,16,5,64,22,13,0.5909090909090909,0.00014978282412242704
Only UNet,U-Net,UNet,32,2,False,False,0.2,1,16,5,65,20,8,0.4,0.007162132390924179
Only UNet,U-Net,UNet,32,2,False,False,0.2,1,16,5,66,31,9,0.2903225806451613,0.006526644432078901
Only UNet,U-Net,UNet,32,2,False,False,0.2,1,16,5,67,46,12,0.2608695652173913,0.035673898439823666
Only UNet,U-Net,UNet,32,2,False,False,0.2,1,16,5,68,29,16,0.5517241379310345,0.03768517841165514
Only UNet,U-Net,UNet,32,2,False,False,0.2,1,16,5,69,50,11,0.22,0.07003346046630071
Only UNet,U-Net,UNet,32,2,False,False,0.2,1,16,5,70,31,12,0.3870967741935484,0.011260384087444255
Only UNet,U-Net,UNet,32,2,False,False,0.2,1,16,5,71,41,23,0.5609756097560976,-0.053310105381122866
Only UNet,U-Net,UNet,32,2,False,False,0.2,1,16,5,72,38,16,0.42105263157894735,-0.04710301276903306
Only UNet,U-Net,UNet,32,2,False,False,0.2,1,16,5,73,44,14,0.3181818181818182,0.02000542753124834
Only UNet,U-Net,UNet,32,2,False,False,0.2,1,16,5,74,37,4,0.10810810810810811,0.004452975576612898
Only UNet,U-Net,UNet,32,2,False,False,0.2,1,16,5,75,29,12,0.41379310344827586,0.016396898946893244
Only UNet,U-Net,UNet,32,2,False,False,0.2,1,16,5,76,28,19,0.6785714285714286,-0.0003468499472321783
Only UNet,U-Net,UNet,32,2,False,False,0.2,1,16,5,77,18,11,0.6111111111111112,-0.016116425334371715
Only UNet,U-Net,UNet,32,2,False,False,0.2,1,16,5,78,37,23,0.6216216216216216,0.005260159688341281
Only UNet,U-Net,UNet,32,2,False,False,0.2,1,16,5,79,24,5,0.20833333333333334,0.02053929237797923
Only UNet,U-Net,UNet,32,2,False,False,0.2,1,16,5,80,38,33,0.868421052631579,0.08154756131838754
Only UNet,U-Net,UNet,32,2,False,False,0.2,1,16,5,81,25,21,0.84,-0.015251362960959768
Only UNet,U-Net,UNet,32,2,False,False,0.2,1,16,5,82,29,11,0.3793103448275862,-0.0029889557805298037
Only UNet,U-Net,UNet,32,2,False,False,0.2,1,16,5,83,34,13,0.38235294117647056,-0.014221366676344365
Only UNet,U-Net,UNet,32,2,False,False,0.2,1,16,5,84,21,10,0.47619047619047616,-0.00043337543099269043
Only UNet,U-Net,UNet,32,2,False,False,0.2,1,16,5,85,22,11,0.5,0.009626930259522635
Only UNet,U-Net,UNet,32,2,False,False,0.2,1,16,5,86,41,21,0.5121951219512195,-0.009140747502322116
Only UNet,U-Net,UNet,32,2,False,False,0.2,1,16,5,87,28,20,0.7142857142857143,0.07291426292344215
Only UNet,U-Net,UNet,32,2,False,False,0.2,1,16,5,88,35,17,0.4857142857142857,-0.03645953632026491
Only UNet,U-Net,UNet,32,2,False,False,0.2,1,16,5,89,32,14,0.4375,-0.03266995321217823
Only UNet,U-Net,UNet,32,2,False,False,0.2,1,16,5,90,29,11,0.3793103448275862,-0.008563490288392398
Only UNet,U-Net,UNet,32,2,False,False,0.2,1,16,5,91,19,25,1.3157894736842106,0.038580328619557985
Only UNet,U-Net,UNet,32,2,False,False,0.2,1,16,5,92,45,21,0.4666666666666667,-0.03917642339238741
Only UNet,U-Net,UNet,32,2,False,False,0.2,1,16,5,93,25,9,0.36,-0.0017397627675565317
Only UNet,U-Net,UNet,32,2,False,False,0.2,1,16,5,94,32,14,0.4375,0.08861683034352091
Only UNet,U-Net,UNet,32,2,False,False,0.2,1,16,5,95,41,18,0.43902439024390244,-0.014454862190084874
Only UNet,U-Net,UNet,32,2,False,False,0.2,1,16,5,96,16,22,1.375,-0.003679204147527012
Only UNet,U-Net,UNet,32,2,False,False,0.2,1,16,5,97,26,6,0.23076923076923078,-0.0011061554291605267
Only UNet,U-Net,UNet,32,2,False,False,0.2,1,16,5,98,25,4,0.16,0.0055603722093512074
Only UNet,U-Net,UNet,32,2,False,False,0.2,1,16,5,99,61,15,0.2459016393442623,-0.03339135213987373
Only UNet,U-Net,UNet,32,2,False,False,0.2,1,16,6,0,33,16,0.48484848484848486,0.041522526435195425
Only UNet,U-Net,UNet,32,2,False,False,0.2,1,16,6,1,34,24,0.7058823529411765,-0.02628695418771378
Only UNet,U-Net,UNet,32,2,False,False,0.2,1,16,6,2,29,11,0.3793103448275862,0.011601934133289896
Only UNet,U-Net,UNet,32,2,False,False,0.2,1,16,6,3,28,46,1.6428571428571428,0.006857947771138687
Only UNet,U-Net,UNet,32,2,False,False,0.2,1,16,6,4,36,15,0.4166666666666667,-0.02673839159128346
Only UNet,U-Net,UNet,32,2,False,False,0.2,1,16,6,5,42,5,0.11904761904761904,0.003766974637039796
Only UNet,U-Net,UNet,32,2,False,False,0.2,1,16,6,6,28,12,0.42857142857142855,-0.0026012101455161986
Only UNet,U-Net,UNet,32,2,False,False,0.2,1,16,6,7,38,13,0.34210526315789475,0.05328284021883586
Only UNet,U-Net,UNet,32,2,False,False,0.2,1,16,6,8,33,7,0.21212121212121213,0.007489563326200635
Only UNet,U-Net,UNet,32,2,False,False,0.2,1,16,6,9,28,19,0.6785714285714286,0.00825592637954463
Only UNet,U-Net,UNet,32,2,False,False,0.2,1,16,6,10,31,25,0.8064516129032258,-0.045638881573356466
Only UNet,U-Net,UNet,32,2,False,False,0.2,1,16,6,11,29,9,0.3103448275862069,-0.006369330865343471
Only UNet,U-Net,UNet,32,2,False,False,0.2,1,16,6,12,29,8,0.27586206896551724,0.039935550510538945
Only UNet,U-Net,UNet,32,2,False,False,0.2,1,16,6,13,28,33,1.1785714285714286,-0.043668012164955895
Only UNet,U-Net,UNet,32,2,False,False,0.2,1,16,6,14,29,14,0.4827586206896552,0.01679317059492023
Only UNet,U-Net,UNet,32,2,False,False,0.2,1,16,6,15,42,8,0.19047619047619047,0.010823898561886326
Only UNet,U-Net,UNet,32,2,False,False,0.2,1,16,6,16,58,16,0.27586206896551724,0.053673847723299736
Only UNet,U-Net,UNet,32,2,False,False,0.2,1,16,6,17,35,15,0.42857142857142855,-0.017933683213801285
Only UNet,U-Net,UNet,32,2,False,False,0.2,1,16,6,18,17,9,0.5294117647058824,0.0009146090912665454
Only UNet,U-Net,UNet,32,2,False,False,0.2,1,16,6,19,17,11,0.6470588235294118,0.003610062695072979
Only UNet,U-Net,UNet,32,2,False,False,0.2,1,16,6,20,27,29,1.0740740740740742,-0.00594294875030863
Only UNet,U-Net,UNet,32,2,False,False,0.2,1,16,6,21,40,16,0.4,0.047818626577901285
Only UNet,U-Net,UNet,32,2,False,False,0.2,1,16,6,22,45,11,0.24444444444444444,0.007262820276332838
Only UNet,U-Net,UNet,32,2,False,False,0.2,1,16,6,23,23,23,1.0,0.0014382421403105572
Only UNet,U-Net,UNet,32,2,False,False,0.2,1,16,6,24,20,55,2.75,0.2832265837052668
Only UNet,U-Net,UNet,32,2,False,False,0.2,1,16,6,25,18,9,0.5,0.018151272718230593
Only UNet,U-Net,UNet,32,2,False,False,0.2,1,16,6,26,34,14,0.4117647058823529,-0.0037824389843725734
Only UNet,U-Net,UNet,32,2,False,False,0.2,1,16,6,27,35,46,1.3142857142857143,0.07338947160430835
Only UNet,U-Net,UNet,32,2,False,False,0.2,1,16,6,28,33,24,0.7272727272727273,0.00030944541808129174
Only UNet,U-Net,UNet,32,2,False,False,0.2,1,16,6,29,40,20,0.5,-0.019098478267301034
Only UNet,U-Net,UNet,32,2,False,False,0.2,1,16,6,30,19,12,0.631578947368421,0.03197673029337997
Only UNet,U-Net,UNet,32,2,False,False,0.2,1,16,6,31,37,14,0.3783783783783784,0.001905805301844092
Only UNet,U-Net,UNet,32,2,False,False,0.2,1,16,6,32,37,6,0.16216216216216217,0.023917399769623537
Only UNet,U-Net,UNet,32,2,False,False,0.2,1,16,6,33,31,12,0.3870967741935484,-0.01680376829468845
Only UNet,U-Net,UNet,32,2,False,False,0.2,1,16,6,34,25,12,0.48,0.05531763195325443
Only UNet,U-Net,UNet,32,2,False,False,0.2,1,16,6,35,25,25,1.0,-0.002676092300419354
Only UNet,U-Net,UNet,32,2,False,False,0.2,1,16,6,36,26,13,0.5,0.0058005845811898655
Only UNet,U-Net,UNet,32,2,False,False,0.2,1,16,6,37,27,11,0.4074074074074074,0.004372640437291762
Only UNet,U-Net,UNet,32,2,False,False,0.2,1,16,6,38,44,24,0.5454545454545454,-0.005582184108599855
Only UNet,U-Net,UNet,32,2,False,False,0.2,1,16,6,39,19,8,0.42105263157894735,-0.0040162264448364345
Only UNet,U-Net,UNet,32,2,False,False,0.2,1,16,6,40,41,15,0.36585365853658536,0.005474548459243082
Only UNet,U-Net,UNet,32,2,False,False,0.2,1,16,6,41,32,7,0.21875,0.016069223257776124
Only UNet,U-Net,UNet,32,2,False,False,0.2,1,16,6,42,32,41,1.28125,0.026799534979408166
Only UNet,U-Net,UNet,32,2,False,False,0.2,1,16,6,43,28,9,0.32142857142857145,0.047406576485532745
Only UNet,U-Net,UNet,32,2,False,False,0.2,1,16,6,44,41,22,0.5365853658536586,-0.03595856837526795
Only UNet,U-Net,UNet,32,2,False,False,0.2,1,16,6,45,30,13,0.43333333333333335,0.0010981979463399749
Only UNet,U-Net,UNet,32,2,False,False,0.2,1,16,6,46,21,10,0.47619047619047616,-0.015798278023209104
Only UNet,U-Net,UNet,32,2,False,False,0.2,1,16,6,47,28,13,0.4642857142857143,0.004638461682307904
Only UNet,U-Net,UNet,32,2,False,False,0.2,1,16,6,48,17,6,0.35294117647058826,0.027819169427012107
Only UNet,U-Net,UNet,32,2,False,False,0.2,1,16,6,49,20,10,0.5,-0.006550366708642947
Only UNet,U-Net,UNet,32,2,False,False,0.2,1,16,6,50,34,7,0.20588235294117646,0.008033860853292695
Only UNet,U-Net,UNet,32,2,False,False,0.2,1,16,6,51,41,12,0.2926829268292683,0.020186580138385247
Only UNet,U-Net,UNet,32,2,False,False,0.2,1,16,6,52,46,10,0.21739130434782608,0.12964690685648772
Only UNet,U-Net,UNet,32,2,False,False,0.2,1,16,6,53,18,16,0.8888888888888888,0.013103360148780371
Only UNet,U-Net,UNet,32,2,False,False,0.2,1,16,6,54,30,25,0.8333333333333334,-0.03836884896658027
Only UNet,U-Net,UNet,32,2,False,False,0.2,1,16,6,55,40,41,1.025,0.12051522029612043
Only UNet,U-Net,UNet,32,2,False,False,0.2,1,16,6,56,29,20,0.6896551724137931,-0.007943886538187882
Only UNet,U-Net,UNet,32,2,False,False,0.2,1,16,6,57,38,14,0.3684210526315789,0.0003103419595151093
Only UNet,U-Net,UNet,32,2,False,False,0.2,1,16,6,58,29,13,0.4482758620689655,0.003708414636093205
Only UNet,U-Net,UNet,32,2,False,False,0.2,1,16,6,59,25,18,0.72,0.009887130549634148
Only UNet,U-Net,UNet,32,2,False,False,0.2,1,16,6,60,35,25,0.7142857142857143,-0.004008624500838245
Only UNet,U-Net,UNet,32,2,False,False,0.2,1,16,6,61,18,13,0.7222222222222222,-0.007662287876503375
Only UNet,U-Net,UNet,32,2,False,False,0.2,1,16,6,62,24,26,1.0833333333333333,-0.0201700595596573
Only UNet,U-Net,UNet,32,2,False,False,0.2,1,16,6,63,15,13,0.8666666666666667,-0.0048693704282514435
Only UNet,U-Net,UNet,32,2,False,False,0.2,1,16,6,64,22,25,1.1363636363636365,-0.0059063284948411565
Only UNet,U-Net,UNet,32,2,False,False,0.2,1,16,6,65,20,10,0.5,-0.03373142355295912
Only UNet,U-Net,UNet,32,2,False,False,0.2,1,16,6,66,31,8,0.25806451612903225,0.00631192371286273
Only UNet,U-Net,UNet,32,2,False,False,0.2,1,16,6,67,46,13,0.2826086956521739,0.013499935681776572
Only UNet,U-Net,UNet,32,2,False,False,0.2,1,16,6,68,29,14,0.4827586206896552,0.006043993765017698
Only UNet,U-Net,UNet,32,2,False,False,0.2,1,16,6,69,50,19,0.38,0.03356032417290859
Only UNet,U-Net,UNet,32,2,False,False,0.2,1,16,6,70,31,13,0.41935483870967744,0.021044742505162514
Only UNet,U-Net,UNet,32,2,False,False,0.2,1,16,6,71,41,20,0.4878048780487805,0.014801535418845015
Only UNet,U-Net,UNet,32,2,False,False,0.2,1,16,6,72,38,21,0.5526315789473685,-0.031100927613605465
Only UNet,U-Net,UNet,32,2,False,False,0.2,1,16,6,73,44,24,0.5454545454545454,0.01060471708406204
Only UNet,U-Net,UNet,32,2,False,False,0.2,1,16,6,74,37,19,0.5135135135135135,0.010707120664703204
Only UNet,U-Net,UNet,32,2,False,False,0.2,1,16,6,75,29,12,0.41379310344827586,0.02537224391157415
Only UNet,U-Net,UNet,32,2,False,False,0.2,1,16,6,76,28,12,0.42857142857142855,0.07261484307829937
Only UNet,U-Net,UNet,32,2,False,False,0.2,1,16,6,77,18,9,0.5,-0.020359787695169593
Only UNet,U-Net,UNet,32,2,False,False,0.2,1,16,6,78,37,11,0.2972972972972973,0.05965651721047405
Only UNet,U-Net,UNet,32,2,False,False,0.2,1,16,6,79,24,21,0.875,0.017043526868808844
Only UNet,U-Net,UNet,32,2,False,False,0.2,1,16,6,80,38,5,0.13157894736842105,0.07411927983093107
Only UNet,U-Net,UNet,32,2,False,False,0.2,1,16,6,81,25,10,0.4,0.09260362871372432
Only UNet,U-Net,UNet,32,2,False,False,0.2,1,16,6,82,29,13,0.4482758620689655,-0.018120692531837755
Only UNet,U-Net,UNet,32,2,False,False,0.2,1,16,6,83,34,16,0.47058823529411764,0.002377286679499855
Only UNet,U-Net,UNet,32,2,False,False,0.2,1,16,6,84,21,10,0.47619047619047616,0.002809212494195129
Only UNet,U-Net,UNet,32,2,False,False,0.2,1,16,6,85,22,9,0.4090909090909091,0.011867351005670582
Only UNet,U-Net,UNet,32,2,False,False,0.2,1,16,6,86,41,17,0.4146341463414634,-0.0045201013144585455
Only UNet,U-Net,UNet,32,2,False,False,0.2,1,16,6,87,28,5,0.17857142857142858,0.06995091806991237
Only UNet,U-Net,UNet,32,2,False,False,0.2,1,16,6,88,35,13,0.37142857142857144,-0.0015126321880098894
Only UNet,U-Net,UNet,32,2,False,False,0.2,1,16,6,89,32,21,0.65625,-0.020836750303308317
Only UNet,U-Net,UNet,32,2,False,False,0.2,1,16,6,90,29,9,0.3103448275862069,0.026753878649060512
Only UNet,U-Net,UNet,32,2,False,False,0.2,1,16,6,91,19,19,1.0,0.0003862315601251676
Only UNet,U-Net,UNet,32,2,False,False,0.2,1,16,6,92,45,11,0.24444444444444444,-0.0014393600845216395
Only UNet,U-Net,UNet,32,2,False,False,0.2,1,16,6,93,25,7,0.28,-0.0022891615362585944
Only UNet,U-Net,UNet,32,2,False,False,0.2,1,16,6,94,32,14,0.4375,0.10728584563882904
Only UNet,U-Net,UNet,32,2,False,False,0.2,1,16,6,95,41,13,0.3170731707317073,0.03264907495531294
Only UNet,U-Net,UNet,32,2,False,False,0.2,1,16,6,96,16,16,1.0,-0.02131331064338879
Only UNet,U-Net,UNet,32,2,False,False,0.2,1,16,6,97,26,8,0.3076923076923077,0.011772418121400874
Only UNet,U-Net,UNet,32,2,False,False,0.2,1,16,6,98,25,29,1.16,0.015996981748699346
Only UNet,U-Net,UNet,32,2,False,False,0.2,1,16,6,99,61,25,0.4098360655737705,-0.02838728149871998
Only UNet,U-Net,UNet,32,2,False,False,0.2,1,16,7,0,33,11,0.3333333333333333,0.05995533308987066
Only UNet,U-Net,UNet,32,2,False,False,0.2,1,16,7,1,34,36,1.0588235294117647,-0.003525335519777178
Only UNet,U-Net,UNet,32,2,False,False,0.2,1,16,7,2,29,14,0.4827586206896552,0.005328938063359724
Only UNet,U-Net,UNet,32,2,False,False,0.2,1,16,7,3,28,17,0.6071428571428571,0.040227169841364374
Only UNet,U-Net,UNet,32,2,False,False,0.2,1,16,7,4,36,7,0.19444444444444445,0.0024760328038671273
Only UNet,U-Net,UNet,32,2,False,False,0.2,1,16,7,5,42,8,0.19047619047619047,0.002169730034812442
Only UNet,U-Net,UNet,32,2,False,False,0.2,1,16,7,6,28,15,0.5357142857142857,-0.010862484178749342
Only UNet,U-Net,UNet,32,2,False,False,0.2,1,16,7,7,38,11,0.2894736842105263,0.014933251707985056
Only UNet,U-Net,UNet,32,2,False,False,0.2,1,16,7,8,33,15,0.45454545454545453,-0.004643711481644394
Only UNet,U-Net,UNet,32,2,False,False,0.2,1,16,7,9,28,17,0.6071428571428571,0.07244997345772497
Only UNet,U-Net,UNet,32,2,False,False,0.2,1,16,7,10,31,17,0.5483870967741935,-0.044760961589107535
Only UNet,U-Net,UNet,32,2,False,False,0.2,1,16,7,11,29,24,0.8275862068965517,-0.008131141767990723
Only UNet,U-Net,UNet,32,2,False,False,0.2,1,16,7,12,29,9,0.3103448275862069,0.03945334495360856
Only UNet,U-Net,UNet,32,2,False,False,0.2,1,16,7,13,28,24,0.8571428571428571,-0.03903538577798021
Only UNet,U-Net,UNet,32,2,False,False,0.2,1,16,7,14,29,26,0.896551724137931,0.015025908253064425
Only UNet,U-Net,UNet,32,2,False,False,0.2,1,16,7,15,42,11,0.2619047619047619,0.01764894387974562
Only UNet,U-Net,UNet,32,2,False,False,0.2,1,16,7,16,58,8,0.13793103448275862,0.028440705597646845
Only UNet,U-Net,UNet,32,2,False,False,0.2,1,16,7,17,35,12,0.34285714285714286,0.004889481675737416
Only UNet,U-Net,UNet,32,2,False,False,0.2,1,16,7,18,17,9,0.5294117647058824,-0.005474703175993114
Only UNet,U-Net,UNet,32,2,False,False,0.2,1,16,7,19,17,13,0.7647058823529411,-0.004840321527694711
Only UNet,U-Net,UNet,32,2,False,False,0.2,1,16,7,20,27,14,0.5185185185185185,0.007162123705407115
Only UNet,U-Net,UNet,32,2,False,False,0.2,1,16,7,21,40,16,0.4,0.07124805605288746
Only UNet,U-Net,UNet,32,2,False,False,0.2,1,16,7,22,45,11,0.24444444444444444,-0.005051531524280018
Only UNet,U-Net,UNet,32,2,False,False,0.2,1,16,7,23,23,18,0.782608695652174,0.060403076107133385
Only UNet,U-Net,UNet,32,2,False,False,0.2,1,16,7,24,20,11,0.55,0.002294221111932499
Only UNet,U-Net,UNet,32,2,False,False,0.2,1,16,7,25,18,9,0.5,0.023644262318375523
Only UNet,U-Net,UNet,32,2,False,False,0.2,1,16,7,26,34,17,0.5,0.006518441909224784
Only UNet,U-Net,UNet,32,2,False,False,0.2,1,16,7,27,35,7,0.2,0.09063574809811129
Only UNet,U-Net,UNet,32,2,False,False,0.2,1,16,7,28,33,22,0.6666666666666666,-0.003005683805790434
Only UNet,U-Net,UNet,32,2,False,False,0.2,1,16,7,29,40,15,0.375,0.011379208096543155
Only UNet,U-Net,UNet,32,2,False,False,0.2,1,16,7,30,19,7,0.3684210526315789,0.053621702351328786
Only UNet,U-Net,UNet,32,2,False,False,0.2,1,16,7,31,37,9,0.24324324324324326,-0.006747277987306296
Only UNet,U-Net,UNet,32,2,False,False,0.2,1,16,7,32,37,16,0.43243243243243246,-0.009762808840524623
Only UNet,U-Net,UNet,32,2,False,False,0.2,1,16,7,33,31,13,0.41935483870967744,-0.010003644455944852
Only UNet,U-Net,UNet,32,2,False,False,0.2,1,16,7,34,25,15,0.6,0.06724603866825973
Only UNet,U-Net,UNet,32,2,False,False,0.2,1,16,7,35,25,17,0.68,-0.03930010975067928
Only UNet,U-Net,UNet,32,2,False,False,0.2,1,16,7,36,26,12,0.46153846153846156,-0.03479150206648478
Only UNet,U-Net,UNet,32,2,False,False,0.2,1,16,7,37,27,5,0.18518518518518517,0.02075218898268217
Only UNet,U-Net,UNet,32,2,False,False,0.2,1,16,7,38,44,16,0.36363636363636365,0.01683238886920241
Only UNet,U-Net,UNet,32,2,False,False,0.2,1,16,7,39,19,10,0.5263157894736842,-0.002646073924345875
Only UNet,U-Net,UNet,32,2,False,False,0.2,1,16,7,40,41,13,0.3170731707317073,0.025546774604158308
Only UNet,U-Net,UNet,32,2,False,False,0.2,1,16,7,41,32,5,0.15625,0.04356938165102378
Only UNet,U-Net,UNet,32,2,False,False,0.2,1,16,7,42,32,35,1.09375,0.02152035089557401
Only UNet,U-Net,UNet,32,2,False,False,0.2,1,16,7,43,28,20,0.7142857142857143,-0.04237323565422856
Only UNet,U-Net,UNet,32,2,False,False,0.2,1,16,7,44,41,16,0.3902439024390244,-0.01665927476641643
Only UNet,U-Net,UNet,32,2,False,False,0.2,1,16,7,45,30,10,0.3333333333333333,0.01643627726682253
Only UNet,U-Net,UNet,32,2,False,False,0.2,1,16,7,46,21,10,0.47619047619047616,-0.030088926707131432
Only UNet,U-Net,UNet,32,2,False,False,0.2,1,16,7,47,28,11,0.39285714285714285,0.003529710336573781
Only UNet,U-Net,UNet,32,2,False,False,0.2,1,16,7,48,17,7,0.4117647058823529,0.04915609752162415
Only UNet,U-Net,UNet,32,2,False,False,0.2,1,16,7,49,20,29,1.45,0.054806770896897034
Only UNet,U-Net,UNet,32,2,False,False,0.2,1,16,7,50,34,7,0.20588235294117646,0.007892917033385696
Only UNet,U-Net,UNet,32,2,False,False,0.2,1,16,7,51,41,12,0.2926829268292683,-0.009834122959733797
Only UNet,U-Net,UNet,32,2,False,False,0.2,1,16,7,52,46,10,0.21739130434782608,0.07308303840907321
Only UNet,U-Net,UNet,32,2,False,False,0.2,1,16,7,53,18,6,0.3333333333333333,0.0006307963310134971
Only UNet,U-Net,UNet,32,2,False,False,0.2,1,16,7,54,30,31,1.0333333333333334,-0.05523958340937615
Only UNet,U-Net,UNet,32,2,False,False,0.2,1,16,7,55,40,16,0.4,0.014789294636531614
Only UNet,U-Net,UNet,32,2,False,False,0.2,1,16,7,56,29,28,0.9655172413793104,-0.03652512346875033
Only UNet,U-Net,UNet,32,2,False,False,0.2,1,16,7,57,38,32,0.8421052631578947,0.01493749761268961
Only UNet,U-Net,UNet,32,2,False,False,0.2,1,16,7,58,29,11,0.3793103448275862,-0.01473591404281934
Only UNet,U-Net,UNet,32,2,False,False,0.2,1,16,7,59,25,12,0.48,0.01546028308613939
Only UNet,U-Net,UNet,32,2,False,False,0.2,1,16,7,60,35,25,0.7142857142857143,0.01855838844908892
Only UNet,U-Net,UNet,32,2,False,False,0.2,1,16,7,61,18,35,1.9444444444444444,0.015325951928637036
Only UNet,U-Net,UNet,32,2,False,False,0.2,1,16,7,62,24,13,0.5416666666666666,-0.007484357410375061
Only UNet,U-Net,UNet,32,2,False,False,0.2,1,16,7,63,15,14,0.9333333333333333,0.009693355703051834
Only UNet,U-Net,UNet,32,2,False,False,0.2,1,16,7,64,22,8,0.36363636363636365,-0.003842643787593761
Only UNet,U-Net,UNet,32,2,False,False,0.2,1,16,7,65,20,15,0.75,-0.004409725981405867
Only UNet,U-Net,UNet,32,2,False,False,0.2,1,16,7,66,31,9,0.2903225806451613,-0.005922362320864328
Only UNet,U-Net,UNet,32,2,False,False,0.2,1,16,7,67,46,22,0.4782608695652174,-0.0023665873295141693
Only UNet,U-Net,UNet,32,2,False,False,0.2,1,16,7,68,29,14,0.4827586206896552,0.034133151761044866
Only UNet,U-Net,UNet,32,2,False,False,0.2,1,16,7,69,50,10,0.2,0.06382113742317569
Only UNet,U-Net,UNet,32,2,False,False,0.2,1,16,7,70,31,19,0.6129032258064516,0.01340220100480276
Only UNet,U-Net,UNet,32,2,False,False,0.2,1,16,7,71,41,16,0.3902439024390244,-0.06493620750148811
Only UNet,U-Net,UNet,32,2,False,False,0.2,1,16,7,72,38,22,0.5789473684210527,-0.043048414666242485
Only UNet,U-Net,UNet,32,2,False,False,0.2,1,16,7,73,44,18,0.4090909090909091,0.022871001759570613
Only UNet,U-Net,UNet,32,2,False,False,0.2,1,16,7,74,37,13,0.35135135135135137,-0.00046913965505631603
Only UNet,U-Net,UNet,32,2,False,False,0.2,1,16,7,75,29,8,0.27586206896551724,0.00998268210709433
Only UNet,U-Net,UNet,32,2,False,False,0.2,1,16,7,76,28,18,0.6428571428571429,0.015338193063155751
Only UNet,U-Net,UNet,32,2,False,False,0.2,1,16,7,77,18,15,0.8333333333333334,-0.018648378973719213
Only UNet,U-Net,UNet,32,2,False,False,0.2,1,16,7,78,37,23,0.6216216216216216,-0.04605343938015732
Only UNet,U-Net,UNet,32,2,False,False,0.2,1,16,7,79,24,9,0.375,0.013830832246597457
Only UNet,U-Net,UNet,32,2,False,False,0.2,1,16,7,80,38,6,0.15789473684210525,0.05232670733456214
Only UNet,U-Net,UNet,32,2,False,False,0.2,1,16,7,81,25,8,0.32,0.15491894757323116
Only UNet,U-Net,UNet,32,2,False,False,0.2,1,16,7,82,29,12,0.41379310344827586,-0.03799721324563373
Only UNet,U-Net,UNet,32,2,False,False,0.2,1,16,7,83,34,22,0.6470588235294118,0.005030247656391279
Only UNet,U-Net,UNet,32,2,False,False,0.2,1,16,7,84,21,10,0.47619047619047616,0.0005333217381878663
Only UNet,U-Net,UNet,32,2,False,False,0.2,1,16,7,85,22,8,0.36363636363636365,0.02135606730702273
Only UNet,U-Net,UNet,32,2,False,False,0.2,1,16,7,86,41,20,0.4878048780487805,0.011958711757230091
Only UNet,U-Net,UNet,32,2,False,False,0.2,1,16,7,87,28,20,0.7142857142857143,-0.0004472538376619863
Only UNet,U-Net,UNet,32,2,False,False,0.2,1,16,7,88,35,15,0.42857142857142855,-0.009535479210305795
Only UNet,U-Net,UNet,32,2,False,False,0.2,1,16,7,89,32,11,0.34375,-0.014079156380710896
Only UNet,U-Net,UNet,32,2,False,False,0.2,1,16,7,90,29,16,0.5517241379310345,-0.0019953963586441976
Only UNet,U-Net,UNet,32,2,False,False,0.2,1,16,7,91,19,12,0.631578947368421,0.02386462705932379
Only UNet,U-Net,UNet,32,2,False,False,0.2,1,16,7,92,45,24,0.5333333333333333,0.00876232426060027
Only UNet,U-Net,UNet,32,2,False,False,0.2,1,16,7,93,25,9,0.36,0.005420720441540374
Only UNet,U-Net,UNet,32,2,False,False,0.2,1,16,7,94,32,9,0.28125,0.08814343488297971
Only UNet,U-Net,UNet,32,2,False,False,0.2,1,16,7,95,41,17,0.4146341463414634,-0.027018808239648244
Only UNet,U-Net,UNet,32,2,False,False,0.2,1,16,7,96,16,13,0.8125,-0.00483055531296099
Only UNet,U-Net,UNet,32,2,False,False,0.2,1,16,7,97,26,11,0.4230769230769231,0.05379876958308659
Only UNet,U-Net,UNet,32,2,False,False,0.2,1,16,7,98,25,31,1.24,0.015153642233530948
Only UNet,U-Net,UNet,32,2,False,False,0.2,1,16,7,99,61,15,0.2459016393442623,0.019684871901304128
Only UNet,U-Net,UNet,32,2,False,False,0.2,1,16,8,0,33,11,0.3333333333333333,0.032779204285894835
Only UNet,U-Net,UNet,32,2,False,False,0.2,1,16,8,1,34,13,0.38235294117647056,0.02337016175547569
Only UNet,U-Net,UNet,32,2,False,False,0.2,1,16,8,2,29,15,0.5172413793103449,0.022120970807015004
Only UNet,U-Net,UNet,32,2,False,False,0.2,1,16,8,3,28,17,0.6071428571428571,0.048606968751289
Only UNet,U-Net,UNet,32,2,False,False,0.2,1,16,8,4,36,9,0.25,-0.03467507620516379
Only UNet,U-Net,UNet,32,2,False,False,0.2,1,16,8,5,42,10,0.23809523809523808,0.014041090315524965
Only UNet,U-Net,UNet,32,2,False,False,0.2,1,16,8,6,28,16,0.5714285714285714,-0.006642330984494519
Only UNet,U-Net,UNet,32,2,False,False,0.2,1,16,8,7,38,11,0.2894736842105263,0.001239919034346817
Only UNet,U-Net,UNet,32,2,False,False,0.2,1,16,8,8,33,6,0.18181818181818182,0.004088864941517952
Only UNet,U-Net,UNet,32,2,False,False,0.2,1,16,8,9,28,14,0.5,0.04826269749166061
Only UNet,U-Net,UNet,32,2,False,False,0.2,1,16,8,10,31,19,0.6129032258064516,-0.07470313195472242
Only UNet,U-Net,UNet,32,2,False,False,0.2,1,16,8,11,29,28,0.9655172413793104,0.003986298444916755
Only UNet,U-Net,UNet,32,2,False,False,0.2,1,16,8,12,29,7,0.2413793103448276,0.01559654332677003
Only UNet,U-Net,UNet,32,2,False,False,0.2,1,16,8,13,28,22,0.7857142857142857,-0.024822967563681214
Only UNet,U-Net,UNet,32,2,False,False,0.2,1,16,8,14,29,24,0.8275862068965517,0.028669033539700836
Only UNet,U-Net,UNet,32,2,False,False,0.2,1,16,8,15,42,9,0.21428571428571427,0.010450907017443722
Only UNet,U-Net,UNet,32,2,False,False,0.2,1,16,8,16,58,36,0.6206896551724138,0.03463063898128004
Only UNet,U-Net,UNet,32,2,False,False,0.2,1,16,8,17,35,30,0.8571428571428571,0.0034836276095909936
Only UNet,U-Net,UNet,32,2,False,False,0.2,1,16,8,18,17,10,0.5882352941176471,-0.012405177790652538
Only UNet,U-Net,UNet,32,2,False,False,0.2,1,16,8,19,17,22,1.2941176470588236,0.001750938059826675
Only UNet,U-Net,UNet,32,2,False,False,0.2,1,16,8,20,27,11,0.4074074074074074,-0.010943365195920462
Only UNet,U-Net,UNet,32,2,False,False,0.2,1,16,8,21,40,30,0.75,-0.02465784754538661
Only UNet,U-Net,UNet,32,2,False,False,0.2,1,16,8,22,45,44,0.9777777777777777,0.00508887077823278
Only UNet,U-Net,UNet,32,2,False,False,0.2,1,16,8,23,23,16,0.6956521739130435,-0.014859895695217892
Only UNet,U-Net,UNet,32,2,False,False,0.2,1,16,8,24,20,76,3.8,0.18343165973412895
Only UNet,U-Net,UNet,32,2,False,False,0.2,1,16,8,25,18,10,0.5555555555555556,0.011901354124360148
Only UNet,U-Net,UNet,32,2,False,False,0.2,1,16,8,26,34,32,0.9411764705882353,0.1609395423848689
Only UNet,U-Net,UNet,32,2,False,False,0.2,1,16,8,27,35,22,0.6285714285714286,0.09194963250317098
Only UNet,U-Net,UNet,32,2,False,False,0.2,1,16,8,28,33,28,0.8484848484848485,-0.0103194482606312
Only UNet,U-Net,UNet,32,2,False,False,0.2,1,16,8,29,40,25,0.625,-0.04395531154101659
Only UNet,U-Net,UNet,32,2,False,False,0.2,1,16,8,30,19,9,0.47368421052631576,0.02255656208654818
Only UNet,U-Net,UNet,32,2,False,False,0.2,1,16,8,31,37,20,0.5405405405405406,-0.0017384903047520557
Only UNet,U-Net,UNet,32,2,False,False,0.2,1,16,8,32,37,9,0.24324324324324326,-0.018545973855474743
Only UNet,U-Net,UNet,32,2,False,False,0.2,1,16,8,33,31,12,0.3870967741935484,-0.003334112844557098
Only UNet,U-Net,UNet,32,2,False,False,0.2,1,16,8,34,25,15,0.6,0.07632611459598035
Only UNet,U-Net,UNet,32,2,False,False,0.2,1,16,8,35,25,17,0.68,0.01725099558610688
Only UNet,U-Net,UNet,32,2,False,False,0.2,1,16,8,36,26,16,0.6153846153846154,-0.029408623328064057
Only UNet,U-Net,UNet,32,2,False,False,0.2,1,16,8,37,27,16,0.5925925925925926,0.008120440804755496
Only UNet,U-Net,UNet,32,2,False,False,0.2,1,16,8,38,44,5,0.11363636363636363,0.007682707689044313
Only UNet,U-Net,UNet,32,2,False,False,0.2,1,16,8,39,19,5,0.2631578947368421,-0.012878624602342596
Only UNet,U-Net,UNet,32,2,False,False,0.2,1,16,8,40,41,18,0.43902439024390244,0.0074309734762864
Only UNet,U-Net,UNet,32,2,False,False,0.2,1,16,8,41,32,18,0.5625,0.07168878388965771
Only UNet,U-Net,UNet,32,2,False,False,0.2,1,16,8,42,32,24,0.75,0.004599485230114767
Only UNet,U-Net,UNet,32,2,False,False,0.2,1,16,8,43,28,10,0.35714285714285715,-0.04623966378486639
Only UNet,U-Net,UNet,32,2,False,False,0.2,1,16,8,44,41,12,0.2926829268292683,0.06049872402743134
Only UNet,U-Net,UNet,32,2,False,False,0.2,1,16,8,45,30,11,0.36666666666666664,-0.01025880715607797
Only UNet,U-Net,UNet,32,2,False,False,0.2,1,16,8,46,21,12,0.5714285714285714,-0.033032024703132934
Only UNet,U-Net,UNet,32,2,False,False,0.2,1,16,8,47,28,7,0.25,0.005259730025031322
Only UNet,U-Net,UNet,32,2,False,False,0.2,1,16,8,48,17,13,0.7647058823529411,0.05284242505579622
Only UNet,U-Net,UNet,32,2,False,False,0.2,1,16,8,49,20,12,0.6,0.017361569251083588
Only UNet,U-Net,UNet,32,2,False,False,0.2,1,16,8,50,34,5,0.14705882352941177,0.006955353441402465
Only UNet,U-Net,UNet,32,2,False,False,0.2,1,16,8,51,41,28,0.6829268292682927,0.07079737097493853
Only UNet,U-Net,UNet,32,2,False,False,0.2,1,16,8,52,46,22,0.4782608695652174,0.06687660571795791
Only UNet,U-Net,UNet,32,2,False,False,0.2,1,16,8,53,18,14,0.7777777777777778,0.014655573049324123
Only UNet,U-Net,UNet,32,2,False,False,0.2,1,16,8,54,30,15,0.5,-0.05507898096861077
Only UNet,U-Net,UNet,32,2,False,False,0.2,1,16,8,55,40,11,0.275,0.1129837204459827
Only UNet,U-Net,UNet,32,2,False,False,0.2,1,16,8,56,29,17,0.5862068965517241,-0.0001424623966001976
Only UNet,U-Net,UNet,32,2,False,False,0.2,1,16,8,57,38,12,0.3157894736842105,-0.006790467352972392
Only UNet,U-Net,UNet,32,2,False,False,0.2,1,16,8,58,29,14,0.4827586206896552,-0.011128182119749159
Only UNet,U-Net,UNet,32,2,False,False,0.2,1,16,8,59,25,11,0.44,0.016654429265153838
Only UNet,U-Net,UNet,32,2,False,False,0.2,1,16,8,60,35,10,0.2857142857142857,-0.019336098395348625
Only UNet,U-Net,UNet,32,2,False,False,0.2,1,16,8,61,18,38,2.111111111111111,0.05136842174071939
Only UNet,U-Net,UNet,32,2,False,False,0.2,1,16,8,62,24,10,0.4166666666666667,-0.023696368940746226
Only UNet,U-Net,UNet,32,2,False,False,0.2,1,16,8,63,15,12,0.8,0.01169603154724702
Only UNet,U-Net,UNet,32,2,False,False,0.2,1,16,8,64,22,15,0.6818181818181818,0.0026005063489021748
Only UNet,U-Net,UNet,32,2,False,False,0.2,1,16,8,65,20,10,0.5,0.005658806352089928
Only UNet,U-Net,UNet,32,2,False,False,0.2,1,16,8,66,31,25,0.8064516129032258,0.024592890218067837
Only UNet,U-Net,UNet,32,2,False,False,0.2,1,16,8,67,46,8,0.17391304347826086,0.02049190509216563
Only UNet,U-Net,UNet,32,2,False,False,0.2,1,16,8,68,29,26,0.896551724137931,0.049793649096546565
Only UNet,U-Net,UNet,32,2,False,False,0.2,1,16,8,69,50,14,0.28,0.018791054027309996
Only UNet,U-Net,UNet,32,2,False,False,0.2,1,16,8,70,31,20,0.6451612903225806,0.018411722177128685
Only UNet,U-Net,UNet,32,2,False,False,0.2,1,16,8,71,41,16,0.3902439024390244,-0.06628226500463454
Only UNet,U-Net,UNet,32,2,False,False,0.2,1,16,8,72,38,16,0.42105263157894735,-0.013308274835521808
Only UNet,U-Net,UNet,32,2,False,False,0.2,1,16,8,73,44,31,0.7045454545454546,0.020390607168227208
Only UNet,U-Net,UNet,32,2,False,False,0.2,1,16,8,74,37,26,0.7027027027027027,-0.0031225795398860316
Only UNet,U-Net,UNet,32,2,False,False,0.2,1,16,8,75,29,10,0.3448275862068966,-0.004881094136187153
Only UNet,U-Net,UNet,32,2,False,False,0.2,1,16,8,76,28,11,0.39285714285714285,0.01097444724726114
Only UNet,U-Net,UNet,32,2,False,False,0.2,1,16,8,77,18,10,0.5555555555555556,-0.010906262895038675
Only UNet,U-Net,UNet,32,2,False,False,0.2,1,16,8,78,37,22,0.5945945945945946,0.08083790021274516
Only UNet,U-Net,UNet,32,2,False,False,0.2,1,16,8,79,24,20,0.8333333333333334,0.024901644941044042
Only UNet,U-Net,UNet,32,2,False,False,0.2,1,16,8,80,38,15,0.39473684210526316,0.182116489178567
Only UNet,U-Net,UNet,32,2,False,False,0.2,1,16,8,81,25,8,0.32,0.08895308387248031
Only UNet,U-Net,UNet,32,2,False,False,0.2,1,16,8,82,29,9,0.3103448275862069,-0.005495625641086405
Only UNet,U-Net,UNet,32,2,False,False,0.2,1,16,8,83,34,12,0.35294117647058826,0.003589154339456148
Only UNet,U-Net,UNet,32,2,False,False,0.2,1,16,8,84,21,10,0.47619047619047616,-9.190938764752255e-05
Only UNet,U-Net,UNet,32,2,False,False,0.2,1,16,8,85,22,9,0.4090909090909091,0.011478319987114141
Only UNet,U-Net,UNet,32,2,False,False,0.2,1,16,8,86,41,20,0.4878048780487805,0.004443000284675244
Only UNet,U-Net,UNet,32,2,False,False,0.2,1,16,8,87,28,8,0.2857142857142857,0.08632712309948638
Only UNet,U-Net,UNet,32,2,False,False,0.2,1,16,8,88,35,18,0.5142857142857142,0.0005089736909075485
Only UNet,U-Net,UNet,32,2,False,False,0.2,1,16,8,89,32,9,0.28125,-0.013911475487263961
Only UNet,U-Net,UNet,32,2,False,False,0.2,1,16,8,90,29,9,0.3103448275862069,0.0050852912872224884
Only UNet,U-Net,UNet,32,2,False,False,0.2,1,16,8,91,19,27,1.4210526315789473,0.02801862250182627
Only UNet,U-Net,UNet,32,2,False,False,0.2,1,16,8,92,45,14,0.3111111111111111,0.02693568183029503
Only UNet,U-Net,UNet,32,2,False,False,0.2,1,16,8,93,25,9,0.36,-0.002916261591233662
Only UNet,U-Net,UNet,32,2,False,False,0.2,1,16,8,94,32,14,0.4375,0.013826735630449807
Only UNet,U-Net,UNet,32,2,False,False,0.2,1,16,8,95,41,44,1.0731707317073171,-0.021425260494126516
Only UNet,U-Net,UNet,32,2,False,False,0.2,1,16,8,96,16,25,1.5625,-0.004200355390911775
Only UNet,U-Net,UNet,32,2,False,False,0.2,1,16,8,97,26,9,0.34615384615384615,-0.005468213573934206
Only UNet,U-Net,UNet,32,2,False,False,0.2,1,16,8,98,25,9,0.36,0.0010036372676580506
Only UNet,U-Net,UNet,32,2,False,False,0.2,1,16,8,99,61,17,0.2786885245901639,-0.020177215846004293
Only UNet,U-Net,UNet,32,2,False,False,0.2,1,16,9,0,33,10,0.30303030303030304,0.03241611934884172
Only UNet,U-Net,UNet,32,2,False,False,0.2,1,16,9,1,34,38,1.1176470588235294,-0.006719260290627099
Only UNet,U-Net,UNet,32,2,False,False,0.2,1,16,9,2,29,13,0.4482758620689655,0.20201316368945277
Only UNet,U-Net,UNet,32,2,False,False,0.2,1,16,9,3,28,10,0.35714285714285715,0.02835045634447345
Only UNet,U-Net,UNet,32,2,False,False,0.2,1,16,9,4,36,13,0.3611111111111111,0.004572595229198853
Only UNet,U-Net,UNet,32,2,False,False,0.2,1,16,9,5,42,17,0.40476190476190477,-0.0054738441093366355
Only UNet,U-Net,UNet,32,2,False,False,0.2,1,16,9,6,28,39,1.3928571428571428,0.022721176498334675
Only UNet,U-Net,UNet,32,2,False,False,0.2,1,16,9,7,38,17,0.4473684210526316,0.0551366397797572
Only UNet,U-Net,UNet,32,2,False,False,0.2,1,16,9,8,33,19,0.5757575757575758,0.2800909390134734
Only UNet,U-Net,UNet,32,2,False,False,0.2,1,16,9,9,28,10,0.35714285714285715,0.046015278176650076
Only UNet,U-Net,UNet,32,2,False,False,0.2,1,16,9,10,31,26,0.8387096774193549,-0.06153685640025881
Only UNet,U-Net,UNet,32,2,False,False,0.2,1,16,9,11,29,40,1.3793103448275863,0.01815319799025311
Only UNet,U-Net,UNet,32,2,False,False,0.2,1,16,9,12,29,15,0.5172413793103449,0.05937754417677164
Only UNet,U-Net,UNet,32,2,False,False,0.2,1,16,9,13,28,20,0.7142857142857143,-0.032104566820621364
Only UNet,U-Net,UNet,32,2,False,False,0.2,1,16,9,14,29,17,0.5862068965517241,0.014856631619260995
Only UNet,U-Net,UNet,32,2,False,False,0.2,1,16,9,15,42,18,0.42857142857142855,0.005091561883511327
Only UNet,U-Net,UNet,32,2,False,False,0.2,1,16,9,16,58,13,0.22413793103448276,0.03294201886358443
Only UNet,U-Net,UNet,32,2,False,False,0.2,1,16,9,17,35,14,0.4,0.04053257793700138
Only UNet,U-Net,UNet,32,2,False,False,0.2,1,16,9,18,17,10,0.5882352941176471,-0.020882642497233157
Only UNet,U-Net,UNet,32,2,False,False,0.2,1,16,9,19,17,17,1.0,0.07765550165834278
Only UNet,U-Net,UNet,32,2,False,False,0.2,1,16,9,20,27,11,0.4074074074074074,0.007198635455364492
Only UNet,U-Net,UNet,32,2,False,False,0.2,1,16,9,21,40,14,0.35,-0.005518663860591352
Only UNet,U-Net,UNet,32,2,False,False,0.2,1,16,9,22,45,9,0.2,-0.02028460560692498
Only UNet,U-Net,UNet,32,2,False,False,0.2,1,16,9,23,23,17,0.7391304347826086,-0.009510371548955478
Only UNet,U-Net,UNet,32,2,False,False,0.2,1,16,9,24,20,10,0.5,0.001923950079817467
Only UNet,U-Net,UNet,32,2,False,False,0.2,1,16,9,25,18,9,0.5,0.02211360506600705
Only UNet,U-Net,UNet,32,2,False,False,0.2,1,16,9,26,34,21,0.6176470588235294,0.002353443826169508
Only UNet,U-Net,UNet,32,2,False,False,0.2,1,16,9,27,35,18,0.5142857142857142,0.003085791571193151
Only UNet,U-Net,UNet,32,2,False,False,0.2,1,16,9,28,33,29,0.8787878787878788,-0.006658640812546558
Only UNet,U-Net,UNet,32,2,False,False,0.2,1,16,9,29,40,12,0.3,-0.04734907063496973
Only UNet,U-Net,UNet,32,2,False,False,0.2,1,16,9,30,19,8,0.42105263157894735,0.03215181141063114
Only UNet,U-Net,UNet,32,2,False,False,0.2,1,16,9,31,37,21,0.5675675675675675,-0.0070309662149465515
Only UNet,U-Net,UNet,32,2,False,False,0.2,1,16,9,32,37,7,0.1891891891891892,0.021598965930408665
Only UNet,U-Net,UNet,32,2,False,False,0.2,1,16,9,33,31,9,0.2903225806451613,-0.009654403527930367
Only UNet,U-Net,UNet,32,2,False,False,0.2,1,16,9,34,25,11,0.44,0.0682394677865368
Only UNet,U-Net,UNet,32,2,False,False,0.2,1,16,9,35,25,23,0.92,0.03917612123379772
Only UNet,U-Net,UNet,32,2,False,False,0.2,1,16,9,36,26,18,0.6923076923076923,0.005878516320437925
Only UNet,U-Net,UNet,32,2,False,False,0.2,1,16,9,37,27,15,0.5555555555555556,-0.012062710425798673
Only UNet,U-Net,UNet,32,2,False,False,0.2,1,16,9,38,44,12,0.2727272727272727,-0.012962778623285208
Only UNet,U-Net,UNet,32,2,False,False,0.2,1,16,9,39,19,17,0.8947368421052632,-0.007688240779684022
Only UNet,U-Net,UNet,32,2,False,False,0.2,1,16,9,40,41,26,0.6341463414634146,0.03170746647029319
Only UNet,U-Net,UNet,32,2,False,False,0.2,1,16,9,41,32,20,0.625,-0.002356020537879587
Only UNet,U-Net,UNet,32,2,False,False,0.2,1,16,9,42,32,18,0.5625,0.009790827465356764
Only UNet,U-Net,UNet,32,2,False,False,0.2,1,16,9,43,28,16,0.5714285714285714,-0.022669256854905083
Only UNet,U-Net,UNet,32,2,False,False,0.2,1,16,9,44,41,9,0.21951219512195122,-0.015653004090184806
Only UNet,U-Net,UNet,32,2,False,False,0.2,1,16,9,45,30,11,0.36666666666666664,-0.007292947395401072
Only UNet,U-Net,UNet,32,2,False,False,0.2,1,16,9,46,21,43,2.0476190476190474,-0.03918495075741798
Only UNet,U-Net,UNet,32,2,False,False,0.2,1,16,9,47,28,9,0.32142857142857145,0.014902746499755565
Only UNet,U-Net,UNet,32,2,False,False,0.2,1,16,9,48,17,10,0.5882352941176471,0.018889678481961394
Only UNet,U-Net,UNet,32,2,False,False,0.2,1,16,9,49,20,10,0.5,0.017890893688779264
Only UNet,U-Net,UNet,32,2,False,False,0.2,1,16,9,50,34,11,0.3235294117647059,0.03396398907492884
Only UNet,U-Net,UNet,32,2,False,False,0.2,1,16,9,51,41,17,0.4146341463414634,0.05807421835663937
Only UNet,U-Net,UNet,32,2,False,False,0.2,1,16,9,52,46,24,0.5217391304347826,0.01814566746004635
Only UNet,U-Net,UNet,32,2,False,False,0.2,1,16,9,53,18,14,0.7777777777777778,0.012550120743711157
Only UNet,U-Net,UNet,32,2,False,False,0.2,1,16,9,54,30,18,0.6,-0.041389136330996286
Only UNet,U-Net,UNet,32,2,False,False,0.2,1,16,9,55,40,11,0.275,0.11243309362278639
Only UNet,U-Net,UNet,32,2,False,False,0.2,1,16,9,56,29,13,0.4482758620689655,0.0029979812467389217
Only UNet,U-Net,UNet,32,2,False,False,0.2,1,16,9,57,38,17,0.4473684210526316,0.012126764788787894
Only UNet,U-Net,UNet,32,2,False,False,0.2,1,16,9,58,29,14,0.4827586206896552,-0.005288976525942987
Only UNet,U-Net,UNet,32,2,False,False,0.2,1,16,9,59,25,10,0.4,0.0033206788723967495
Only UNet,U-Net,UNet,32,2,False,False,0.2,1,16,9,60,35,17,0.4857142857142857,-0.007496842133001908
Only UNet,U-Net,UNet,32,2,False,False,0.2,1,16,9,61,18,13,0.7222222222222222,-0.008611591028470235
Only UNet,U-Net,UNet,32,2,False,False,0.2,1,16,9,62,24,11,0.4583333333333333,-0.018637059663188557
Only UNet,U-Net,UNet,32,2,False,False,0.2,1,16,9,63,15,11,0.7333333333333333,0.0005849940390584452
Only UNet,U-Net,UNet,32,2,False,False,0.2,1,16,9,64,22,41,1.8636363636363635,-0.015888132416496538
Only UNet,U-Net,UNet,32,2,False,False,0.2,1,16,9,65,20,13,0.65,0.005326782224351901
Only UNet,U-Net,UNet,32,2,False,False,0.2,1,16,9,66,31,11,0.3548387096774194,0.004436041176791169
Only UNet,U-Net,UNet,32,2,False,False,0.2,1,16,9,67,46,17,0.3695652173913043,0.06121563484128372
Only UNet,U-Net,UNet,32,2,False,False,0.2,1,16,9,68,29,27,0.9310344827586207,0.004333425244925636
Only UNet,U-Net,UNet,32,2,False,False,0.2,1,16,9,69,50,9,0.18,0.017989217935120174
Only UNet,U-Net,UNet,32,2,False,False,0.2,1,16,9,70,31,18,0.5806451612903226,0.0016932218277114666
Only UNet,U-Net,UNet,32,2,False,False,0.2,1,16,9,71,41,8,0.1951219512195122,-0.04988610040968941
Only UNet,U-Net,UNet,32,2,False,False,0.2,1,16,9,72,38,15,0.39473684210526316,-0.0509089592851743
Only UNet,U-Net,UNet,32,2,False,False,0.2,1,16,9,73,44,15,0.3409090909090909,0.00674566123109305
Only UNet,U-Net,UNet,32,2,False,False,0.2,1,16,9,74,37,17,0.4594594594594595,0.00018088718043216163
Only UNet,U-Net,UNet,32,2,False,False,0.2,1,16,9,75,29,10,0.3448275862068966,0.054772870585378775
Only UNet,U-Net,UNet,32,2,False,False,0.2,1,16,9,76,28,17,0.6071428571428571,0.04308353691476806
Only UNet,U-Net,UNet,32,2,False,False,0.2,1,16,9,77,18,9,0.5,-0.0032627556868114597
Only UNet,U-Net,UNet,32,2,False,False,0.2,1,16,9,78,37,17,0.4594594594594595,-0.038522745022372906
Only UNet,U-Net,UNet,32,2,False,False,0.2,1,16,9,79,24,14,0.5833333333333334,0.016972523934167233
Only UNet,U-Net,UNet,32,2,False,False,0.2,1,16,9,80,38,15,0.39473684210526316,0.0587222918760371
Only UNet,U-Net,UNet,32,2,False,False,0.2,1,16,9,81,25,21,0.84,-0.0075637308173202925
Only UNet,U-Net,UNet,32,2,False,False,0.2,1,16,9,82,29,15,0.5172413793103449,-0.01133141336995205
Only UNet,U-Net,UNet,32,2,False,False,0.2,1,16,9,83,34,23,0.6764705882352942,0.040850986510926855
Only UNet,U-Net,UNet,32,2,False,False,0.2,1,16,9,84,21,14,0.6666666666666666,-0.012028074402503974
Only UNet,U-Net,UNet,32,2,False,False,0.2,1,16,9,85,22,7,0.3181818181818182,0.024886767209383986
Only UNet,U-Net,UNet,32,2,False,False,0.2,1,16,9,86,41,16,0.3902439024390244,0.02471422916606543
Only UNet,U-Net,UNet,32,2,False,False,0.2,1,16,9,87,28,6,0.21428571428571427,0.09497530341828586
Only UNet,U-Net,UNet,32,2,False,False,0.2,1,16,9,88,35,18,0.5142857142857142,-0.01983360503316016
Only UNet,U-Net,UNet,32,2,False,False,0.2,1,16,9,89,32,12,0.375,0.0005621353681921962
Only UNet,U-Net,UNet,32,2,False,False,0.2,1,16,9,90,29,14,0.4827586206896552,0.0006882603323391876
Only UNet,U-Net,UNet,32,2,False,False,0.2,1,16,9,91,19,32,1.6842105263157894,-0.008851401594033822
Only UNet,U-Net,UNet,32,2,False,False,0.2,1,16,9,92,45,17,0.37777777777777777,-0.05143598702109799
Only UNet,U-Net,UNet,32,2,False,False,0.2,1,16,9,93,25,9,0.36,-0.00178832607147716
Only UNet,U-Net,UNet,32,2,False,False,0.2,1,16,9,94,32,7,0.21875,0.09557036133950664
Only UNet,U-Net,UNet,32,2,False,False,0.2,1,16,9,95,41,16,0.3902439024390244,-0.004596520578359981
Only UNet,U-Net,UNet,32,2,False,False,0.2,1,16,9,96,16,22,1.375,-0.01866483841062185
Only UNet,U-Net,UNet,32,2,False,False,0.2,1,16,9,97,26,9,0.34615384615384615,0.05358723388348617
Only UNet,U-Net,UNet,32,2,False,False,0.2,1,16,9,98,25,8,0.32,0.06498929994934186
Only UNet,U-Net,UNet,32,2,False,False,0.2,1,16,9,99,61,5,0.08196721311475409,0.04435127062009091
Only UNet,U-Net,UNet,32,2,False,False,0.2,0.5,16,0,0,33,34,1.0303030303030303,0.06469198537861176
Only UNet,U-Net,UNet,32,2,False,False,0.2,0.5,16,0,1,34,16,0.47058823529411764,0.02367839337068056
Only UNet,U-Net,UNet,32,2,False,False,0.2,0.5,16,0,2,29,12,0.41379310344827586,-0.008738171414858654
Only UNet,U-Net,UNet,32,2,False,False,0.2,0.5,16,0,3,28,22,0.7857142857142857,0.0324867644210439
Only UNet,U-Net,UNet,32,2,False,False,0.2,0.5,16,0,4,36,18,0.5,-0.006104860999566531
Only UNet,U-Net,UNet,32,2,False,False,0.2,0.5,16,0,5,42,9,0.21428571428571427,-0.011484542722564953
Only UNet,U-Net,UNet,32,2,False,False,0.2,0.5,16,0,6,28,9,0.32142857142857145,-0.010126438980417025
Only UNet,U-Net,UNet,32,2,False,False,0.2,0.5,16,0,7,38,9,0.23684210526315788,0.03159846310114472
Only UNet,U-Net,UNet,32,2,False,False,0.2,0.5,16,0,8,33,8,0.24242424242424243,-0.001992765197847597
Only UNet,U-Net,UNet,32,2,False,False,0.2,0.5,16,0,9,28,21,0.75,0.002627154453669784
Only UNet,U-Net,UNet,32,2,False,False,0.2,0.5,16,0,10,31,11,0.3548387096774194,-0.05644914433512749
Only UNet,U-Net,UNet,32,2,False,False,0.2,0.5,16,0,11,29,8,0.27586206896551724,-0.013046223549612114
Only UNet,U-Net,UNet,32,2,False,False,0.2,0.5,16,0,12,29,9,0.3103448275862069,0.03759697012082934
Only UNet,U-Net,UNet,32,2,False,False,0.2,0.5,16,0,13,28,20,0.7142857142857143,-0.02405692578619803
Only UNet,U-Net,UNet,32,2,False,False,0.2,0.5,16,0,14,29,30,1.0344827586206897,-0.017734691517619305
Only UNet,U-Net,UNet,32,2,False,False,0.2,0.5,16,0,15,42,18,0.42857142857142855,0.009938864456142754
Only UNet,U-Net,UNet,32,2,False,False,0.2,0.5,16,0,16,58,11,0.1896551724137931,0.055353088723420624
Only UNet,U-Net,UNet,32,2,False,False,0.2,0.5,16,0,17,35,10,0.2857142857142857,0.014121714101247332
Only UNet,U-Net,UNet,32,2,False,False,0.2,0.5,16,0,18,17,11,0.6470588235294118,-0.0006191501030426033
Only UNet,U-Net,UNet,32,2,False,False,0.2,0.5,16,0,19,17,11,0.6470588235294118,0.005059802911933421
Only UNet,U-Net,UNet,32,2,False,False,0.2,0.5,16,0,20,27,21,0.7777777777777778,0.012023583838862324
Only UNet,U-Net,UNet,32,2,False,False,0.2,0.5,16,0,21,40,29,0.725,-0.009213423573509837
Only UNet,U-Net,UNet,32,2,False,False,0.2,0.5,16,0,22,45,15,0.3333333333333333,-0.006063604177077499
Only UNet,U-Net,UNet,32,2,False,False,0.2,0.5,16,0,23,23,28,1.2173913043478262,0.09309415421786146
Only UNet,U-Net,UNet,32,2,False,False,0.2,0.5,16,0,24,20,38,1.9,0.29757128433157815
Only UNet,U-Net,UNet,32,2,False,False,0.2,0.5,16,0,25,18,19,1.0555555555555556,-0.01149839378305829
Only UNet,U-Net,UNet,32,2,False,False,0.2,0.5,16,0,26,34,9,0.2647058823529412,0.02271455021506057
Only UNet,U-Net,UNet,32,2,False,False,0.2,0.5,16,0,27,35,30,0.8571428571428571,0.07030962026005062
Only UNet,U-Net,UNet,32,2,False,False,0.2,0.5,16,0,28,33,28,0.8484848484848485,-0.005530851587406685
Only UNet,U-Net,UNet,32,2,False,False,0.2,0.5,16,0,29,40,7,0.175,-0.024288839416588447
Only UNet,U-Net,UNet,32,2,False,False,0.2,0.5,16,0,30,19,9,0.47368421052631576,0.04701891399489064
Only UNet,U-Net,UNet,32,2,False,False,0.2,0.5,16,0,31,37,11,0.2972972972972973,-0.02440347555897881
Only UNet,U-Net,UNet,32,2,False,False,0.2,0.5,16,0,32,37,15,0.40540540540540543,0.011991830347284085
Only UNet,U-Net,UNet,32,2,False,False,0.2,0.5,16,0,33,31,19,0.6129032258064516,-0.01092254733571801
Only UNet,U-Net,UNet,32,2,False,False,0.2,0.5,16,0,34,25,8,0.32,0.004027294247305792
Only UNet,U-Net,UNet,32,2,False,False,0.2,0.5,16,0,35,25,19,0.76,-0.03164085602260531
Only UNet,U-Net,UNet,32,2,False,False,0.2,0.5,16,0,36,26,11,0.4230769230769231,0.009977125533853113
Only UNet,U-Net,UNet,32,2,False,False,0.2,0.5,16,0,37,27,13,0.48148148148148145,0.17910815204023486
Only UNet,U-Net,UNet,32,2,False,False,0.2,0.5,16,0,38,44,6,0.13636363636363635,0.03948739404972992
Only UNet,U-Net,UNet,32,2,False,False,0.2,0.5,16,0,39,19,7,0.3684210526315789,-0.009194752910109374
Only UNet,U-Net,UNet,32,2,False,False,0.2,0.5,16,0,40,41,34,0.8292682926829268,0.0398198620407576
Only UNet,U-Net,UNet,32,2,False,False,0.2,0.5,16,0,41,32,16,0.5,0.019176329825455557
Only UNet,U-Net,UNet,32,2,False,False,0.2,0.5,16,0,42,32,20,0.625,0.008365374908107782
Only UNet,U-Net,UNet,32,2,False,False,0.2,0.5,16,0,43,28,19,0.6785714285714286,-0.011357130537486467
Only UNet,U-Net,UNet,32,2,False,False,0.2,0.5,16,0,44,41,23,0.5609756097560976,-0.008750847018357173
Only UNet,U-Net,UNet,32,2,False,False,0.2,0.5,16,0,45,30,8,0.26666666666666666,0.09201172989748979
Only UNet,U-Net,UNet,32,2,False,False,0.2,0.5,16,0,46,21,16,0.7619047619047619,-0.01932517860949576
Only UNet,U-Net,UNet,32,2,False,False,0.2,0.5,16,0,47,28,15,0.5357142857142857,0.010740654661249002
Only UNet,U-Net,UNet,32,2,False,False,0.2,0.5,16,0,48,17,29,1.7058823529411764,0.04341047214138584
Only UNet,U-Net,UNet,32,2,False,False,0.2,0.5,16,0,49,20,40,2.0,0.04824421233577822
Only UNet,U-Net,UNet,32,2,False,False,0.2,0.5,16,0,50,34,13,0.38235294117647056,0.03684352244168978
Only UNet,U-Net,UNet,32,2,False,False,0.2,0.5,16,0,51,41,43,1.048780487804878,-0.014008645697725081
Only UNet,U-Net,UNet,32,2,False,False,0.2,0.5,16,0,52,46,27,0.5869565217391305,0.12409380228019441
Only UNet,U-Net,UNet,32,2,False,False,0.2,0.5,16,0,53,18,15,0.8333333333333334,0.01190455166489875
Only UNet,U-Net,UNet,32,2,False,False,0.2,0.5,16,0,54,30,24,0.8,-0.054652636684339465
Only UNet,U-Net,UNet,32,2,False,False,0.2,0.5,16,0,55,40,28,0.7,0.10993858184178132
Only UNet,U-Net,UNet,32,2,False,False,0.2,0.5,16,0,56,29,16,0.5517241379310345,0.010693040969194517
Only UNet,U-Net,UNet,32,2,False,False,0.2,0.5,16,0,57,38,21,0.5526315789473685,0.0111592201938298
Only UNet,U-Net,UNet,32,2,False,False,0.2,0.5,16,0,58,29,20,0.6896551724137931,-0.002487293949350915
Only UNet,U-Net,UNet,32,2,False,False,0.2,0.5,16,0,59,25,9,0.36,0.021018148670082164
Only UNet,U-Net,UNet,32,2,False,False,0.2,0.5,16,0,60,35,12,0.34285714285714286,-0.004464892051622041
Only UNet,U-Net,UNet,32,2,False,False,0.2,0.5,16,0,61,18,9,0.5,0.00347518751038045
Only UNet,U-Net,UNet,32,2,False,False,0.2,0.5,16,0,62,24,26,1.0833333333333333,0.002295506057397687
Only UNet,U-Net,UNet,32,2,False,False,0.2,0.5,16,0,63,15,14,0.9333333333333333,-0.0010179880967364405
Only UNet,U-Net,UNet,32,2,False,False,0.2,0.5,16,0,64,22,15,0.6818181818181818,0.00498375847229262
Only UNet,U-Net,UNet,32,2,False,False,0.2,0.5,16,0,65,20,7,0.35,-0.032900288405654926
Only UNet,U-Net,UNet,32,2,False,False,0.2,0.5,16,0,66,31,23,0.7419354838709677,0.017095324538204264
Only UNet,U-Net,UNet,32,2,False,False,0.2,0.5,16,0,67,46,10,0.21739130434782608,-0.004000491404839317
Only UNet,U-Net,UNet,32,2,False,False,0.2,0.5,16,0,68,29,26,0.896551724137931,0.04033290753881389
Only UNet,U-Net,UNet,32,2,False,False,0.2,0.5,16,0,69,50,23,0.46,0.02771285400262022
Only UNet,U-Net,UNet,32,2,False,False,0.2,0.5,16,0,70,31,22,0.7096774193548387,0.0094064873439277
Only UNet,U-Net,UNet,32,2,False,False,0.2,0.5,16,0,71,41,18,0.43902439024390244,-0.024773867855528188
Only UNet,U-Net,UNet,32,2,False,False,0.2,0.5,16,0,72,38,12,0.3157894736842105,-0.032267285991553984
Only UNet,U-Net,UNet,32,2,False,False,0.2,0.5,16,0,73,44,15,0.3409090909090909,0.025115463147553908
Only UNet,U-Net,UNet,32,2,False,False,0.2,0.5,16,0,74,37,15,0.40540540540540543,0.005288207544582564
Only UNet,U-Net,UNet,32,2,False,False,0.2,0.5,16,0,75,29,13,0.4482758620689655,0.05270739483009081
Only UNet,U-Net,UNet,32,2,False,False,0.2,0.5,16,0,76,28,12,0.42857142857142855,0.21175239002155022
Only UNet,U-Net,UNet,32,2,False,False,0.2,0.5,16,0,77,18,8,0.4444444444444444,-0.017749122925872052
Only UNet,U-Net,UNet,32,2,False,False,0.2,0.5,16,0,78,37,56,1.5135135135135136,-0.01618082754277247
Only UNet,U-Net,UNet,32,2,False,False,0.2,0.5,16,0,79,24,8,0.3333333333333333,0.03147819767706247
Only UNet,U-Net,UNet,32,2,False,False,0.2,0.5,16,0,80,38,11,0.2894736842105263,0.1015945253233305
Only UNet,U-Net,UNet,32,2,False,False,0.2,0.5,16,0,81,25,26,1.04,-0.006355136442625989
Only UNet,U-Net,UNet,32,2,False,False,0.2,0.5,16,0,82,29,17,0.5862068965517241,-0.0018943012442400298
Only UNet,U-Net,UNet,32,2,False,False,0.2,0.5,16,0,83,34,7,0.20588235294117646,0.0019064418768009626
Only UNet,U-Net,UNet,32,2,False,False,0.2,0.5,16,0,84,21,10,0.47619047619047616,-0.004939305286613552
Only UNet,U-Net,UNet,32,2,False,False,0.2,0.5,16,0,85,22,11,0.5,0.003964391173864058
Only UNet,U-Net,UNet,32,2,False,False,0.2,0.5,16,0,86,41,24,0.5853658536585366,-0.002529298569462363
Only UNet,U-Net,UNet,32,2,False,False,0.2,0.5,16,0,87,28,19,0.6785714285714286,-0.005419278499157905
Only UNet,U-Net,UNet,32,2,False,False,0.2,0.5,16,0,88,35,7,0.2,-0.016369454850108694
Only UNet,U-Net,UNet,32,2,False,False,0.2,0.5,16,0,89,32,10,0.3125,-0.0302923351931355
Only UNet,U-Net,UNet,32,2,False,False,0.2,0.5,16,0,90,29,33,1.1379310344827587,-0.006775292336077138
Only UNet,U-Net,UNet,32,2,False,False,0.2,0.5,16,0,91,19,44,2.3157894736842106,0.020071916874734235
Only UNet,U-Net,UNet,32,2,False,False,0.2,0.5,16,0,92,45,11,0.24444444444444444,0.003452451546223455
Only UNet,U-Net,UNet,32,2,False,False,0.2,0.5,16,0,93,25,9,0.36,-0.0021266504221242027
Only UNet,U-Net,UNet,32,2,False,False,0.2,0.5,16,0,94,32,7,0.21875,0.08609076335187907
Only UNet,U-Net,UNet,32,2,False,False,0.2,0.5,16,0,95,41,16,0.3902439024390244,-0.01887015211701486
Only UNet,U-Net,UNet,32,2,False,False,0.2,0.5,16,0,96,16,19,1.1875,-0.005794241310460795
Only UNet,U-Net,UNet,32,2,False,False,0.2,0.5,16,0,97,26,11,0.4230769230769231,0.03149757123492228
Only UNet,U-Net,UNet,32,2,False,False,0.2,0.5,16,0,98,25,6,0.24,0.045274628387178176
Only UNet,U-Net,UNet,32,2,False,False,0.2,0.5,16,0,99,61,13,0.21311475409836064,-0.032069411939422934
Only UNet,U-Net,UNet,32,2,False,False,0.2,0.5,16,1,0,33,18,0.5454545454545454,0.035608119409842584
Only UNet,U-Net,UNet,32,2,False,False,0.2,0.5,16,1,1,34,18,0.5294117647058824,0.013229181759140753
Only UNet,U-Net,UNet,32,2,False,False,0.2,0.5,16,1,2,29,12,0.41379310344827586,0.023114799866740938
Only UNet,U-Net,UNet,32,2,False,False,0.2,0.5,16,1,3,28,10,0.35714285714285715,0.0020703141514257827
Only UNet,U-Net,UNet,32,2,False,False,0.2,0.5,16,1,4,36,63,1.75,-0.01305531077585139
Only UNet,U-Net,UNet,32,2,False,False,0.2,0.5,16,1,5,42,11,0.2619047619047619,-0.0013594394583279212
Only UNet,U-Net,UNet,32,2,False,False,0.2,0.5,16,1,6,28,9,0.32142857142857145,-0.005687212236672808
Only UNet,U-Net,UNet,32,2,False,False,0.2,0.5,16,1,7,38,18,0.47368421052631576,0.04713740332698279
Only UNet,U-Net,UNet,32,2,False,False,0.2,0.5,16,1,8,33,9,0.2727272727272727,-0.0020067199746830362
Only UNet,U-Net,UNet,32,2,False,False,0.2,0.5,16,1,9,28,10,0.35714285714285715,0.05990054644100188
Only UNet,U-Net,UNet,32,2,False,False,0.2,0.5,16,1,10,31,13,0.41935483870967744,-0.06471365790738003
Only UNet,U-Net,UNet,32,2,False,False,0.2,0.5,16,1,11,29,9,0.3103448275862069,-0.01506062007244853
Only UNet,U-Net,UNet,32,2,False,False,0.2,0.5,16,1,12,29,24,0.8275862068965517,0.024821481728551805
Only UNet,U-Net,UNet,32,2,False,False,0.2,0.5,16,1,13,28,25,0.8928571428571429,-0.03313155901839879
Only UNet,U-Net,UNet,32,2,False,False,0.2,0.5,16,1,14,29,22,0.7586206896551724,0.007916861031240396
Only UNet,U-Net,UNet,32,2,False,False,0.2,0.5,16,1,15,42,18,0.42857142857142855,0.008913769103008373
Only UNet,U-Net,UNet,32,2,False,False,0.2,0.5,16,1,16,58,38,0.6551724137931034,0.029347258891308722
Only UNet,U-Net,UNet,32,2,False,False,0.2,0.5,16,1,17,35,12,0.34285714285714286,-0.0021294528030696767
Only UNet,U-Net,UNet,32,2,False,False,0.2,0.5,16,1,18,17,9,0.5294117647058824,0.0060803428554177825
Only UNet,U-Net,UNet,32,2,False,False,0.2,0.5,16,1,19,17,15,0.8823529411764706,0.0011781207239857658
Only UNet,U-Net,UNet,32,2,False,False,0.2,0.5,16,1,20,27,27,1.0,0.04831150089432621
Only UNet,U-Net,UNet,32,2,False,False,0.2,0.5,16,1,21,40,23,0.575,-0.02074907002107821
Only UNet,U-Net,UNet,32,2,False,False,0.2,0.5,16,1,22,45,21,0.4666666666666667,0.03085317959398592
Only UNet,U-Net,UNet,32,2,False,False,0.2,0.5,16,1,23,23,15,0.6521739130434783,-0.0207795603877545
Only UNet,U-Net,UNet,32,2,False,False,0.2,0.5,16,1,24,20,9,0.45,0.003976372847505229
Only UNet,U-Net,UNet,32,2,False,False,0.2,0.5,16,1,25,18,15,0.8333333333333334,0.013933399129220835
Only UNet,U-Net,UNet,32,2,False,False,0.2,0.5,16,1,26,34,10,0.29411764705882354,0.04560111569265247
Only UNet,U-Net,UNet,32,2,False,False,0.2,0.5,16,1,27,35,26,0.7428571428571429,0.12279246316512174
Only UNet,U-Net,UNet,32,2,False,False,0.2,0.5,16,1,28,33,36,1.0909090909090908,-0.010659691563924375
Only UNet,U-Net,UNet,32,2,False,False,0.2,0.5,16,1,29,40,8,0.2,-0.044317892999975794
Only UNet,U-Net,UNet,32,2,False,False,0.2,0.5,16,1,30,19,7,0.3684210526315789,0.032150673535085744
Only UNet,U-Net,UNet,32,2,False,False,0.2,0.5,16,1,31,37,15,0.40540540540540543,-0.023074797640894994
Only UNet,U-Net,UNet,32,2,False,False,0.2,0.5,16,1,32,37,17,0.4594594594594595,-0.02558869189458246
Only UNet,U-Net,UNet,32,2,False,False,0.2,0.5,16,1,33,31,8,0.25806451612903225,-0.016476168364350077
Only UNet,U-Net,UNet,32,2,False,False,0.2,0.5,16,1,34,25,15,0.6,0.06561270539172263
Only UNet,U-Net,UNet,32,2,False,False,0.2,0.5,16,1,35,25,15,0.6,-0.030286136400118874
Only UNet,U-Net,UNet,32,2,False,False,0.2,0.5,16,1,36,26,16,0.6153846153846154,-0.015587279304662595
Only UNet,U-Net,UNet,32,2,False,False,0.2,0.5,16,1,37,27,13,0.48148148148148145,-0.0046757965580255115
Only UNet,U-Net,UNet,32,2,False,False,0.2,0.5,16,1,38,44,9,0.20454545454545456,0.007901680755918846
Only UNet,U-Net,UNet,32,2,False,False,0.2,0.5,16,1,39,19,8,0.42105263157894735,-0.008726178045893552
Only UNet,U-Net,UNet,32,2,False,False,0.2,0.5,16,1,40,41,22,0.5365853658536586,0.010710856994047046
Only UNet,U-Net,UNet,32,2,False,False,0.2,0.5,16,1,41,32,14,0.4375,0.015241012710935203
Only UNet,U-Net,UNet,32,2,False,False,0.2,0.5,16,1,42,32,29,0.90625,0.03084407620870141
Only UNet,U-Net,UNet,32,2,False,False,0.2,0.5,16,1,43,28,7,0.25,-0.0396933122253431
Only UNet,U-Net,UNet,32,2,False,False,0.2,0.5,16,1,44,41,17,0.4146341463414634,-0.0104845836225039
Only UNet,U-Net,UNet,32,2,False,False,0.2,0.5,16,1,45,30,11,0.36666666666666664,0.009987030896630198
Only UNet,U-Net,UNet,32,2,False,False,0.2,0.5,16,1,46,21,12,0.5714285714285714,-0.021709409120184656
Only UNet,U-Net,UNet,32,2,False,False,0.2,0.5,16,1,47,28,8,0.2857142857142857,0.013882366141195894
Only UNet,U-Net,UNet,32,2,False,False,0.2,0.5,16,1,48,17,11,0.6470588235294118,0.029614769029358928
Only UNet,U-Net,UNet,32,2,False,False,0.2,0.5,16,1,49,20,38,1.9,0.047998889984436514
Only UNet,U-Net,UNet,32,2,False,False,0.2,0.5,16,1,50,34,16,0.47058823529411764,0.004605574432223002
Only UNet,U-Net,UNet,32,2,False,False,0.2,0.5,16,1,51,41,5,0.12195121951219512,0.0029096136921762713
Only UNet,U-Net,UNet,32,2,False,False,0.2,0.5,16,1,52,46,20,0.43478260869565216,0.060968531731268795
Only UNet,U-Net,UNet,32,2,False,False,0.2,0.5,16,1,53,18,13,0.7222222222222222,0.006629807765590336
Only UNet,U-Net,UNet,32,2,False,False,0.2,0.5,16,1,54,30,11,0.36666666666666664,-0.04204400969810836
Only UNet,U-Net,UNet,32,2,False,False,0.2,0.5,16,1,55,40,20,0.5,0.1246377375163435
Only UNet,U-Net,UNet,32,2,False,False,0.2,0.5,16,1,56,29,15,0.5172413793103449,-0.006469095227107732
Only UNet,U-Net,UNet,32,2,False,False,0.2,0.5,16,1,57,38,20,0.5263157894736842,0.004511806856805213
Only UNet,U-Net,UNet,32,2,False,False,0.2,0.5,16,1,58,29,9,0.3103448275862069,0.010452001720224875
Only UNet,U-Net,UNet,32,2,False,False,0.2,0.5,16,1,59,25,9,0.36,-0.0006518121388751437
Only UNet,U-Net,UNet,32,2,False,False,0.2,0.5,16,1,60,35,13,0.37142857142857144,-0.02736370581399714
Only UNet,U-Net,UNet,32,2,False,False,0.2,0.5,16,1,61,18,11,0.6111111111111112,0.007367012192830073
Only UNet,U-Net,UNet,32,2,False,False,0.2,0.5,16,1,62,24,26,1.0833333333333333,-0.01799590319346305
Only UNet,U-Net,UNet,32,2,False,False,0.2,0.5,16,1,63,15,11,0.7333333333333333,0.004609681414126187
Only UNet,U-Net,UNet,32,2,False,False,0.2,0.5,16,1,64,22,17,0.7727272727272727,-0.0010205510330360075
Only UNet,U-Net,UNet,32,2,False,False,0.2,0.5,16,1,65,20,15,0.75,0.012620760178262497
Only UNet,U-Net,UNet,32,2,False,False,0.2,0.5,16,1,66,31,10,0.3225806451612903,0.005662615742771128
Only UNet,U-Net,UNet,32,2,False,False,0.2,0.5,16,1,67,46,9,0.1956521739130435,0.018246467432178306
Only UNet,U-Net,UNet,32,2,False,False,0.2,0.5,16,1,68,29,12,0.41379310344827586,0.012259618360559797
Only UNet,U-Net,UNet,32,2,False,False,0.2,0.5,16,1,69,50,14,0.28,0.052850990725821306
Only UNet,U-Net,UNet,32,2,False,False,0.2,0.5,16,1,70,31,11,0.3548387096774194,0.007777419541528669
Only UNet,U-Net,UNet,32,2,False,False,0.2,0.5,16,1,71,41,14,0.34146341463414637,-0.026902995951982377
Only UNet,U-Net,UNet,32,2,False,False,0.2,0.5,16,1,72,38,9,0.23684210526315788,-0.049354105516801715
Only UNet,U-Net,UNet,32,2,False,False,0.2,0.5,16,1,73,44,19,0.4318181818181818,0.0006633886541537375
Only UNet,U-Net,UNet,32,2,False,False,0.2,0.5,16,1,74,37,20,0.5405405405405406,0.0004529181595207867
Only UNet,U-Net,UNet,32,2,False,False,0.2,0.5,16,1,75,29,16,0.5517241379310345,0.051452810987334306
Only UNet,U-Net,UNet,32,2,False,False,0.2,0.5,16,1,76,28,17,0.6071428571428571,0.014689354933131109
Only UNet,U-Net,UNet,32,2,False,False,0.2,0.5,16,1,77,18,10,0.5555555555555556,-0.009552336708752643
Only UNet,U-Net,UNet,32,2,False,False,0.2,0.5,16,1,78,37,17,0.4594594594594595,-0.017195355523313846
Only UNet,U-Net,UNet,32,2,False,False,0.2,0.5,16,1,79,24,56,2.3333333333333335,0.03551984528887061
Only UNet,U-Net,UNet,32,2,False,False,0.2,0.5,16,1,80,38,23,0.6052631578947368,0.07525581443013717
Only UNet,U-Net,UNet,32,2,False,False,0.2,0.5,16,1,81,25,10,0.4,0.11046016544536684
Only UNet,U-Net,UNet,32,2,False,False,0.2,0.5,16,1,82,29,11,0.3793103448275862,0.001610886211586455
Only UNet,U-Net,UNet,32,2,False,False,0.2,0.5,16,1,83,34,14,0.4117647058823529,-0.014513206393833172
Only UNet,U-Net,UNet,32,2,False,False,0.2,0.5,16,1,84,21,10,0.47619047619047616,0.003518419125560485
Only UNet,U-Net,UNet,32,2,False,False,0.2,0.5,16,1,85,22,9,0.4090909090909091,0.005292557464093474
Only UNet,U-Net,UNet,32,2,False,False,0.2,0.5,16,1,86,41,17,0.4146341463414634,0.018122589924776614
Only UNet,U-Net,UNet,32,2,False,False,0.2,0.5,16,1,87,28,26,0.9285714285714286,-0.0036302631485099594
Only UNet,U-Net,UNet,32,2,False,False,0.2,0.5,16,1,88,35,13,0.37142857142857144,-0.005879966495278428
Only UNet,U-Net,UNet,32,2,False,False,0.2,0.5,16,1,89,32,11,0.34375,-0.02849173354761981
Only UNet,U-Net,UNet,32,2,False,False,0.2,0.5,16,1,90,29,16,0.5517241379310345,-0.004056796324554584
Only UNet,U-Net,UNet,32,2,False,False,0.2,0.5,16,1,91,19,18,0.9473684210526315,0.025566296324563604
Only UNet,U-Net,UNet,32,2,False,False,0.2,0.5,16,1,92,45,35,0.7777777777777778,-0.009157028588296551
Only UNet,U-Net,UNet,32,2,False,False,0.2,0.5,16,1,93,25,7,0.28,0.0034836780495062767
Only UNet,U-Net,UNet,32,2,False,False,0.2,0.5,16,1,94,32,16,0.5,0.08168321104290392
Only UNet,U-Net,UNet,32,2,False,False,0.2,0.5,16,1,95,41,13,0.3170731707317073,0.0012961722579240941
Only UNet,U-Net,UNet,32,2,False,False,0.2,0.5,16,1,96,16,24,1.5,-0.008889844825949273
Only UNet,U-Net,UNet,32,2,False,False,0.2,0.5,16,1,97,26,37,1.4230769230769231,0.0361161006761981
Only UNet,U-Net,UNet,32,2,False,False,0.2,0.5,16,1,98,25,11,0.44,0.005861682012983728
Only UNet,U-Net,UNet,32,2,False,False,0.2,0.5,16,1,99,61,23,0.3770491803278688,0.05039638870982273
Only UNet,U-Net,UNet,32,2,False,False,0.2,0.5,16,2,0,33,17,0.5151515151515151,0.07259257084090504
Only UNet,U-Net,UNet,32,2,False,False,0.2,0.5,16,2,1,34,19,0.5588235294117647,0.016671392109706622
Only UNet,U-Net,UNet,32,2,False,False,0.2,0.5,16,2,2,29,10,0.3448275862068966,0.0016506561400051346
Only UNet,U-Net,UNet,32,2,False,False,0.2,0.5,16,2,3,28,19,0.6785714285714286,0.047128731325436164
Only UNet,U-Net,UNet,32,2,False,False,0.2,0.5,16,2,4,36,7,0.19444444444444445,-0.029867994767327235
Only UNet,U-Net,UNet,32,2,False,False,0.2,0.5,16,2,5,42,4,0.09523809523809523,0.0029719381961620366
Only UNet,U-Net,UNet,32,2,False,False,0.2,0.5,16,2,6,28,22,0.7857142857142857,0.032744891996216004
Only UNet,U-Net,UNet,32,2,False,False,0.2,0.5,16,2,7,38,13,0.34210526315789475,0.06506314380817749
Only UNet,U-Net,UNet,32,2,False,False,0.2,0.5,16,2,8,33,7,0.21212121212121213,0.004017707112530629
Only UNet,U-Net,UNet,32,2,False,False,0.2,0.5,16,2,9,28,11,0.39285714285714285,0.04563276448819576
Only UNet,U-Net,UNet,32,2,False,False,0.2,0.5,16,2,10,31,19,0.6129032258064516,-0.05005145179896188
Only UNet,U-Net,UNet,32,2,False,False,0.2,0.5,16,2,11,29,11,0.3793103448275862,-0.006226030687009067
Only UNet,U-Net,UNet,32,2,False,False,0.2,0.5,16,2,12,29,9,0.3103448275862069,0.016752473791616904
Only UNet,U-Net,UNet,32,2,False,False,0.2,0.5,16,2,13,28,25,0.8928571428571429,-0.019947679474349972
Only UNet,U-Net,UNet,32,2,False,False,0.2,0.5,16,2,14,29,13,0.4482758620689655,0.029647481052980658
Only UNet,U-Net,UNet,32,2,False,False,0.2,0.5,16,2,15,42,10,0.23809523809523808,0.007468201370406581
Only UNet,U-Net,UNet,32,2,False,False,0.2,0.5,16,2,16,58,12,0.20689655172413793,0.039845996784194274
Only UNet,U-Net,UNet,32,2,False,False,0.2,0.5,16,2,17,35,15,0.42857142857142855,0.025344043533182672
Only UNet,U-Net,UNet,32,2,False,False,0.2,0.5,16,2,18,17,9,0.5294117647058824,0.0019702856401713903
Only UNet,U-Net,UNet,32,2,False,False,0.2,0.5,16,2,19,17,16,0.9411764705882353,-0.0010387515489780881
Only UNet,U-Net,UNet,32,2,False,False,0.2,0.5,16,2,20,27,39,1.4444444444444444,0.030411959428990096
Only UNet,U-Net,UNet,32,2,False,False,0.2,0.5,16,2,21,40,15,0.375,0.011513754989068193
Only UNet,U-Net,UNet,32,2,False,False,0.2,0.5,16,2,22,45,11,0.24444444444444444,-0.02227588342550763
Only UNet,U-Net,UNet,32,2,False,False,0.2,0.5,16,2,23,23,16,0.6956521739130435,0.00908409204749698
Only UNet,U-Net,UNet,32,2,False,False,0.2,0.5,16,2,24,20,49,2.45,0.12236621753871083
Only UNet,U-Net,UNet,32,2,False,False,0.2,0.5,16,2,25,18,9,0.5,0.007184090933310914
Only UNet,U-Net,UNet,32,2,False,False,0.2,0.5,16,2,26,34,6,0.17647058823529413,0.053629877687782934
Only UNet,U-Net,UNet,32,2,False,False,0.2,0.5,16,2,27,35,29,0.8285714285714286,-0.005160103184868304
Only UNet,U-Net,UNet,32,2,False,False,0.2,0.5,16,2,28,33,17,0.5151515151515151,-0.00334696233211594
Only UNet,U-Net,UNet,32,2,False,False,0.2,0.5,16,2,29,40,13,0.325,-0.023005432166169553
Only UNet,U-Net,UNet,32,2,False,False,0.2,0.5,16,2,30,19,7,0.3684210526315789,0.042983855594186854
Only UNet,U-Net,UNet,32,2,False,False,0.2,0.5,16,2,31,37,11,0.2972972972972973,-0.0008625470846819839
Only UNet,U-Net,UNet,32,2,False,False,0.2,0.5,16,2,32,37,18,0.4864864864864865,-0.04104475117176558
Only UNet,U-Net,UNet,32,2,False,False,0.2,0.5,16,2,33,31,24,0.7741935483870968,-0.00038515379053734316
Only UNet,U-Net,UNet,32,2,False,False,0.2,0.5,16,2,34,25,15,0.6,0.06746842745067674
Only UNet,U-Net,UNet,32,2,False,False,0.2,0.5,16,2,35,25,21,0.84,0.007535919072850323
Only UNet,U-Net,UNet,32,2,False,False,0.2,0.5,16,2,36,26,15,0.5769230769230769,-0.012878711512018564
Only UNet,U-Net,UNet,32,2,False,False,0.2,0.5,16,2,37,27,15,0.5555555555555556,-0.0040876474238878266
Only UNet,U-Net,UNet,32,2,False,False,0.2,0.5,16,2,38,44,12,0.2727272727272727,0.016930022319748314
Only UNet,U-Net,UNet,32,2,False,False,0.2,0.5,16,2,39,19,12,0.631578947368421,-0.0025257566214622355
Only UNet,U-Net,UNet,32,2,False,False,0.2,0.5,16,2,40,41,27,0.6585365853658537,-0.00941485665411253
Only UNet,U-Net,UNet,32,2,False,False,0.2,0.5,16,2,41,32,12,0.375,-0.0021180443413994715
Only UNet,U-Net,UNet,32,2,False,False,0.2,0.5,16,2,42,32,21,0.65625,0.02227394514325125
Only UNet,U-Net,UNet,32,2,False,False,0.2,0.5,16,2,43,28,8,0.2857142857142857,0.008944937131809737
Only UNet,U-Net,UNet,32,2,False,False,0.2,0.5,16,2,44,41,14,0.34146341463414637,-0.009489846407655626
Only UNet,U-Net,UNet,32,2,False,False,0.2,0.5,16,2,45,30,9,0.3,-0.0012301395605224291
Only UNet,U-Net,UNet,32,2,False,False,0.2,0.5,16,2,46,21,12,0.5714285714285714,-0.026779074875492127
Only UNet,U-Net,UNet,32,2,False,False,0.2,0.5,16,2,47,28,11,0.39285714285714285,0.017172288696367652
Only UNet,U-Net,UNet,32,2,False,False,0.2,0.5,16,2,48,17,7,0.4117647058823529,0.03254520350495511
Only UNet,U-Net,UNet,32,2,False,False,0.2,0.5,16,2,49,20,26,1.3,0.06747775698630279
Only UNet,U-Net,UNet,32,2,False,False,0.2,0.5,16,2,50,34,14,0.4117647058823529,0.028280917128316062
Only UNet,U-Net,UNet,32,2,False,False,0.2,0.5,16,2,51,41,13,0.3170731707317073,0.005127341509499834
Only UNet,U-Net,UNet,32,2,False,False,0.2,0.5,16,2,52,46,17,0.3695652173913043,0.0713317945178893
Only UNet,U-Net,UNet,32,2,False,False,0.2,0.5,16,2,53,18,12,0.6666666666666666,0.013442663306179903
Only UNet,U-Net,UNet,32,2,False,False,0.2,0.5,16,2,54,30,18,0.6,-0.058210461486306146
Only UNet,U-Net,UNet,32,2,False,False,0.2,0.5,16,2,55,40,18,0.45,0.12026732028017277
Only UNet,U-Net,UNet,32,2,False,False,0.2,0.5,16,2,56,29,34,1.1724137931034482,-0.025825650788648354
Only UNet,U-Net,UNet,32,2,False,False,0.2,0.5,16,2,57,38,26,0.6842105263157895,0.002731519431682846
Only UNet,U-Net,UNet,32,2,False,False,0.2,0.5,16,2,58,29,10,0.3448275862068966,-0.003211856897740349
Only UNet,U-Net,UNet,32,2,False,False,0.2,0.5,16,2,59,25,15,0.6,0.023790261129371833
Only UNet,U-Net,UNet,32,2,False,False,0.2,0.5,16,2,60,35,23,0.6571428571428571,-0.02389264172033915
Only UNet,U-Net,UNet,32,2,False,False,0.2,0.5,16,2,61,18,10,0.5555555555555556,0.004758987351483771
Only UNet,U-Net,UNet,32,2,False,False,0.2,0.5,16,2,62,24,11,0.4583333333333333,-0.0002062432726444924
Only UNet,U-Net,UNet,32,2,False,False,0.2,0.5,16,2,63,15,18,1.2,0.017271512607494332
Only UNet,U-Net,UNet,32,2,False,False,0.2,0.5,16,2,64,22,10,0.45454545454545453,-0.01731572403496309
Only UNet,U-Net,UNet,32,2,False,False,0.2,0.5,16,2,65,20,9,0.45,-0.024051783517402506
Only UNet,U-Net,UNet,32,2,False,False,0.2,0.5,16,2,66,31,10,0.3225806451612903,-0.00019682732594815687
Only UNet,U-Net,UNet,32,2,False,False,0.2,0.5,16,2,67,46,8,0.17391304347826086,0.03033455004808553
Only UNet,U-Net,UNet,32,2,False,False,0.2,0.5,16,2,68,29,13,0.4482758620689655,0.00437079012081685
Only UNet,U-Net,UNet,32,2,False,False,0.2,0.5,16,2,69,50,16,0.32,0.03067549810981005
Only UNet,U-Net,UNet,32,2,False,False,0.2,0.5,16,2,70,31,22,0.7096774193548387,0.0042847932448130165
Only UNet,U-Net,UNet,32,2,False,False,0.2,0.5,16,2,71,41,14,0.34146341463414637,0.022923126068081407
Only UNet,U-Net,UNet,32,2,False,False,0.2,0.5,16,2,72,38,13,0.34210526315789475,-0.029989445572377274
Only UNet,U-Net,UNet,32,2,False,False,0.2,0.5,16,2,73,44,31,0.7045454545454546,0.026388434874642604
Only UNet,U-Net,UNet,32,2,False,False,0.2,0.5,16,2,74,37,16,0.43243243243243246,-0.0061281075688214455
Only UNet,U-Net,UNet,32,2,False,False,0.2,0.5,16,2,75,29,24,0.8275862068965517,0.011112193888544472
Only UNet,U-Net,UNet,32,2,False,False,0.2,0.5,16,2,76,28,20,0.7142857142857143,0.03658952026972749
Only UNet,U-Net,UNet,32,2,False,False,0.2,0.5,16,2,77,18,7,0.3888888888888889,-0.006510960304887528
Only UNet,U-Net,UNet,32,2,False,False,0.2,0.5,16,2,78,37,17,0.4594594594594595,-0.019832242878633354
Only UNet,U-Net,UNet,32,2,False,False,0.2,0.5,16,2,79,24,17,0.7083333333333334,0.027387312164464876
Only UNet,U-Net,UNet,32,2,False,False,0.2,0.5,16,2,80,38,24,0.631578947368421,0.08491469168828973
Only UNet,U-Net,UNet,32,2,False,False,0.2,0.5,16,2,81,25,19,0.76,0.10186766410943975
Only UNet,U-Net,UNet,32,2,False,False,0.2,0.5,16,2,82,29,37,1.2758620689655173,-0.027914299137041257
Only UNet,U-Net,UNet,32,2,False,False,0.2,0.5,16,2,83,34,10,0.29411764705882354,-0.0055569170431593005
Only UNet,U-Net,UNet,32,2,False,False,0.2,0.5,16,2,84,21,16,0.7619047619047619,-0.0017179430720259457
Only UNet,U-Net,UNet,32,2,False,False,0.2,0.5,16,2,85,22,9,0.4090909090909091,0.0013646776344628144
Only UNet,U-Net,UNet,32,2,False,False,0.2,0.5,16,2,86,41,14,0.34146341463414637,-0.011217701028286885
Only UNet,U-Net,UNet,32,2,False,False,0.2,0.5,16,2,87,28,10,0.35714285714285715,0.06321992072051094
Only UNet,U-Net,UNet,32,2,False,False,0.2,0.5,16,2,88,35,11,0.3142857142857143,-0.0010953605800057265
Only UNet,U-Net,UNet,32,2,False,False,0.2,0.5,16,2,89,32,22,0.6875,-0.020406279482317862
Only UNet,U-Net,UNet,32,2,False,False,0.2,0.5,16,2,90,29,18,0.6206896551724138,0.006563536887821136
Only UNet,U-Net,UNet,32,2,False,False,0.2,0.5,16,2,91,19,15,0.7894736842105263,0.029066628869239074
Only UNet,U-Net,UNet,32,2,False,False,0.2,0.5,16,2,92,45,26,0.5777777777777777,-0.0022356018334059504
Only UNet,U-Net,UNet,32,2,False,False,0.2,0.5,16,2,93,25,10,0.4,-0.0023895256976945592
Only UNet,U-Net,UNet,32,2,False,False,0.2,0.5,16,2,94,32,10,0.3125,0.09237517983386986
Only UNet,U-Net,UNet,32,2,False,False,0.2,0.5,16,2,95,41,16,0.3902439024390244,0.03309967656276159
Only UNet,U-Net,UNet,32,2,False,False,0.2,0.5,16,2,96,16,39,2.4375,-0.00811469575180901
Only UNet,U-Net,UNet,32,2,False,False,0.2,0.5,16,2,97,26,10,0.38461538461538464,0.00328982082816069
Only UNet,U-Net,UNet,32,2,False,False,0.2,0.5,16,2,98,25,23,0.92,-0.0009512457469953346
Only UNet,U-Net,UNet,32,2,False,False,0.2,0.5,16,2,99,61,13,0.21311475409836064,0.0015817701097694977
Only UNet,U-Net,UNet,32,2,False,False,0.2,0.5,16,3,0,33,16,0.48484848484848486,0.031602260731001273
Only UNet,U-Net,UNet,32,2,False,False,0.2,0.5,16,3,1,34,28,0.8235294117647058,0.0009010797407250404
Only UNet,U-Net,UNet,32,2,False,False,0.2,0.5,16,3,2,29,14,0.4827586206896552,0.19822520111192218
Only UNet,U-Net,UNet,32,2,False,False,0.2,0.5,16,3,3,28,18,0.6428571428571429,0.0027582587554271557
Only UNet,U-Net,UNet,32,2,False,False,0.2,0.5,16,3,4,36,17,0.4722222222222222,-0.015019560876056002
Only UNet,U-Net,UNet,32,2,False,False,0.2,0.5,16,3,5,42,8,0.19047619047619047,-0.0054538088267486505
Only UNet,U-Net,UNet,32,2,False,False,0.2,0.5,16,3,6,28,14,0.5,0.01487719040793277
Only UNet,U-Net,UNet,32,2,False,False,0.2,0.5,16,3,7,38,9,0.23684210526315788,0.026007807244375358
Only UNet,U-Net,UNet,32,2,False,False,0.2,0.5,16,3,8,33,15,0.45454545454545453,-0.004706450313036783
Only UNet,U-Net,UNet,32,2,False,False,0.2,0.5,16,3,9,28,22,0.7857142857142857,0.055311522097414675
Only UNet,U-Net,UNet,32,2,False,False,0.2,0.5,16,3,10,31,19,0.6129032258064516,-0.027290404386739152
Only UNet,U-Net,UNet,32,2,False,False,0.2,0.5,16,3,11,29,28,0.9655172413793104,0.00909279648868829
Only UNet,U-Net,UNet,32,2,False,False,0.2,0.5,16,3,12,29,21,0.7241379310344828,0.006523134748568088
Only UNet,U-Net,UNet,32,2,False,False,0.2,0.5,16,3,13,28,29,1.0357142857142858,-0.03712213037744619
Only UNet,U-Net,UNet,32,2,False,False,0.2,0.5,16,3,14,29,28,0.9655172413793104,-0.012221058713207599
Only UNet,U-Net,UNet,32,2,False,False,0.2,0.5,16,3,15,42,10,0.23809523809523808,0.0073273463704545665
Only UNet,U-Net,UNet,32,2,False,False,0.2,0.5,16,3,16,58,12,0.20689655172413793,0.02155226480110018
Only UNet,U-Net,UNet,32,2,False,False,0.2,0.5,16,3,17,35,9,0.2571428571428571,-0.006570483248301646
Only UNet,U-Net,UNet,32,2,False,False,0.2,0.5,16,3,18,17,19,1.1176470588235294,0.004179286489371397
Only UNet,U-Net,UNet,32,2,False,False,0.2,0.5,16,3,19,17,17,1.0,0.008379396182547951
Only UNet,U-Net,UNet,32,2,False,False,0.2,0.5,16,3,20,27,17,0.6296296296296297,0.0032857400026859948
Only UNet,U-Net,UNet,32,2,False,False,0.2,0.5,16,3,21,40,32,0.8,-0.019257186327324736
Only UNet,U-Net,UNet,32,2,False,False,0.2,0.5,16,3,22,45,35,0.7777777777777778,0.020691089221811936
Only UNet,U-Net,UNet,32,2,False,False,0.2,0.5,16,3,23,23,12,0.5217391304347826,0.01566597424791538
Only UNet,U-Net,UNet,32,2,False,False,0.2,0.5,16,3,24,20,12,0.6,0.004238582740290106
Only UNet,U-Net,UNet,32,2,False,False,0.2,0.5,16,3,25,18,12,0.6666666666666666,0.0054404456437951955
Only UNet,U-Net,UNet,32,2,False,False,0.2,0.5,16,3,26,34,13,0.38235294117647056,-0.0006037723859903942
Only UNet,U-Net,UNet,32,2,False,False,0.2,0.5,16,3,27,35,28,0.8,0.07639796206446021
Only UNet,U-Net,UNet,32,2,False,False,0.2,0.5,16,3,28,33,26,0.7878787878787878,-0.011365799940560944
Only UNet,U-Net,UNet,32,2,False,False,0.2,0.5,16,3,29,40,12,0.3,-0.03882294325373239
Only UNet,U-Net,UNet,32,2,False,False,0.2,0.5,16,3,30,19,8,0.42105263157894735,0.04885438310797961
Only UNet,U-Net,UNet,32,2,False,False,0.2,0.5,16,3,31,37,15,0.40540540540540543,-0.018356897469624947
Only UNet,U-Net,UNet,32,2,False,False,0.2,0.5,16,3,32,37,20,0.5405405405405406,0.02341206042637109
Only UNet,U-Net,UNet,32,2,False,False,0.2,0.5,16,3,33,31,10,0.3225806451612903,-0.0023481415280204748
Only UNet,U-Net,UNet,32,2,False,False,0.2,0.5,16,3,34,25,11,0.44,0.06013565589513599
Only UNet,U-Net,UNet,32,2,False,False,0.2,0.5,16,3,35,25,40,1.6,-0.03874064936962832
Only UNet,U-Net,UNet,32,2,False,False,0.2,0.5,16,3,36,26,14,0.5384615384615384,-0.018014237186956068
Only UNet,U-Net,UNet,32,2,False,False,0.2,0.5,16,3,37,27,18,0.6666666666666666,0.016694448683313313
Only UNet,U-Net,UNet,32,2,False,False,0.2,0.5,16,3,38,44,11,0.25,-0.004821227422124122
Only UNet,U-Net,UNet,32,2,False,False,0.2,0.5,16,3,39,19,14,0.7368421052631579,-0.016321791939647445
Only UNet,U-Net,UNet,32,2,False,False,0.2,0.5,16,3,40,41,29,0.7073170731707317,-0.0126016184908473
Only UNet,U-Net,UNet,32,2,False,False,0.2,0.5,16,3,41,32,9,0.28125,-0.01791065890326689
Only UNet,U-Net,UNet,32,2,False,False,0.2,0.5,16,3,42,32,18,0.5625,-0.019478964617983364
Only UNet,U-Net,UNet,32,2,False,False,0.2,0.5,16,3,43,28,9,0.32142857142857145,0.06901130728979832
Only UNet,U-Net,UNet,32,2,False,False,0.2,0.5,16,3,44,41,23,0.5609756097560976,0.09975977039070696
Only UNet,U-Net,UNet,32,2,False,False,0.2,0.5,16,3,45,30,31,1.0333333333333334,-0.01606231825362634
Only UNet,U-Net,UNet,32,2,False,False,0.2,0.5,16,3,46,21,12,0.5714285714285714,-0.006848653263481037
Only UNet,U-Net,UNet,32,2,False,False,0.2,0.5,16,3,47,28,9,0.32142857142857145,0.012917337864082857
Only UNet,U-Net,UNet,32,2,False,False,0.2,0.5,16,3,48,17,8,0.47058823529411764,0.12650852524792822
Only UNet,U-Net,UNet,32,2,False,False,0.2,0.5,16,3,49,20,21,1.05,0.02518682002573038
Only UNet,U-Net,UNet,32,2,False,False,0.2,0.5,16,3,50,34,14,0.4117647058823529,-0.01010067920656393
Only UNet,U-Net,UNet,32,2,False,False,0.2,0.5,16,3,51,41,16,0.3902439024390244,0.001000747281141776
Only UNet,U-Net,UNet,32,2,False,False,0.2,0.5,16,3,52,46,8,0.17391304347826086,0.08606376264809024
Only UNet,U-Net,UNet,32,2,False,False,0.2,0.5,16,3,53,18,8,0.4444444444444444,0.014623408748434676
Only UNet,U-Net,UNet,32,2,False,False,0.2,0.5,16,3,54,30,17,0.5666666666666667,-0.04110585641607641
Only UNet,U-Net,UNet,32,2,False,False,0.2,0.5,16,3,55,40,13,0.325,0.11527629521861057
Only UNet,U-Net,UNet,32,2,False,False,0.2,0.5,16,3,56,29,16,0.5517241379310345,-0.021461172163233608
Only UNet,U-Net,UNet,32,2,False,False,0.2,0.5,16,3,57,38,16,0.42105263157894735,0.013726472531648604
Only UNet,U-Net,UNet,32,2,False,False,0.2,0.5,16,3,58,29,22,0.7586206896551724,0.002745758618288427
Only UNet,U-Net,UNet,32,2,False,False,0.2,0.5,16,3,59,25,18,0.72,0.05903068491191893
Only UNet,U-Net,UNet,32,2,False,False,0.2,0.5,16,3,60,35,9,0.2571428571428571,-0.014055460290345599
Only UNet,U-Net,UNet,32,2,False,False,0.2,0.5,16,3,61,18,9,0.5,-0.00271915102349192
Only UNet,U-Net,UNet,32,2,False,False,0.2,0.5,16,3,62,24,11,0.4583333333333333,-0.01497301582246366
Only UNet,U-Net,UNet,32,2,False,False,0.2,0.5,16,3,63,15,27,1.8,0.016641133414984834
Only UNet,U-Net,UNet,32,2,False,False,0.2,0.5,16,3,64,22,17,0.7727272727272727,0.017937530146673795
Only UNet,U-Net,UNet,32,2,False,False,0.2,0.5,16,3,65,20,9,0.45,-0.013214846904762555
Only UNet,U-Net,UNet,32,2,False,False,0.2,0.5,16,3,66,31,17,0.5483870967741935,0.021848651832224994
Only UNet,U-Net,UNet,32,2,False,False,0.2,0.5,16,3,67,46,19,0.41304347826086957,-0.007146128961781363
Only UNet,U-Net,UNet,32,2,False,False,0.2,0.5,16,3,68,29,12,0.41379310344827586,0.05590820845549134
Only UNet,U-Net,UNet,32,2,False,False,0.2,0.5,16,3,69,50,16,0.32,0.03397410417147374
Only UNet,U-Net,UNet,32,2,False,False,0.2,0.5,16,3,70,31,14,0.45161290322580644,0.044962020140692484
Only UNet,U-Net,UNet,32,2,False,False,0.2,0.5,16,3,71,41,10,0.24390243902439024,-0.029108161843899083
Only UNet,U-Net,UNet,32,2,False,False,0.2,0.5,16,3,72,38,14,0.3684210526315789,-0.04870024124509829
Only UNet,U-Net,UNet,32,2,False,False,0.2,0.5,16,3,73,44,20,0.45454545454545453,-0.01115814591945518
Only UNet,U-Net,UNet,32,2,False,False,0.2,0.5,16,3,74,37,19,0.5135135135135135,0.008961617724236209
Only UNet,U-Net,UNet,32,2,False,False,0.2,0.5,16,3,75,29,19,0.6551724137931034,0.05612615994678787
Only UNet,U-Net,UNet,32,2,False,False,0.2,0.5,16,3,76,28,19,0.6785714285714286,0.04608607072048325
Only UNet,U-Net,UNet,32,2,False,False,0.2,0.5,16,3,77,18,11,0.6111111111111112,-0.011640381232586516
Only UNet,U-Net,UNet,32,2,False,False,0.2,0.5,16,3,78,37,17,0.4594594594594595,0.0037692729828676243
Only UNet,U-Net,UNet,32,2,False,False,0.2,0.5,16,3,79,24,10,0.4166666666666667,0.01368876365387374
Only UNet,U-Net,UNet,32,2,False,False,0.2,0.5,16,3,80,38,15,0.39473684210526316,0.07056299454457218
Only UNet,U-Net,UNet,32,2,False,False,0.2,0.5,16,3,81,25,24,0.96,0.0031813705823751847
Only UNet,U-Net,UNet,32,2,False,False,0.2,0.5,16,3,82,29,14,0.4827586206896552,-0.003773102728502169
Only UNet,U-Net,UNet,32,2,False,False,0.2,0.5,16,3,83,34,19,0.5588235294117647,0.008845071260404873
Only UNet,U-Net,UNet,32,2,False,False,0.2,0.5,16,3,84,21,10,0.47619047619047616,0.0014592160850495678
Only UNet,U-Net,UNet,32,2,False,False,0.2,0.5,16,3,85,22,16,0.7272727272727273,0.007664630709448225
Only UNet,U-Net,UNet,32,2,False,False,0.2,0.5,16,3,86,41,10,0.24390243902439024,0.015851173635153225
Only UNet,U-Net,UNet,32,2,False,False,0.2,0.5,16,3,87,28,7,0.25,-0.016934479834348936
Only UNet,U-Net,UNet,32,2,False,False,0.2,0.5,16,3,88,35,13,0.37142857142857144,-0.01904617896231225
Only UNet,U-Net,UNet,32,2,False,False,0.2,0.5,16,3,89,32,25,0.78125,-0.012797448921218771
Only UNet,U-Net,UNet,32,2,False,False,0.2,0.5,16,3,90,29,7,0.2413793103448276,0.02949001482288138
Only UNet,U-Net,UNet,32,2,False,False,0.2,0.5,16,3,91,19,36,1.894736842105263,0.02314729003347253
Only UNet,U-Net,UNet,32,2,False,False,0.2,0.5,16,3,92,45,16,0.35555555555555557,0.022290606993633916
Only UNet,U-Net,UNet,32,2,False,False,0.2,0.5,16,3,93,25,8,0.32,0.0018573704209643139
Only UNet,U-Net,UNet,32,2,False,False,0.2,0.5,16,3,94,32,31,0.96875,0.0025699678626595907
Only UNet,U-Net,UNet,32,2,False,False,0.2,0.5,16,3,95,41,28,0.6829268292682927,-0.0035417182911744883
Only UNet,U-Net,UNet,32,2,False,False,0.2,0.5,16,3,96,16,16,1.0,-0.020531187525845568
Only UNet,U-Net,UNet,32,2,False,False,0.2,0.5,16,3,97,26,9,0.34615384615384615,0.012802867693784761
Only UNet,U-Net,UNet,32,2,False,False,0.2,0.5,16,3,98,25,10,0.4,0.0336551104453857
Only UNet,U-Net,UNet,32,2,False,False,0.2,0.5,16,3,99,61,9,0.14754098360655737,0.03098031488126851
Only UNet,U-Net,UNet,32,2,False,False,0.2,0.5,16,4,0,33,18,0.5454545454545454,0.06209725841669983
Only UNet,U-Net,UNet,32,2,False,False,0.2,0.5,16,4,1,34,28,0.8235294117647058,-0.017695052410273863
Only UNet,U-Net,UNet,32,2,False,False,0.2,0.5,16,4,2,29,19,0.6551724137931034,0.007171388716282206
Only UNet,U-Net,UNet,32,2,False,False,0.2,0.5,16,4,3,28,49,1.75,0.003087727440626976
Only UNet,U-Net,UNet,32,2,False,False,0.2,0.5,16,4,4,36,17,0.4722222222222222,-0.011990989975885822
Only UNet,U-Net,UNet,32,2,False,False,0.2,0.5,16,4,5,42,9,0.21428571428571427,-0.013607599655894021
Only UNet,U-Net,UNet,32,2,False,False,0.2,0.5,16,4,6,28,16,0.5714285714285714,0.009204233674958793
Only UNet,U-Net,UNet,32,2,False,False,0.2,0.5,16,4,7,38,28,0.7368421052631579,-0.010854281524101117
Only UNet,U-Net,UNet,32,2,False,False,0.2,0.5,16,4,8,33,18,0.5454545454545454,0.012382500202401928
Only UNet,U-Net,UNet,32,2,False,False,0.2,0.5,16,4,9,28,21,0.75,-0.004333682741907136
Only UNet,U-Net,UNet,32,2,False,False,0.2,0.5,16,4,10,31,19,0.6129032258064516,-0.06966657719747142
Only UNet,U-Net,UNet,32,2,False,False,0.2,0.5,16,4,11,29,21,0.7241379310344828,-0.0015400005202253814
Only UNet,U-Net,UNet,32,2,False,False,0.2,0.5,16,4,12,29,13,0.4482758620689655,0.028582290557091775
Only UNet,U-Net,UNet,32,2,False,False,0.2,0.5,16,4,13,28,26,0.9285714285714286,-0.04174063679836628
Only UNet,U-Net,UNet,32,2,False,False,0.2,0.5,16,4,14,29,19,0.6551724137931034,0.00854189893099306
Only UNet,U-Net,UNet,32,2,False,False,0.2,0.5,16,4,15,42,18,0.42857142857142855,0.014601944275250875
Only UNet,U-Net,UNet,32,2,False,False,0.2,0.5,16,4,16,58,8,0.13793103448275862,0.035702795280200664
Only UNet,U-Net,UNet,32,2,False,False,0.2,0.5,16,4,17,35,20,0.5714285714285714,0.01681259968862355
Only UNet,U-Net,UNet,32,2,False,False,0.2,0.5,16,4,18,17,7,0.4117647058823529,-0.019523121179927723
Only UNet,U-Net,UNet,32,2,False,False,0.2,0.5,16,4,19,17,15,0.8823529411764706,-0.0056463566340880355
Only UNet,U-Net,UNet,32,2,False,False,0.2,0.5,16,4,20,27,26,0.9629629629629629,-0.008194718326665441
Only UNet,U-Net,UNet,32,2,False,False,0.2,0.5,16,4,21,40,35,0.875,-0.03118851128576697
Only UNet,U-Net,UNet,32,2,False,False,0.2,0.5,16,4,22,45,10,0.2222222222222222,0.033545071497963666
Only UNet,U-Net,UNet,32,2,False,False,0.2,0.5,16,4,23,23,15,0.6521739130434783,-0.007122558118978167
Only UNet,U-Net,UNet,32,2,False,False,0.2,0.5,16,4,24,20,18,0.9,0.027992914883657866
Only UNet,U-Net,UNet,32,2,False,False,0.2,0.5,16,4,25,18,10,0.5555555555555556,0.004218317622443699
Only UNet,U-Net,UNet,32,2,False,False,0.2,0.5,16,4,26,34,8,0.23529411764705882,0.019686085779067913
Only UNet,U-Net,UNet,32,2,False,False,0.2,0.5,16,4,27,35,42,1.2,0.08814476082926818
Only UNet,U-Net,UNet,32,2,False,False,0.2,0.5,16,4,28,33,24,0.7272727272727273,0.002188979101866378
Only UNet,U-Net,UNet,32,2,False,False,0.2,0.5,16,4,29,40,20,0.5,-0.03914568613792417
Only UNet,U-Net,UNet,32,2,False,False,0.2,0.5,16,4,30,19,9,0.47368421052631576,0.04254031170659257
Only UNet,U-Net,UNet,32,2,False,False,0.2,0.5,16,4,31,37,12,0.32432432432432434,-0.01969477953515228
Only UNet,U-Net,UNet,32,2,False,False,0.2,0.5,16,4,32,37,20,0.5405405405405406,-0.027857330249539243
Only UNet,U-Net,UNet,32,2,False,False,0.2,0.5,16,4,33,31,13,0.41935483870967744,-0.018022846737055256
Only UNet,U-Net,UNet,32,2,False,False,0.2,0.5,16,4,34,25,24,0.96,0.07295178763915944
Only UNet,U-Net,UNet,32,2,False,False,0.2,0.5,16,4,35,25,27,1.08,-0.013456881583365237
Only UNet,U-Net,UNet,32,2,False,False,0.2,0.5,16,4,36,26,13,0.5,-0.00497717831630599
Only UNet,U-Net,UNet,32,2,False,False,0.2,0.5,16,4,37,27,12,0.4444444444444444,0.038360628568977644
Only UNet,U-Net,UNet,32,2,False,False,0.2,0.5,16,4,38,44,27,0.6136363636363636,0.0035398586033944983
Only UNet,U-Net,UNet,32,2,False,False,0.2,0.5,16,4,39,19,11,0.5789473684210527,-0.01601175691859366
Only UNet,U-Net,UNet,32,2,False,False,0.2,0.5,16,4,40,41,17,0.4146341463414634,0.0027319627528185307
Only UNet,U-Net,UNet,32,2,False,False,0.2,0.5,16,4,41,32,30,0.9375,0.009396969161010283
Only UNet,U-Net,UNet,32,2,False,False,0.2,0.5,16,4,42,32,41,1.28125,0.0071577229533317625
Only UNet,U-Net,UNet,32,2,False,False,0.2,0.5,16,4,43,28,11,0.39285714285714285,-0.02310208432659587
Only UNet,U-Net,UNet,32,2,False,False,0.2,0.5,16,4,44,41,15,0.36585365853658536,-0.028571148064575565
Only UNet,U-Net,UNet,32,2,False,False,0.2,0.5,16,4,45,30,19,0.6333333333333333,0.0006987465759977831
Only UNet,U-Net,UNet,32,2,False,False,0.2,0.5,16,4,46,21,14,0.6666666666666666,-0.02251970558063706
Only UNet,U-Net,UNet,32,2,False,False,0.2,0.5,16,4,47,28,11,0.39285714285714285,-0.0008811452965423649
Only UNet,U-Net,UNet,32,2,False,False,0.2,0.5,16,4,48,17,8,0.47058823529411764,0.023101621466566635
Only UNet,U-Net,UNet,32,2,False,False,0.2,0.5,16,4,49,20,7,0.35,0.0007191336333477985
Only UNet,U-Net,UNet,32,2,False,False,0.2,0.5,16,4,50,34,7,0.20588235294117646,0.021887571645915798
Only UNet,U-Net,UNet,32,2,False,False,0.2,0.5,16,4,51,41,17,0.4146341463414634,0.025554068706678933
Only UNet,U-Net,UNet,32,2,False,False,0.2,0.5,16,4,52,46,8,0.17391304347826086,0.04309531481868208
Only UNet,U-Net,UNet,32,2,False,False,0.2,0.5,16,4,53,18,9,0.5,-0.00491684050945298
Only UNet,U-Net,UNet,32,2,False,False,0.2,0.5,16,4,54,30,9,0.3,-0.022148536603735555
Only UNet,U-Net,UNet,32,2,False,False,0.2,0.5,16,4,55,40,22,0.55,0.12442214742173618
Only UNet,U-Net,UNet,32,2,False,False,0.2,0.5,16,4,56,29,10,0.3448275862068966,0.06507846285325167
Only UNet,U-Net,UNet,32,2,False,False,0.2,0.5,16,4,57,38,23,0.6052631578947368,0.01589383149874893
Only UNet,U-Net,UNet,32,2,False,False,0.2,0.5,16,4,58,29,17,0.5862068965517241,-0.011790259104219634
Only UNet,U-Net,UNet,32,2,False,False,0.2,0.5,16,4,59,25,10,0.4,0.011056229644834704
Only UNet,U-Net,UNet,32,2,False,False,0.2,0.5,16,4,60,35,16,0.45714285714285713,-0.008724770314533746
Only UNet,U-Net,UNet,32,2,False,False,0.2,0.5,16,4,61,18,55,3.0555555555555554,-0.015534270514671624
Only UNet,U-Net,UNet,32,2,False,False,0.2,0.5,16,4,62,24,11,0.4583333333333333,-0.0018317147059543374
Only UNet,U-Net,UNet,32,2,False,False,0.2,0.5,16,4,63,15,14,0.9333333333333333,0.027877763369508375
Only UNet,U-Net,UNet,32,2,False,False,0.2,0.5,16,4,64,22,9,0.4090909090909091,-0.005986796436662005
Only UNet,U-Net,UNet,32,2,False,False,0.2,0.5,16,4,65,20,10,0.5,-0.02235805007708145
Only UNet,U-Net,UNet,32,2,False,False,0.2,0.5,16,4,66,31,14,0.45161290322580644,-0.00758106818178097
Only UNet,U-Net,UNet,32,2,False,False,0.2,0.5,16,4,67,46,8,0.17391304347826086,0.022759973238174126
Only UNet,U-Net,UNet,32,2,False,False,0.2,0.5,16,4,68,29,9,0.3103448275862069,0.01263686855329278
Only UNet,U-Net,UNet,32,2,False,False,0.2,0.5,16,4,69,50,22,0.44,0.0197191828588307
Only UNet,U-Net,UNet,32,2,False,False,0.2,0.5,16,4,70,31,12,0.3870967741935484,0.017439170341594097
Only UNet,U-Net,UNet,32,2,False,False,0.2,0.5,16,4,71,41,11,0.2682926829268293,-0.055519460683257894
Only UNet,U-Net,UNet,32,2,False,False,0.2,0.5,16,4,72,38,13,0.34210526315789475,-0.007705073778872494
Only UNet,U-Net,UNet,32,2,False,False,0.2,0.5,16,4,73,44,18,0.4090909090909091,-0.006745981502409828
Only UNet,U-Net,UNet,32,2,False,False,0.2,0.5,16,4,74,37,6,0.16216216216216217,-0.006483930157942516
Only UNet,U-Net,UNet,32,2,False,False,0.2,0.5,16,4,75,29,8,0.27586206896551724,0.05037236222298349
Only UNet,U-Net,UNet,32,2,False,False,0.2,0.5,16,4,76,28,16,0.5714285714285714,0.019812435835798427
Only UNet,U-Net,UNet,32,2,False,False,0.2,0.5,16,4,77,18,8,0.4444444444444444,-0.009776626205446066
Only UNet,U-Net,UNet,32,2,False,False,0.2,0.5,16,4,78,37,25,0.6756756756756757,-0.046012928424240755
Only UNet,U-Net,UNet,32,2,False,False,0.2,0.5,16,4,79,24,12,0.5,0.005042400104923771
Only UNet,U-Net,UNet,32,2,False,False,0.2,0.5,16,4,80,38,16,0.42105263157894735,0.04720248583143865
Only UNet,U-Net,UNet,32,2,False,False,0.2,0.5,16,4,81,25,23,0.92,0.012762207572930676
Only UNet,U-Net,UNet,32,2,False,False,0.2,0.5,16,4,82,29,12,0.41379310344827586,0.0013039012959912945
Only UNet,U-Net,UNet,32,2,False,False,0.2,0.5,16,4,83,34,14,0.4117647058823529,0.032527735011260835
Only UNet,U-Net,UNet,32,2,False,False,0.2,0.5,16,4,84,21,14,0.6666666666666666,-0.011712367716683337
Only UNet,U-Net,UNet,32,2,False,False,0.2,0.5,16,4,85,22,8,0.36363636363636365,0.015399744187764403
Only UNet,U-Net,UNet,32,2,False,False,0.2,0.5,16,4,86,41,38,0.926829268292683,0.04222977318259441
Only UNet,U-Net,UNet,32,2,False,False,0.2,0.5,16,4,87,28,8,0.2857142857142857,0.07915917431235624
Only UNet,U-Net,UNet,32,2,False,False,0.2,0.5,16,4,88,35,22,0.6285714285714286,-0.0012387920430084578
Only UNet,U-Net,UNet,32,2,False,False,0.2,0.5,16,4,89,32,16,0.5,-0.03919505838476176
Only UNet,U-Net,UNet,32,2,False,False,0.2,0.5,16,4,90,29,8,0.27586206896551724,0.03930419261822418
Only UNet,U-Net,UNet,32,2,False,False,0.2,0.5,16,4,91,19,11,0.5789473684210527,0.03524799110306704
Only UNet,U-Net,UNet,32,2,False,False,0.2,0.5,16,4,92,45,35,0.7777777777777778,0.007621446123604698
Only UNet,U-Net,UNet,32,2,False,False,0.2,0.5,16,4,93,25,11,0.44,-0.0018494876817771973
Only UNet,U-Net,UNet,32,2,False,False,0.2,0.5,16,4,94,32,51,1.59375,0.15214057521014315
Only UNet,U-Net,UNet,32,2,False,False,0.2,0.5,16,4,95,41,15,0.36585365853658536,0.028486902114318195
Only UNet,U-Net,UNet,32,2,False,False,0.2,0.5,16,4,96,16,25,1.5625,-0.0053973548404378496
Only UNet,U-Net,UNet,32,2,False,False,0.2,0.5,16,4,97,26,8,0.3076923076923077,0.010500056071125731
Only UNet,U-Net,UNet,32,2,False,False,0.2,0.5,16,4,98,25,18,0.72,0.0009891144318260607
Only UNet,U-Net,UNet,32,2,False,False,0.2,0.5,16,4,99,61,19,0.3114754098360656,0.027313241081922526
Only UNet,U-Net,UNet,32,2,False,False,0.2,0.5,16,5,0,33,29,0.8787878787878788,0.07156034210453309
Only UNet,U-Net,UNet,32,2,False,False,0.2,0.5,16,5,1,34,15,0.4411764705882353,-0.01453360749137976
Only UNet,U-Net,UNet,32,2,False,False,0.2,0.5,16,5,2,29,40,1.3793103448275863,0.03163034217682834
Only UNet,U-Net,UNet,32,2,False,False,0.2,0.5,16,5,3,28,25,0.8928571428571429,0.006372128039574918
Only UNet,U-Net,UNet,32,2,False,False,0.2,0.5,16,5,4,36,16,0.4444444444444444,-0.02123846847855781
Only UNet,U-Net,UNet,32,2,False,False,0.2,0.5,16,5,5,42,9,0.21428571428571427,-0.007336897716353446
Only UNet,U-Net,UNet,32,2,False,False,0.2,0.5,16,5,6,28,29,1.0357142857142858,0.008180143446005969
Only UNet,U-Net,UNet,32,2,False,False,0.2,0.5,16,5,7,38,10,0.2631578947368421,0.03950043570433688
Only UNet,U-Net,UNet,32,2,False,False,0.2,0.5,16,5,8,33,9,0.2727272727272727,0.009772034304301324
Only UNet,U-Net,UNet,32,2,False,False,0.2,0.5,16,5,9,28,20,0.7142857142857143,0.007432406967206487
Only UNet,U-Net,UNet,32,2,False,False,0.2,0.5,16,5,10,31,15,0.4838709677419355,-0.045040139134414986
Only UNet,U-Net,UNet,32,2,False,False,0.2,0.5,16,5,11,29,8,0.27586206896551724,0.01737743332801992
Only UNet,U-Net,UNet,32,2,False,False,0.2,0.5,16,5,12,29,21,0.7241379310344828,0.03267673398535989
Only UNet,U-Net,UNet,32,2,False,False,0.2,0.5,16,5,13,28,31,1.1071428571428572,-0.011781497962993182
Only UNet,U-Net,UNet,32,2,False,False,0.2,0.5,16,5,14,29,28,0.9655172413793104,0.00957755766101404
Only UNet,U-Net,UNet,32,2,False,False,0.2,0.5,16,5,15,42,13,0.30952380952380953,0.015718032535628847
Only UNet,U-Net,UNet,32,2,False,False,0.2,0.5,16,5,16,58,35,0.603448275862069,0.024904399317730776
Only UNet,U-Net,UNet,32,2,False,False,0.2,0.5,16,5,17,35,11,0.3142857142857143,-0.014376546312502167
Only UNet,U-Net,UNet,32,2,False,False,0.2,0.5,16,5,18,17,9,0.5294117647058824,0.004741226936542192
Only UNet,U-Net,UNet,32,2,False,False,0.2,0.5,16,5,19,17,14,0.8235294117647058,0.051199121352550774
Only UNet,U-Net,UNet,32,2,False,False,0.2,0.5,16,5,20,27,35,1.2962962962962963,-0.011182437784771806
Only UNet,U-Net,UNet,32,2,False,False,0.2,0.5,16,5,21,40,18,0.45,0.030688848347017256
Only UNet,U-Net,UNet,32,2,False,False,0.2,0.5,16,5,22,45,23,0.5111111111111111,-0.03987273351287478
Only UNet,U-Net,UNet,32,2,False,False,0.2,0.5,16,5,23,23,17,0.7391304347826086,-1.5763575827219425e-05
Only UNet,U-Net,UNet,32,2,False,False,0.2,0.5,16,5,24,20,9,0.45,-0.008881240253716472
Only UNet,U-Net,UNet,32,2,False,False,0.2,0.5,16,5,25,18,11,0.6111111111111112,0.02284877642146943
Only UNet,U-Net,UNet,32,2,False,False,0.2,0.5,16,5,26,34,6,0.17647058823529413,0.04401942883345674
Only UNet,U-Net,UNet,32,2,False,False,0.2,0.5,16,5,27,35,25,0.7142857142857143,0.0702068387018916
Only UNet,U-Net,UNet,32,2,False,False,0.2,0.5,16,5,28,33,30,0.9090909090909091,-0.0049101491109375195
Only UNet,U-Net,UNet,32,2,False,False,0.2,0.5,16,5,29,40,23,0.575,-0.03832201940222639
Only UNet,U-Net,UNet,32,2,False,False,0.2,0.5,16,5,30,19,7,0.3684210526315789,0.03637848805317914
Only UNet,U-Net,UNet,32,2,False,False,0.2,0.5,16,5,31,37,14,0.3783783783783784,-0.026996675753559955
Only UNet,U-Net,UNet,32,2,False,False,0.2,0.5,16,5,32,37,15,0.40540540540540543,0.005587372663516545
Only UNet,U-Net,UNet,32,2,False,False,0.2,0.5,16,5,33,31,11,0.3548387096774194,-0.015088252828044643
Only UNet,U-Net,UNet,32,2,False,False,0.2,0.5,16,5,34,25,12,0.48,0.0843386738825642
Only UNet,U-Net,UNet,32,2,False,False,0.2,0.5,16,5,35,25,19,0.76,-0.022405223570012726
Only UNet,U-Net,UNet,32,2,False,False,0.2,0.5,16,5,36,26,17,0.6538461538461539,-0.011535139348780445
Only UNet,U-Net,UNet,32,2,False,False,0.2,0.5,16,5,37,27,16,0.5925925925925926,-0.002294970613697113
Only UNet,U-Net,UNet,32,2,False,False,0.2,0.5,16,5,38,44,42,0.9545454545454546,0.0144895231105905
Only UNet,U-Net,UNet,32,2,False,False,0.2,0.5,16,5,39,19,7,0.3684210526315789,-0.006342012221448007
Only UNet,U-Net,UNet,32,2,False,False,0.2,0.5,16,5,40,41,19,0.4634146341463415,-0.0027425235838888433
Only UNet,U-Net,UNet,32,2,False,False,0.2,0.5,16,5,41,32,32,1.0,0.02035138997625717
Only UNet,U-Net,UNet,32,2,False,False,0.2,0.5,16,5,42,32,33,1.03125,0.004216616888462709
Only UNet,U-Net,UNet,32,2,False,False,0.2,0.5,16,5,43,28,16,0.5714285714285714,-0.0175445140101662
Only UNet,U-Net,UNet,32,2,False,False,0.2,0.5,16,5,44,41,28,0.6829268292682927,-0.029390214458518762
Only UNet,U-Net,UNet,32,2,False,False,0.2,0.5,16,5,45,30,14,0.4666666666666667,-0.0043315674631766105
Only UNet,U-Net,UNet,32,2,False,False,0.2,0.5,16,5,46,21,18,0.8571428571428571,-0.007394108684755385
Only UNet,U-Net,UNet,32,2,False,False,0.2,0.5,16,5,47,28,8,0.2857142857142857,-0.002521618567524464
Only UNet,U-Net,UNet,32,2,False,False,0.2,0.5,16,5,48,17,38,2.235294117647059,0.04450570513298008
Only UNet,U-Net,UNet,32,2,False,False,0.2,0.5,16,5,49,20,12,0.6,0.02017782528543169
Only UNet,U-Net,UNet,32,2,False,False,0.2,0.5,16,5,50,34,20,0.5882352941176471,-0.009792849824707042
Only UNet,U-Net,UNet,32,2,False,False,0.2,0.5,16,5,51,41,24,0.5853658536585366,-0.009147887603911532
Only UNet,U-Net,UNet,32,2,False,False,0.2,0.5,16,5,52,46,32,0.6956521739130435,-0.03377464790030984
Only UNet,U-Net,UNet,32,2,False,False,0.2,0.5,16,5,53,18,13,0.7222222222222222,0.0073494420299581925
Only UNet,U-Net,UNet,32,2,False,False,0.2,0.5,16,5,54,30,14,0.4666666666666667,-0.016529320717554613
Only UNet,U-Net,UNet,32,2,False,False,0.2,0.5,16,5,55,40,10,0.25,0.01931125398164382
Only UNet,U-Net,UNet,32,2,False,False,0.2,0.5,16,5,56,29,28,0.9655172413793104,0.01995430269400251
Only UNet,U-Net,UNet,32,2,False,False,0.2,0.5,16,5,57,38,16,0.42105263157894735,0.004436621264190694
Only UNet,U-Net,UNet,32,2,False,False,0.2,0.5,16,5,58,29,13,0.4482758620689655,0.004165306519607224
Only UNet,U-Net,UNet,32,2,False,False,0.2,0.5,16,5,59,25,16,0.64,0.03362576881612195
Only UNet,U-Net,UNet,32,2,False,False,0.2,0.5,16,5,60,35,26,0.7428571428571429,0.033923732716049024
Only UNet,U-Net,UNet,32,2,False,False,0.2,0.5,16,5,61,18,13,0.7222222222222222,0.006674537817865391
Only UNet,U-Net,UNet,32,2,False,False,0.2,0.5,16,5,62,24,18,0.75,-0.010132955227493806
Only UNet,U-Net,UNet,32,2,False,False,0.2,0.5,16,5,63,15,9,0.6,0.01774747485778871
Only UNet,U-Net,UNet,32,2,False,False,0.2,0.5,16,5,64,22,15,0.6818181818181818,-0.008693026415883211
Only UNet,U-Net,UNet,32,2,False,False,0.2,0.5,16,5,65,20,10,0.5,-0.013110034893475429
Only UNet,U-Net,UNet,32,2,False,False,0.2,0.5,16,5,66,31,10,0.3225806451612903,0.02581689187782625
Only UNet,U-Net,UNet,32,2,False,False,0.2,0.5,16,5,67,46,4,0.08695652173913043,0.01655003175074204
Only UNet,U-Net,UNet,32,2,False,False,0.2,0.5,16,5,68,29,23,0.7931034482758621,0.0184575734214184
Only UNet,U-Net,UNet,32,2,False,False,0.2,0.5,16,5,69,50,24,0.48,0.04253512314834743
Only UNet,U-Net,UNet,32,2,False,False,0.2,0.5,16,5,70,31,23,0.7419354838709677,0.003402385544243041
Only UNet,U-Net,UNet,32,2,False,False,0.2,0.5,16,5,71,41,22,0.5365853658536586,-0.04892539882312485
Only UNet,U-Net,UNet,32,2,False,False,0.2,0.5,16,5,72,38,15,0.39473684210526316,-0.0033247791663550343
Only UNet,U-Net,UNet,32,2,False,False,0.2,0.5,16,5,73,44,18,0.4090909090909091,0.002636793751036878
Only UNet,U-Net,UNet,32,2,False,False,0.2,0.5,16,5,74,37,18,0.4864864864864865,0.0030142806344401955
Only UNet,U-Net,UNet,32,2,False,False,0.2,0.5,16,5,75,29,19,0.6551724137931034,0.011993396581485993
Only UNet,U-Net,UNet,32,2,False,False,0.2,0.5,16,5,76,28,11,0.39285714285714285,0.2543963700423745
Only UNet,U-Net,UNet,32,2,False,False,0.2,0.5,16,5,77,18,8,0.4444444444444444,-0.013804903466518024
Only UNet,U-Net,UNet,32,2,False,False,0.2,0.5,16,5,78,37,13,0.35135135135135137,-0.04166656225698647
Only UNet,U-Net,UNet,32,2,False,False,0.2,0.5,16,5,79,24,15,0.625,0.010785985551153694
Only UNet,U-Net,UNet,32,2,False,False,0.2,0.5,16,5,80,38,17,0.4473684210526316,0.10773366419804273
Only UNet,U-Net,UNet,32,2,False,False,0.2,0.5,16,5,81,25,30,1.2,0.07192527637136789
Only UNet,U-Net,UNet,32,2,False,False,0.2,0.5,16,5,82,29,17,0.5862068965517241,-0.03257831782129737
Only UNet,U-Net,UNet,32,2,False,False,0.2,0.5,16,5,83,34,42,1.2352941176470589,0.017018954278372415
Only UNet,U-Net,UNet,32,2,False,False,0.2,0.5,16,5,84,21,18,0.8571428571428571,0.003582302332221319
Only UNet,U-Net,UNet,32,2,False,False,0.2,0.5,16,5,85,22,15,0.6818181818181818,0.0050497834824371965
Only UNet,U-Net,UNet,32,2,False,False,0.2,0.5,16,5,86,41,9,0.21951219512195122,0.025806683775684458
Only UNet,U-Net,UNet,32,2,False,False,0.2,0.5,16,5,87,28,10,0.35714285714285715,0.0713836000634282
Only UNet,U-Net,UNet,32,2,False,False,0.2,0.5,16,5,88,35,19,0.5428571428571428,-0.009349452401102378
Only UNet,U-Net,UNet,32,2,False,False,0.2,0.5,16,5,89,32,15,0.46875,-0.027438201503261907
Only UNet,U-Net,UNet,32,2,False,False,0.2,0.5,16,5,90,29,9,0.3103448275862069,-0.005535262427181962
Only UNet,U-Net,UNet,32,2,False,False,0.2,0.5,16,5,91,19,10,0.5263157894736842,0.03835441630232127
Only UNet,U-Net,UNet,32,2,False,False,0.2,0.5,16,5,92,45,19,0.4222222222222222,-0.019226523633868935
Only UNet,U-Net,UNet,32,2,False,False,0.2,0.5,16,5,93,25,11,0.44,0.021655362560606475
Only UNet,U-Net,UNet,32,2,False,False,0.2,0.5,16,5,94,32,33,1.03125,0.034535918183999016
Only UNet,U-Net,UNet,32,2,False,False,0.2,0.5,16,5,95,41,18,0.43902439024390244,-0.005091155397489132
Only UNet,U-Net,UNet,32,2,False,False,0.2,0.5,16,5,96,16,11,0.6875,-0.01649075963024256
Only UNet,U-Net,UNet,32,2,False,False,0.2,0.5,16,5,97,26,26,1.0,0.0010853796015211999
Only UNet,U-Net,UNet,32,2,False,False,0.2,0.5,16,5,98,25,6,0.24,0.011396209820934996
Only UNet,U-Net,UNet,32,2,False,False,0.2,0.5,16,5,99,61,12,0.19672131147540983,-0.008027246761485111
Only UNet,U-Net,UNet,32,2,False,False,0.2,0.5,16,6,0,33,68,2.0606060606060606,0.05697026548517509
Only UNet,U-Net,UNet,32,2,False,False,0.2,0.5,16,6,1,34,27,0.7941176470588235,0.025495448533676374
Only UNet,U-Net,UNet,32,2,False,False,0.2,0.5,16,6,2,29,12,0.41379310344827586,0.006676191874280666
Only UNet,U-Net,UNet,32,2,False,False,0.2,0.5,16,6,3,28,20,0.7142857142857143,0.0363829913514213
Only UNet,U-Net,UNet,32,2,False,False,0.2,0.5,16,6,4,36,17,0.4722222222222222,-0.006789939742524097
Only UNet,U-Net,UNet,32,2,False,False,0.2,0.5,16,6,5,42,25,0.5952380952380952,0.006718877550613848
Only UNet,U-Net,UNet,32,2,False,False,0.2,0.5,16,6,6,28,13,0.4642857142857143,0.007573236340004245
Only UNet,U-Net,UNet,32,2,False,False,0.2,0.5,16,6,7,38,16,0.42105263157894735,0.029033714211893328
Only UNet,U-Net,UNet,32,2,False,False,0.2,0.5,16,6,8,33,14,0.42424242424242425,-0.006923645227593184
Only UNet,U-Net,UNet,32,2,False,False,0.2,0.5,16,6,9,28,21,0.75,0.003723612949723424
Only UNet,U-Net,UNet,32,2,False,False,0.2,0.5,16,6,10,31,11,0.3548387096774194,-0.07369496277212027
Only UNet,U-Net,UNet,32,2,False,False,0.2,0.5,16,6,11,29,10,0.3448275862068966,-0.012649956633592974
Only UNet,U-Net,UNet,32,2,False,False,0.2,0.5,16,6,12,29,14,0.4827586206896552,0.0816205083511762
Only UNet,U-Net,UNet,32,2,False,False,0.2,0.5,16,6,13,28,14,0.5,-0.009800870152993867
Only UNet,U-Net,UNet,32,2,False,False,0.2,0.5,16,6,14,29,11,0.3793103448275862,-0.01036272982784995
Only UNet,U-Net,UNet,32,2,False,False,0.2,0.5,16,6,15,42,8,0.19047619047619047,0.04308294072046611
Only UNet,U-Net,UNet,32,2,False,False,0.2,0.5,16,6,16,58,9,0.15517241379310345,0.015947436772431534
Only UNet,U-Net,UNet,32,2,False,False,0.2,0.5,16,6,17,35,22,0.6285714285714286,0.0009809258089875756
Only UNet,U-Net,UNet,32,2,False,False,0.2,0.5,16,6,18,17,9,0.5294117647058824,-0.010734264502787527
Only UNet,U-Net,UNet,32,2,False,False,0.2,0.5,16,6,19,17,10,0.5882352941176471,0.07515217058466171
Only UNet,U-Net,UNet,32,2,False,False,0.2,0.5,16,6,20,27,13,0.48148148148148145,-0.0017825142160350503
Only UNet,U-Net,UNet,32,2,False,False,0.2,0.5,16,6,21,40,38,0.95,0.05418337610649081
Only UNet,U-Net,UNet,32,2,False,False,0.2,0.5,16,6,22,45,26,0.5777777777777777,0.02058443758028219
Only UNet,U-Net,UNet,32,2,False,False,0.2,0.5,16,6,23,23,11,0.4782608695652174,-0.03138947818144318
Only UNet,U-Net,UNet,32,2,False,False,0.2,0.5,16,6,24,20,43,2.15,0.3378933286931695
Only UNet,U-Net,UNet,32,2,False,False,0.2,0.5,16,6,25,18,10,0.5555555555555556,-0.0044863658053996835
Only UNet,U-Net,UNet,32,2,False,False,0.2,0.5,16,6,26,34,6,0.17647058823529413,0.0028524184919133857
Only UNet,U-Net,UNet,32,2,False,False,0.2,0.5,16,6,27,35,36,1.0285714285714285,0.10705289396913771
Only UNet,U-Net,UNet,32,2,False,False,0.2,0.5,16,6,28,33,29,0.8787878787878788,-0.009984467341085716
Only UNet,U-Net,UNet,32,2,False,False,0.2,0.5,16,6,29,40,25,0.625,-0.025469708563175576
Only UNet,U-Net,UNet,32,2,False,False,0.2,0.5,16,6,30,19,7,0.3684210526315789,0.05656834486367909
Only UNet,U-Net,UNet,32,2,False,False,0.2,0.5,16,6,31,37,20,0.5405405405405406,-0.020144780327984783
Only UNet,U-Net,UNet,32,2,False,False,0.2,0.5,16,6,32,37,14,0.3783783783783784,-0.026009907804509114
Only UNet,U-Net,UNet,32,2,False,False,0.2,0.5,16,6,33,31,11,0.3548387096774194,-0.00014215896749307605
Only UNet,U-Net,UNet,32,2,False,False,0.2,0.5,16,6,34,25,24,0.96,0.05852586149937117
Only UNet,U-Net,UNet,32,2,False,False,0.2,0.5,16,6,35,25,23,0.92,-0.026156591366868372
Only UNet,U-Net,UNet,32,2,False,False,0.2,0.5,16,6,36,26,18,0.6923076923076923,-0.0208118106844518
Only UNet,U-Net,UNet,32,2,False,False,0.2,0.5,16,6,37,27,16,0.5925925925925926,-0.003933443372099775
Only UNet,U-Net,UNet,32,2,False,False,0.2,0.5,16,6,38,44,18,0.4090909090909091,-0.030640387801413788
Only UNet,U-Net,UNet,32,2,False,False,0.2,0.5,16,6,39,19,9,0.47368421052631576,-0.008366621120464473
Only UNet,U-Net,UNet,32,2,False,False,0.2,0.5,16,6,40,41,22,0.5365853658536586,0.003572107925729775
Only UNet,U-Net,UNet,32,2,False,False,0.2,0.5,16,6,41,32,21,0.65625,0.029011391529986056
Only UNet,U-Net,UNet,32,2,False,False,0.2,0.5,16,6,42,32,40,1.25,0.007114912194578714
Only UNet,U-Net,UNet,32,2,False,False,0.2,0.5,16,6,43,28,14,0.5,-0.035571286356687874
Only UNet,U-Net,UNet,32,2,False,False,0.2,0.5,16,6,44,41,16,0.3902439024390244,0.014231624122015252
Only UNet,U-Net,UNet,32,2,False,False,0.2,0.5,16,6,45,30,12,0.4,0.022936401688724666
Only UNet,U-Net,UNet,32,2,False,False,0.2,0.5,16,6,46,21,12,0.5714285714285714,0.006261639333919119
Only UNet,U-Net,UNet,32,2,False,False,0.2,0.5,16,6,47,28,11,0.39285714285714285,0.026782927409164617
Only UNet,U-Net,UNet,32,2,False,False,0.2,0.5,16,6,48,17,11,0.6470588235294118,0.05061602403184662
Only UNet,U-Net,UNet,32,2,False,False,0.2,0.5,16,6,49,20,14,0.7,0.02151094556046998
Only UNet,U-Net,UNet,32,2,False,False,0.2,0.5,16,6,50,34,18,0.5294117647058824,-0.016546602477581537
Only UNet,U-Net,UNet,32,2,False,False,0.2,0.5,16,6,51,41,57,1.3902439024390243,-0.0019539696611525
Only UNet,U-Net,UNet,32,2,False,False,0.2,0.5,16,6,52,46,14,0.30434782608695654,0.060544689035271514
Only UNet,U-Net,UNet,32,2,False,False,0.2,0.5,16,6,53,18,7,0.3888888888888889,-0.0011514013932178448
Only UNet,U-Net,UNet,32,2,False,False,0.2,0.5,16,6,54,30,39,1.3,-0.05693454453450487
Only UNet,U-Net,UNet,32,2,False,False,0.2,0.5,16,6,55,40,27,0.675,0.1387581738918537
Only UNet,U-Net,UNet,32,2,False,False,0.2,0.5,16,6,56,29,12,0.41379310344827586,0.011951967982943103
Only UNet,U-Net,UNet,32,2,False,False,0.2,0.5,16,6,57,38,22,0.5789473684210527,0.011883418562691794
Only UNet,U-Net,UNet,32,2,False,False,0.2,0.5,16,6,58,29,18,0.6206896551724138,-0.00346934216285468
Only UNet,U-Net,UNet,32,2,False,False,0.2,0.5,16,6,59,25,14,0.56,0.04487085112107454
Only UNet,U-Net,UNet,32,2,False,False,0.2,0.5,16,6,60,35,13,0.37142857142857144,-0.005477116558128411
Only UNet,U-Net,UNet,32,2,False,False,0.2,0.5,16,6,61,18,30,1.6666666666666667,-0.0023319296055201158
Only UNet,U-Net,UNet,32,2,False,False,0.2,0.5,16,6,62,24,21,0.875,-0.012109060705259828
Only UNet,U-Net,UNet,32,2,False,False,0.2,0.5,16,6,63,15,10,0.6666666666666666,0.0174707776007528
Only UNet,U-Net,UNet,32,2,False,False,0.2,0.5,16,6,64,22,17,0.7727272727272727,-0.01582609928379845
Only UNet,U-Net,UNet,32,2,False,False,0.2,0.5,16,6,65,20,8,0.4,-0.03960343668748706
Only UNet,U-Net,UNet,32,2,False,False,0.2,0.5,16,6,66,31,10,0.3225806451612903,0.006748616068828516
Only UNet,U-Net,UNet,32,2,False,False,0.2,0.5,16,6,67,46,11,0.2391304347826087,0.05560446538624625
Only UNet,U-Net,UNet,32,2,False,False,0.2,0.5,16,6,68,29,9,0.3103448275862069,0.05887646519270485
Only UNet,U-Net,UNet,32,2,False,False,0.2,0.5,16,6,69,50,20,0.4,0.04412502851927903
Only UNet,U-Net,UNet,32,2,False,False,0.2,0.5,16,6,70,31,20,0.6451612903225806,0.008671711195582724
Only UNet,U-Net,UNet,32,2,False,False,0.2,0.5,16,6,71,41,18,0.43902439024390244,-0.005626168452693704
Only UNet,U-Net,UNet,32,2,False,False,0.2,0.5,16,6,72,38,17,0.4473684210526316,-0.04902157672144342
Only UNet,U-Net,UNet,32,2,False,False,0.2,0.5,16,6,73,44,19,0.4318181818181818,-0.0015841686898917461
Only UNet,U-Net,UNet,32,2,False,False,0.2,0.5,16,6,74,37,14,0.3783783783783784,0.01827287286303678
Only UNet,U-Net,UNet,32,2,False,False,0.2,0.5,16,6,75,29,10,0.3448275862068966,0.014559064001257095
Only UNet,U-Net,UNet,32,2,False,False,0.2,0.5,16,6,76,28,29,1.0357142857142858,-0.005525621316100523
Only UNet,U-Net,UNet,32,2,False,False,0.2,0.5,16,6,77,18,10,0.5555555555555556,-0.0007828474979640347
Only UNet,U-Net,UNet,32,2,False,False,0.2,0.5,16,6,78,37,15,0.40540540540540543,-0.044010684869032674
Only UNet,U-Net,UNet,32,2,False,False,0.2,0.5,16,6,79,24,17,0.7083333333333334,0.014568459906831857
Only UNet,U-Net,UNet,32,2,False,False,0.2,0.5,16,6,80,38,21,0.5526315789473685,0.024545504999486677
Only UNet,U-Net,UNet,32,2,False,False,0.2,0.5,16,6,81,25,12,0.48,0.12486360188945814
Only UNet,U-Net,UNet,32,2,False,False,0.2,0.5,16,6,82,29,11,0.3793103448275862,-0.0042601922930966185
Only UNet,U-Net,UNet,32,2,False,False,0.2,0.5,16,6,83,34,26,0.7647058823529411,-0.007498491766304928
Only UNet,U-Net,UNet,32,2,False,False,0.2,0.5,16,6,84,21,20,0.9523809523809523,-0.010707031511215985
Only UNet,U-Net,UNet,32,2,False,False,0.2,0.5,16,6,85,22,19,0.8636363636363636,0.009238957540799045
Only UNet,U-Net,UNet,32,2,False,False,0.2,0.5,16,6,86,41,10,0.24390243902439024,0.05936722287007515
Only UNet,U-Net,UNet,32,2,False,False,0.2,0.5,16,6,87,28,6,0.21428571428571427,0.009928343566450228
Only UNet,U-Net,UNet,32,2,False,False,0.2,0.5,16,6,88,35,15,0.42857142857142855,-0.01696334792548003
Only UNet,U-Net,UNet,32,2,False,False,0.2,0.5,16,6,89,32,10,0.3125,-0.028541876065595904
Only UNet,U-Net,UNet,32,2,False,False,0.2,0.5,16,6,90,29,15,0.5172413793103449,-0.009332895367303827
Only UNet,U-Net,UNet,32,2,False,False,0.2,0.5,16,6,91,19,26,1.368421052631579,0.02360303978542691
Only UNet,U-Net,UNet,32,2,False,False,0.2,0.5,16,6,92,45,30,0.6666666666666666,-0.024291461006082322
Only UNet,U-Net,UNet,32,2,False,False,0.2,0.5,16,6,93,25,9,0.36,-0.006706099600239551
Only UNet,U-Net,UNet,32,2,False,False,0.2,0.5,16,6,94,32,6,0.1875,-0.006597770841530768
Only UNet,U-Net,UNet,32,2,False,False,0.2,0.5,16,6,95,41,16,0.3902439024390244,0.015260463096400669
Only UNet,U-Net,UNet,32,2,False,False,0.2,0.5,16,6,96,16,28,1.75,-0.008583066166712288
Only UNet,U-Net,UNet,32,2,False,False,0.2,0.5,16,6,97,26,9,0.34615384615384615,-0.016729026939716653
Only UNet,U-Net,UNet,32,2,False,False,0.2,0.5,16,6,98,25,21,0.84,0.0019883011530194695
Only UNet,U-Net,UNet,32,2,False,False,0.2,0.5,16,6,99,61,39,0.639344262295082,0.025982990931870342
Only UNet,U-Net,UNet,32,2,False,False,0.2,0.5,16,7,0,33,17,0.5151515151515151,0.04463924883275007
Only UNet,U-Net,UNet,32,2,False,False,0.2,0.5,16,7,1,34,16,0.47058823529411764,0.040174161761869935
Only UNet,U-Net,UNet,32,2,False,False,0.2,0.5,16,7,2,29,16,0.5517241379310345,0.18329313105841077
Only UNet,U-Net,UNet,32,2,False,False,0.2,0.5,16,7,3,28,11,0.39285714285714285,0.024145230372466252
Only UNet,U-Net,UNet,32,2,False,False,0.2,0.5,16,7,4,36,51,1.4166666666666667,-0.015422548371913392
Only UNet,U-Net,UNet,32,2,False,False,0.2,0.5,16,7,5,42,7,0.16666666666666666,-0.0160681827987309
Only UNet,U-Net,UNet,32,2,False,False,0.2,0.5,16,7,6,28,45,1.6071428571428572,0.01745837995634252
Only UNet,U-Net,UNet,32,2,False,False,0.2,0.5,16,7,7,38,13,0.34210526315789475,0.028547134900213208
Only UNet,U-Net,UNet,32,2,False,False,0.2,0.5,16,7,8,33,17,0.5151515151515151,0.0010218125848098678
Only UNet,U-Net,UNet,32,2,False,False,0.2,0.5,16,7,9,28,26,0.9285714285714286,-0.0035814794409757297
Only UNet,U-Net,UNet,32,2,False,False,0.2,0.5,16,7,10,31,18,0.5806451612903226,-0.042130903809957335
Only UNet,U-Net,UNet,32,2,False,False,0.2,0.5,16,7,11,29,10,0.3448275862068966,-0.008340089434937099
Only UNet,U-Net,UNet,32,2,False,False,0.2,0.5,16,7,12,29,14,0.4827586206896552,0.05865172528808599
Only UNet,U-Net,UNet,32,2,False,False,0.2,0.5,16,7,13,28,43,1.5357142857142858,-0.0435403945669867
Only UNet,U-Net,UNet,32,2,False,False,0.2,0.5,16,7,14,29,31,1.0689655172413792,-0.007072192055983283
Only UNet,U-Net,UNet,32,2,False,False,0.2,0.5,16,7,15,42,15,0.35714285714285715,0.0064959266422542055
Only UNet,U-Net,UNet,32,2,False,False,0.2,0.5,16,7,16,58,25,0.43103448275862066,-0.002258851518526505
Only UNet,U-Net,UNet,32,2,False,False,0.2,0.5,16,7,17,35,14,0.4,0.061393356595534326
Only UNet,U-Net,UNet,32,2,False,False,0.2,0.5,16,7,18,17,10,0.5882352941176471,0.013361063555455258
Only UNet,U-Net,UNet,32,2,False,False,0.2,0.5,16,7,19,17,17,1.0,0.018417185282093736
Only UNet,U-Net,UNet,32,2,False,False,0.2,0.5,16,7,20,27,10,0.37037037037037035,-0.01758056635121573
Only UNet,U-Net,UNet,32,2,False,False,0.2,0.5,16,7,21,40,31,0.775,-0.007525956980787653
Only UNet,U-Net,UNet,32,2,False,False,0.2,0.5,16,7,22,45,15,0.3333333333333333,0.003938396938628352
Only UNet,U-Net,UNet,32,2,False,False,0.2,0.5,16,7,23,23,21,0.9130434782608695,-0.012597454256165473
Only UNet,U-Net,UNet,32,2,False,False,0.2,0.5,16,7,24,20,11,0.55,-0.0011754650600468966
Only UNet,U-Net,UNet,32,2,False,False,0.2,0.5,16,7,25,18,17,0.9444444444444444,0.017778432644864426
Only UNet,U-Net,UNet,32,2,False,False,0.2,0.5,16,7,26,34,7,0.20588235294117646,0.03697806526811501
Only UNet,U-Net,UNet,32,2,False,False,0.2,0.5,16,7,27,35,9,0.2571428571428571,0.07602646339835381
Only UNet,U-Net,UNet,32,2,False,False,0.2,0.5,16,7,28,33,43,1.303030303030303,-0.007043743780574126
Only UNet,U-Net,UNet,32,2,False,False,0.2,0.5,16,7,29,40,15,0.375,-0.005282225204605541
Only UNet,U-Net,UNet,32,2,False,False,0.2,0.5,16,7,30,19,8,0.42105263157894735,0.033903532883579175
Only UNet,U-Net,UNet,32,2,False,False,0.2,0.5,16,7,31,37,9,0.24324324324324326,0.006884793417922789
Only UNet,U-Net,UNet,32,2,False,False,0.2,0.5,16,7,32,37,6,0.16216216216216217,-0.018320447213343912
Only UNet,U-Net,UNet,32,2,False,False,0.2,0.5,16,7,33,31,10,0.3225806451612903,-0.0019246495907379515
Only UNet,U-Net,UNet,32,2,False,False,0.2,0.5,16,7,34,25,15,0.6,0.07263259284305694
Only UNet,U-Net,UNet,32,2,False,False,0.2,0.5,16,7,35,25,18,0.72,-0.02992659422097451
Only UNet,U-Net,UNet,32,2,False,False,0.2,0.5,16,7,36,26,21,0.8076923076923077,-0.015249989081276906
Only UNet,U-Net,UNet,32,2,False,False,0.2,0.5,16,7,37,27,20,0.7407407407407407,-0.0004624662669518688
Only UNet,U-Net,UNet,32,2,False,False,0.2,0.5,16,7,38,44,13,0.29545454545454547,-0.021511716351119998
Only UNet,U-Net,UNet,32,2,False,False,0.2,0.5,16,7,39,19,7,0.3684210526315789,-0.009491535590555685
Only UNet,U-Net,UNet,32,2,False,False,0.2,0.5,16,7,40,41,15,0.36585365853658536,0.00046865240937906164
Only UNet,U-Net,UNet,32,2,False,False,0.2,0.5,16,7,41,32,9,0.28125,0.018078042987154763
Only UNet,U-Net,UNet,32,2,False,False,0.2,0.5,16,7,42,32,38,1.1875,0.026286985425261054
Only UNet,U-Net,UNet,32,2,False,False,0.2,0.5,16,7,43,28,11,0.39285714285714285,-0.030927654199705282
Only UNet,U-Net,UNet,32,2,False,False,0.2,0.5,16,7,44,41,12,0.2926829268292683,-0.02011874127424541
Only UNet,U-Net,UNet,32,2,False,False,0.2,0.5,16,7,45,30,11,0.36666666666666664,-0.007100101446781931
Only UNet,U-Net,UNet,32,2,False,False,0.2,0.5,16,7,46,21,14,0.6666666666666666,-0.0233456809328525
Only UNet,U-Net,UNet,32,2,False,False,0.2,0.5,16,7,47,28,12,0.42857142857142855,0.006940488498147362
Only UNet,U-Net,UNet,32,2,False,False,0.2,0.5,16,7,48,17,7,0.4117647058823529,-0.003346358999857622
Only UNet,U-Net,UNet,32,2,False,False,0.2,0.5,16,7,49,20,26,1.3,0.04664503737143166
Only UNet,U-Net,UNet,32,2,False,False,0.2,0.5,16,7,50,34,20,0.5882352941176471,-0.010811836402664312
Only UNet,U-Net,UNet,32,2,False,False,0.2,0.5,16,7,51,41,15,0.36585365853658536,0.00513944976456507
Only UNet,U-Net,UNet,32,2,False,False,0.2,0.5,16,7,52,46,12,0.2608695652173913,-0.0017852656346737808
Only UNet,U-Net,UNet,32,2,False,False,0.2,0.5,16,7,53,18,10,0.5555555555555556,0.014346352578351465
Only UNet,U-Net,UNet,32,2,False,False,0.2,0.5,16,7,54,30,20,0.6666666666666666,-0.056649128001747755
Only UNet,U-Net,UNet,32,2,False,False,0.2,0.5,16,7,55,40,22,0.55,0.11777237960640655
Only UNet,U-Net,UNet,32,2,False,False,0.2,0.5,16,7,56,29,22,0.7586206896551724,-0.03941296166619903
Only UNet,U-Net,UNet,32,2,False,False,0.2,0.5,16,7,57,38,20,0.5263157894736842,-0.0037351128330998665
Only UNet,U-Net,UNet,32,2,False,False,0.2,0.5,16,7,58,29,10,0.3448275862068966,0.012054110494184643
Only UNet,U-Net,UNet,32,2,False,False,0.2,0.5,16,7,59,25,12,0.48,0.05919472567210851
Only UNet,U-Net,UNet,32,2,False,False,0.2,0.5,16,7,60,35,11,0.3142857142857143,0.04968758600075691
Only UNet,U-Net,UNet,32,2,False,False,0.2,0.5,16,7,61,18,11,0.6111111111111112,0.015002120600635294
Only UNet,U-Net,UNet,32,2,False,False,0.2,0.5,16,7,62,24,28,1.1666666666666667,-0.00778880688881204
Only UNet,U-Net,UNet,32,2,False,False,0.2,0.5,16,7,63,15,13,0.8666666666666667,-0.0021960327109689023
Only UNet,U-Net,UNet,32,2,False,False,0.2,0.5,16,7,64,22,16,0.7272727272727273,-0.012064292134207991
Only UNet,U-Net,UNet,32,2,False,False,0.2,0.5,16,7,65,20,8,0.4,0.004211371367130354
Only UNet,U-Net,UNet,32,2,False,False,0.2,0.5,16,7,66,31,11,0.3548387096774194,0.0023846162662405934
Only UNet,U-Net,UNet,32,2,False,False,0.2,0.5,16,7,67,46,10,0.21739130434782608,0.057022869382279615
Only UNet,U-Net,UNet,32,2,False,False,0.2,0.5,16,7,68,29,11,0.3793103448275862,0.05914252111621939
Only UNet,U-Net,UNet,32,2,False,False,0.2,0.5,16,7,69,50,12,0.24,0.03719838236710339
Only UNet,U-Net,UNet,32,2,False,False,0.2,0.5,16,7,70,31,13,0.41935483870967744,0.029619449722712583
Only UNet,U-Net,UNet,32,2,False,False,0.2,0.5,16,7,71,41,15,0.36585365853658536,-0.027992591726263935
Only UNet,U-Net,UNet,32,2,False,False,0.2,0.5,16,7,72,38,30,0.7894736842105263,-0.05027864459373231
Only UNet,U-Net,UNet,32,2,False,False,0.2,0.5,16,7,73,44,15,0.3409090909090909,0.027303877055100973
Only UNet,U-Net,UNet,32,2,False,False,0.2,0.5,16,7,74,37,13,0.35135135135135137,0.0022637738877568205
Only UNet,U-Net,UNet,32,2,False,False,0.2,0.5,16,7,75,29,13,0.4482758620689655,0.033668336515507824
Only UNet,U-Net,UNet,32,2,False,False,0.2,0.5,16,7,76,28,9,0.32142857142857145,0.015353441643186983
Only UNet,U-Net,UNet,32,2,False,False,0.2,0.5,16,7,77,18,10,0.5555555555555556,-0.012598247631712044
Only UNet,U-Net,UNet,32,2,False,False,0.2,0.5,16,7,78,37,15,0.40540540540540543,-0.0153135589751814
Only UNet,U-Net,UNet,32,2,False,False,0.2,0.5,16,7,79,24,9,0.375,0.012939532157147559
Only UNet,U-Net,UNet,32,2,False,False,0.2,0.5,16,7,80,38,20,0.5263157894736842,0.11296629171725563
Only UNet,U-Net,UNet,32,2,False,False,0.2,0.5,16,7,81,25,9,0.36,0.08276970286124888
Only UNet,U-Net,UNet,32,2,False,False,0.2,0.5,16,7,82,29,27,0.9310344827586207,-0.017203900943724024
Only UNet,U-Net,UNet,32,2,False,False,0.2,0.5,16,7,83,34,24,0.7058823529411765,-0.00754278501737136
Only UNet,U-Net,UNet,32,2,False,False,0.2,0.5,16,7,84,21,12,0.5714285714285714,0.0034436139513092504
Only UNet,U-Net,UNet,32,2,False,False,0.2,0.5,16,7,85,22,9,0.4090909090909091,0.0010163911594711804
Only UNet,U-Net,UNet,32,2,False,False,0.2,0.5,16,7,86,41,17,0.4146341463414634,0.012407066359260158
Only UNet,U-Net,UNet,32,2,False,False,0.2,0.5,16,7,87,28,10,0.35714285714285715,0.0774307486004766
Only UNet,U-Net,UNet,32,2,False,False,0.2,0.5,16,7,88,35,11,0.3142857142857143,-0.01888194722409475
Only UNet,U-Net,UNet,32,2,False,False,0.2,0.5,16,7,89,32,16,0.5,-0.02920742363752804
Only UNet,U-Net,UNet,32,2,False,False,0.2,0.5,16,7,90,29,13,0.4482758620689655,0.03639790237890084
Only UNet,U-Net,UNet,32,2,False,False,0.2,0.5,16,7,91,19,9,0.47368421052631576,0.034120697362539115
Only UNet,U-Net,UNet,32,2,False,False,0.2,0.5,16,7,92,45,25,0.5555555555555556,0.008232324681767307
Only UNet,U-Net,UNet,32,2,False,False,0.2,0.5,16,7,93,25,7,0.28,0.001561415793448022
Only UNet,U-Net,UNet,32,2,False,False,0.2,0.5,16,7,94,32,22,0.6875,0.010902842479461392
Only UNet,U-Net,UNet,32,2,False,False,0.2,0.5,16,7,95,41,17,0.4146341463414634,0.006530952761968426
Only UNet,U-Net,UNet,32,2,False,False,0.2,0.5,16,7,96,16,21,1.3125,-0.010366519266032652
Only UNet,U-Net,UNet,32,2,False,False,0.2,0.5,16,7,97,26,14,0.5384615384615384,-0.005358038730392321
Only UNet,U-Net,UNet,32,2,False,False,0.2,0.5,16,7,98,25,23,0.92,0.0015883766093019857
Only UNet,U-Net,UNet,32,2,False,False,0.2,0.5,16,7,99,61,11,0.18032786885245902,-0.02990890731979031
Only UNet,U-Net,UNet,32,2,False,False,0.2,0.5,16,8,0,33,12,0.36363636363636365,0.020998331074733038
Only UNet,U-Net,UNet,32,2,False,False,0.2,0.5,16,8,1,34,27,0.7941176470588235,-0.009070234809710939
Only UNet,U-Net,UNet,32,2,False,False,0.2,0.5,16,8,2,29,33,1.1379310344827587,0.0052314069086914
Only UNet,U-Net,UNet,32,2,False,False,0.2,0.5,16,8,3,28,15,0.5357142857142857,-0.01673275069938806
Only UNet,U-Net,UNet,32,2,False,False,0.2,0.5,16,8,4,36,11,0.3055555555555556,-0.031125133097180378
Only UNet,U-Net,UNet,32,2,False,False,0.2,0.5,16,8,5,42,8,0.19047619047619047,-0.006274344718192936
Only UNet,U-Net,UNet,32,2,False,False,0.2,0.5,16,8,6,28,9,0.32142857142857145,0.0019244929993422553
Only UNet,U-Net,UNet,32,2,False,False,0.2,0.5,16,8,7,38,10,0.2631578947368421,0.03586858015519696
Only UNet,U-Net,UNet,32,2,False,False,0.2,0.5,16,8,8,33,23,0.696969696969697,-0.008697285830504128
Only UNet,U-Net,UNet,32,2,False,False,0.2,0.5,16,8,9,28,21,0.75,0.031675752643237985
Only UNet,U-Net,UNet,32,2,False,False,0.2,0.5,16,8,10,31,15,0.4838709677419355,-0.04321791246210531
Only UNet,U-Net,UNet,32,2,False,False,0.2,0.5,16,8,11,29,9,0.3103448275862069,0.023921316006334552
Only UNet,U-Net,UNet,32,2,False,False,0.2,0.5,16,8,12,29,7,0.2413793103448276,0.02591886250416931
Only UNet,U-Net,UNet,32,2,False,False,0.2,0.5,16,8,13,28,28,1.0,-0.015053094098076075
Only UNet,U-Net,UNet,32,2,False,False,0.2,0.5,16,8,14,29,25,0.8620689655172413,0.0070456934774427455
Only UNet,U-Net,UNet,32,2,False,False,0.2,0.5,16,8,15,42,13,0.30952380952380953,-0.0008709630376131196
Only UNet,U-Net,UNet,32,2,False,False,0.2,0.5,16,8,16,58,16,0.27586206896551724,0.06892097705015195
Only UNet,U-Net,UNet,32,2,False,False,0.2,0.5,16,8,17,35,20,0.5714285714285714,-0.007732642874664163
Only UNet,U-Net,UNet,32,2,False,False,0.2,0.5,16,8,18,17,11,0.6470588235294118,-0.00011740092247308957
Only UNet,U-Net,UNet,32,2,False,False,0.2,0.5,16,8,19,17,31,1.8235294117647058,0.01806675703270393
Only UNet,U-Net,UNet,32,2,False,False,0.2,0.5,16,8,20,27,15,0.5555555555555556,-0.00994643567534514
Only UNet,U-Net,UNet,32,2,False,False,0.2,0.5,16,8,21,40,39,0.975,-0.018378167456407433
Only UNet,U-Net,UNet,32,2,False,False,0.2,0.5,16,8,22,45,15,0.3333333333333333,0.02514709318379745
Only UNet,U-Net,UNet,32,2,False,False,0.2,0.5,16,8,23,23,25,1.0869565217391304,0.01461894870208315
Only UNet,U-Net,UNet,32,2,False,False,0.2,0.5,16,8,24,20,11,0.55,-0.004200068641913462
Only UNet,U-Net,UNet,32,2,False,False,0.2,0.5,16,8,25,18,11,0.6111111111111112,0.003981795813297558
Only UNet,U-Net,UNet,32,2,False,False,0.2,0.5,16,8,26,34,11,0.3235294117647059,0.03712376255112742
Only UNet,U-Net,UNet,32,2,False,False,0.2,0.5,16,8,27,35,12,0.34285714285714286,0.07067072352902004
Only UNet,U-Net,UNet,32,2,False,False,0.2,0.5,16,8,28,33,18,0.5454545454545454,-0.0048294017144156105
Only UNet,U-Net,UNet,32,2,False,False,0.2,0.5,16,8,29,40,19,0.475,-0.00748645824648412
Only UNet,U-Net,UNet,32,2,False,False,0.2,0.5,16,8,30,19,7,0.3684210526315789,0.05741811032097876
Only UNet,U-Net,UNet,32,2,False,False,0.2,0.5,16,8,31,37,11,0.2972972972972973,-0.022363344382563006
Only UNet,U-Net,UNet,32,2,False,False,0.2,0.5,16,8,32,37,10,0.2702702702702703,0.030330639021757234
Only UNet,U-Net,UNet,32,2,False,False,0.2,0.5,16,8,33,31,9,0.2903225806451613,0.0015909864498437696
Only UNet,U-Net,UNet,32,2,False,False,0.2,0.5,16,8,34,25,14,0.56,0.08457683939472134
Only UNet,U-Net,UNet,32,2,False,False,0.2,0.5,16,8,35,25,17,0.68,-0.02815773497090806
Only UNet,U-Net,UNet,32,2,False,False,0.2,0.5,16,8,36,26,16,0.6153846153846154,-0.021786423152577925
Only UNet,U-Net,UNet,32,2,False,False,0.2,0.5,16,8,37,27,41,1.5185185185185186,-0.0018255746471615806
Only UNet,U-Net,UNet,32,2,False,False,0.2,0.5,16,8,38,44,7,0.1590909090909091,0.014504016453651973
Only UNet,U-Net,UNet,32,2,False,False,0.2,0.5,16,8,39,19,13,0.6842105263157895,-0.009801849608253838
Only UNet,U-Net,UNet,32,2,False,False,0.2,0.5,16,8,40,41,25,0.6097560975609756,-0.0016934603233925267
Only UNet,U-Net,UNet,32,2,False,False,0.2,0.5,16,8,41,32,7,0.21875,0.0822641847650561
Only UNet,U-Net,UNet,32,2,False,False,0.2,0.5,16,8,42,32,37,1.15625,0.028067621570932812
Only UNet,U-Net,UNet,32,2,False,False,0.2,0.5,16,8,43,28,15,0.5357142857142857,-0.030570653510460327
Only UNet,U-Net,UNet,32,2,False,False,0.2,0.5,16,8,44,41,22,0.5365853658536586,-0.022108215703941957
Only UNet,U-Net,UNet,32,2,False,False,0.2,0.5,16,8,45,30,23,0.7666666666666667,0.0037694556549781187
Only UNet,U-Net,UNet,32,2,False,False,0.2,0.5,16,8,46,21,10,0.47619047619047616,-0.03773436991587141
Only UNet,U-Net,UNet,32,2,False,False,0.2,0.5,16,8,47,28,11,0.39285714285714285,0.07422222578413222
Only UNet,U-Net,UNet,32,2,False,False,0.2,0.5,16,8,48,17,6,0.35294117647058826,-0.005949187433296236
Only UNet,U-Net,UNet,32,2,False,False,0.2,0.5,16,8,49,20,9,0.45,0.0099082009207386
Only UNet,U-Net,UNet,32,2,False,False,0.2,0.5,16,8,50,34,8,0.23529411764705882,0.06123134782435257
Only UNet,U-Net,UNet,32,2,False,False,0.2,0.5,16,8,51,41,28,0.6829268292682927,0.07113963098478254
Only UNet,U-Net,UNet,32,2,False,False,0.2,0.5,16,8,52,46,12,0.2608695652173913,0.08105546696686937
Only UNet,U-Net,UNet,32,2,False,False,0.2,0.5,16,8,53,18,8,0.4444444444444444,-0.0009017419554162501
Only UNet,U-Net,UNet,32,2,False,False,0.2,0.5,16,8,54,30,11,0.36666666666666664,-0.024477806149292968
Only UNet,U-Net,UNet,32,2,False,False,0.2,0.5,16,8,55,40,16,0.4,0.12502960253578557
Only UNet,U-Net,UNet,32,2,False,False,0.2,0.5,16,8,56,29,14,0.4827586206896552,-0.023721114583341706
Only UNet,U-Net,UNet,32,2,False,False,0.2,0.5,16,8,57,38,32,0.8421052631578947,0.011620806028488223
Only UNet,U-Net,UNet,32,2,False,False,0.2,0.5,16,8,58,29,13,0.4482758620689655,-0.003236733754849151
Only UNet,U-Net,UNet,32,2,False,False,0.2,0.5,16,8,59,25,15,0.6,0.007532704671128262
Only UNet,U-Net,UNet,32,2,False,False,0.2,0.5,16,8,60,35,10,0.2857142857142857,-0.015762610274671244
Only UNet,U-Net,UNet,32,2,False,False,0.2,0.5,16,8,61,18,54,3.0,-0.01567386633016879
Only UNet,U-Net,UNet,32,2,False,False,0.2,0.5,16,8,62,24,16,0.6666666666666666,-0.008082708672570577
Only UNet,U-Net,UNet,32,2,False,False,0.2,0.5,16,8,63,15,22,1.4666666666666666,-0.0028215779818090577
Only UNet,U-Net,UNet,32,2,False,False,0.2,0.5,16,8,64,22,18,0.8181818181818182,-0.013852468619115736
Only UNet,U-Net,UNet,32,2,False,False,0.2,0.5,16,8,65,20,21,1.05,-0.04079910136565686
Only UNet,U-Net,UNet,32,2,False,False,0.2,0.5,16,8,66,31,9,0.2903225806451613,0.008795129067501599
Only UNet,U-Net,UNet,32,2,False,False,0.2,0.5,16,8,67,46,11,0.2391304347826087,0.006330325463822871
Only UNet,U-Net,UNet,32,2,False,False,0.2,0.5,16,8,68,29,31,1.0689655172413792,0.009660508589982388
Only UNet,U-Net,UNet,32,2,False,False,0.2,0.5,16,8,69,50,18,0.36,0.039803735653913944
Only UNet,U-Net,UNet,32,2,False,False,0.2,0.5,16,8,70,31,11,0.3548387096774194,0.009757015662954074
Only UNet,U-Net,UNet,32,2,False,False,0.2,0.5,16,8,71,41,28,0.6829268292682927,-0.031569789464680656
Only UNet,U-Net,UNet,32,2,False,False,0.2,0.5,16,8,72,38,19,0.5,-0.04961787535250778
Only UNet,U-Net,UNet,32,2,False,False,0.2,0.5,16,8,73,44,33,0.75,0.03484338412338218
Only UNet,U-Net,UNet,32,2,False,False,0.2,0.5,16,8,74,37,5,0.13513513513513514,0.00316039079566669
Only UNet,U-Net,UNet,32,2,False,False,0.2,0.5,16,8,75,29,9,0.3103448275862069,0.016184904217497513
Only UNet,U-Net,UNet,32,2,False,False,0.2,0.5,16,8,76,28,21,0.75,0.003741426955489505
Only UNet,U-Net,UNet,32,2,False,False,0.2,0.5,16,8,77,18,12,0.6666666666666666,-0.011642411614270523
Only UNet,U-Net,UNet,32,2,False,False,0.2,0.5,16,8,78,37,17,0.4594594594594595,0.008087824411317342
Only UNet,U-Net,UNet,32,2,False,False,0.2,0.5,16,8,79,24,28,1.1666666666666667,-0.0071460815757232185
Only UNet,U-Net,UNet,32,2,False,False,0.2,0.5,16,8,80,38,25,0.6578947368421053,0.1336293673626156
Only UNet,U-Net,UNet,32,2,False,False,0.2,0.5,16,8,81,25,10,0.4,-0.011514291220422499
Only UNet,U-Net,UNet,32,2,False,False,0.2,0.5,16,8,82,29,13,0.4482758620689655,-0.01826083085758827
Only UNet,U-Net,UNet,32,2,False,False,0.2,0.5,16,8,83,34,17,0.5,-0.010823610910839518
Only UNet,U-Net,UNet,32,2,False,False,0.2,0.5,16,8,84,21,10,0.47619047619047616,0.002775828366843338
Only UNet,U-Net,UNet,32,2,False,False,0.2,0.5,16,8,85,22,11,0.5,0.0005386746149217313
Only UNet,U-Net,UNet,32,2,False,False,0.2,0.5,16,8,86,41,18,0.43902439024390244,-0.002876395719253916
Only UNet,U-Net,UNet,32,2,False,False,0.2,0.5,16,8,87,28,14,0.5,0.05985398977728157
Only UNet,U-Net,UNet,32,2,False,False,0.2,0.5,16,8,88,35,12,0.34285714285714286,-0.023234088286858585
Only UNet,U-Net,UNet,32,2,False,False,0.2,0.5,16,8,89,32,16,0.5,-0.02386622105604025
Only UNet,U-Net,UNet,32,2,False,False,0.2,0.5,16,8,90,29,14,0.4827586206896552,0.009252044623436559
Only UNet,U-Net,UNet,32,2,False,False,0.2,0.5,16,8,91,19,25,1.3157894736842106,0.037052323996641844
Only UNet,U-Net,UNet,32,2,False,False,0.2,0.5,16,8,92,45,23,0.5111111111111111,-0.026952516087897435
Only UNet,U-Net,UNet,32,2,False,False,0.2,0.5,16,8,93,25,6,0.24,0.011719521723245615
Only UNet,U-Net,UNet,32,2,False,False,0.2,0.5,16,8,94,32,8,0.25,0.07692778170801572
Only UNet,U-Net,UNet,32,2,False,False,0.2,0.5,16,8,95,41,13,0.3170731707317073,0.031191324452514244
Only UNet,U-Net,UNet,32,2,False,False,0.2,0.5,16,8,96,16,22,1.375,-0.02167968567352379
Only UNet,U-Net,UNet,32,2,False,False,0.2,0.5,16,8,97,26,11,0.4230769230769231,0.03775384972544822
Only UNet,U-Net,UNet,32,2,False,False,0.2,0.5,16,8,98,25,12,0.48,0.0028144631204296013
Only UNet,U-Net,UNet,32,2,False,False,0.2,0.5,16,8,99,61,24,0.39344262295081966,0.020545239653598515
Only UNet,U-Net,UNet,32,2,False,False,0.2,0.5,16,9,0,33,14,0.42424242424242425,0.0757664815495907
Only UNet,U-Net,UNet,32,2,False,False,0.2,0.5,16,9,1,34,22,0.6470588235294118,0.026763252687871237
Only UNet,U-Net,UNet,32,2,False,False,0.2,0.5,16,9,2,29,27,0.9310344827586207,0.011589198106219806
Only UNet,U-Net,UNet,32,2,False,False,0.2,0.5,16,9,3,28,32,1.1428571428571428,-0.01292693993332245
Only UNet,U-Net,UNet,32,2,False,False,0.2,0.5,16,9,4,36,18,0.5,-0.028341322874380806
Only UNet,U-Net,UNet,32,2,False,False,0.2,0.5,16,9,5,42,5,0.11904761904761904,-0.00402982388417421
Only UNet,U-Net,UNet,32,2,False,False,0.2,0.5,16,9,6,28,19,0.6785714285714286,0.01596291472640701
Only UNet,U-Net,UNet,32,2,False,False,0.2,0.5,16,9,7,38,32,0.8421052631578947,0.003953489415372096
Only UNet,U-Net,UNet,32,2,False,False,0.2,0.5,16,9,8,33,15,0.45454545454545453,-0.0020513521948096075
Only UNet,U-Net,UNet,32,2,False,False,0.2,0.5,16,9,9,28,8,0.2857142857142857,0.07502618783181851
Only UNet,U-Net,UNet,32,2,False,False,0.2,0.5,16,9,10,31,21,0.6774193548387096,-0.09187499106009217
Only UNet,U-Net,UNet,32,2,False,False,0.2,0.5,16,9,11,29,28,0.9655172413793104,0.08358068652790623
Only UNet,U-Net,UNet,32,2,False,False,0.2,0.5,16,9,12,29,12,0.41379310344827586,0.03509529342988204
Only UNet,U-Net,UNet,32,2,False,False,0.2,0.5,16,9,13,28,24,0.8571428571428571,-0.029620595839706648
Only UNet,U-Net,UNet,32,2,False,False,0.2,0.5,16,9,14,29,8,0.27586206896551724,0.014060602891944867
Only UNet,U-Net,UNet,32,2,False,False,0.2,0.5,16,9,15,42,11,0.2619047619047619,0.013354598204979095
Only UNet,U-Net,UNet,32,2,False,False,0.2,0.5,16,9,16,58,19,0.3275862068965517,0.008365130752478077
Only UNet,U-Net,UNet,32,2,False,False,0.2,0.5,16,9,17,35,11,0.3142857142857143,-0.008100902150578928
Only UNet,U-Net,UNet,32,2,False,False,0.2,0.5,16,9,18,17,11,0.6470588235294118,-0.016293664058564798
Only UNet,U-Net,UNet,32,2,False,False,0.2,0.5,16,9,19,17,15,0.8823529411764706,-0.010694227940391302
Only UNet,U-Net,UNet,32,2,False,False,0.2,0.5,16,9,20,27,15,0.5555555555555556,0.002481952347827228
Only UNet,U-Net,UNet,32,2,False,False,0.2,0.5,16,9,21,40,31,0.775,0.002706187534331424
Only UNet,U-Net,UNet,32,2,False,False,0.2,0.5,16,9,22,45,9,0.2,-0.003945663559906585
Only UNet,U-Net,UNet,32,2,False,False,0.2,0.5,16,9,23,23,15,0.6521739130434783,0.0073176139544476855
Only UNet,U-Net,UNet,32,2,False,False,0.2,0.5,16,9,24,20,12,0.6,0.002945635826202222
Only UNet,U-Net,UNet,32,2,False,False,0.2,0.5,16,9,25,18,13,0.7222222222222222,0.010575988329617267
Only UNet,U-Net,UNet,32,2,False,False,0.2,0.5,16,9,26,34,14,0.4117647058823529,0.06354926642781322
Only UNet,U-Net,UNet,32,2,False,False,0.2,0.5,16,9,27,35,41,1.1714285714285715,0.09515469757835707
Only UNet,U-Net,UNet,32,2,False,False,0.2,0.5,16,9,28,33,22,0.6666666666666666,-0.004942844905042011
Only UNet,U-Net,UNet,32,2,False,False,0.2,0.5,16,9,29,40,25,0.625,-0.030807909486758128
Only UNet,U-Net,UNet,32,2,False,False,0.2,0.5,16,9,30,19,7,0.3684210526315789,0.03187576280331874
Only UNet,U-Net,UNet,32,2,False,False,0.2,0.5,16,9,31,37,13,0.35135135135135137,-0.003222362906957734
Only UNet,U-Net,UNet,32,2,False,False,0.2,0.5,16,9,32,37,11,0.2972972972972973,0.03903017955612964
Only UNet,U-Net,UNet,32,2,False,False,0.2,0.5,16,9,33,31,7,0.22580645161290322,0.0006535208177536029
Only UNet,U-Net,UNet,32,2,False,False,0.2,0.5,16,9,34,25,15,0.6,0.0685503324693365
Only UNet,U-Net,UNet,32,2,False,False,0.2,0.5,16,9,35,25,24,0.96,0.002824273698643662
Only UNet,U-Net,UNet,32,2,False,False,0.2,0.5,16,9,36,26,16,0.6153846153846154,-0.01132266410219842
Only UNet,U-Net,UNet,32,2,False,False,0.2,0.5,16,9,37,27,13,0.48148148148148145,0.026548335602870735
Only UNet,U-Net,UNet,32,2,False,False,0.2,0.5,16,9,38,44,27,0.6136363636363636,0.019318952191966464
Only UNet,U-Net,UNet,32,2,False,False,0.2,0.5,16,9,39,19,7,0.3684210526315789,-0.004112340788821163
Only UNet,U-Net,UNet,32,2,False,False,0.2,0.5,16,9,40,41,17,0.4146341463414634,0.008380143699364698
Only UNet,U-Net,UNet,32,2,False,False,0.2,0.5,16,9,41,32,27,0.84375,0.037122038941840386
Only UNet,U-Net,UNet,32,2,False,False,0.2,0.5,16,9,42,32,44,1.375,0.012313817432582596
Only UNet,U-Net,UNet,32,2,False,False,0.2,0.5,16,9,43,28,10,0.35714285714285715,-0.006687266412522617
Only UNet,U-Net,UNet,32,2,False,False,0.2,0.5,16,9,44,41,39,0.9512195121951219,-0.035593691596958334
Only UNet,U-Net,UNet,32,2,False,False,0.2,0.5,16,9,45,30,14,0.4666666666666667,0.00461688987056389
Only UNet,U-Net,UNet,32,2,False,False,0.2,0.5,16,9,46,21,14,0.6666666666666666,-0.033247562239297104
Only UNet,U-Net,UNet,32,2,False,False,0.2,0.5,16,9,47,28,12,0.42857142857142855,0.011444844268842281
Only UNet,U-Net,UNet,32,2,False,False,0.2,0.5,16,9,48,17,6,0.35294117647058826,-0.007965845158109466
Only UNet,U-Net,UNet,32,2,False,False,0.2,0.5,16,9,49,20,27,1.35,0.046934423676899324
Only UNet,U-Net,UNet,32,2,False,False,0.2,0.5,16,9,50,34,7,0.20588235294117646,-0.007065495387545641
Only UNet,U-Net,UNet,32,2,False,False,0.2,0.5,16,9,51,41,24,0.5853658536585366,0.07463175264772222
Only UNet,U-Net,UNet,32,2,False,False,0.2,0.5,16,9,52,46,30,0.6521739130434783,0.04706009263318613
Only UNet,U-Net,UNet,32,2,False,False,0.2,0.5,16,9,53,18,14,0.7777777777777778,0.006290840352458961
Only UNet,U-Net,UNet,32,2,False,False,0.2,0.5,16,9,54,30,15,0.5,-0.06191909589728423
Only UNet,U-Net,UNet,32,2,False,False,0.2,0.5,16,9,55,40,21,0.525,0.13544183209834854
Only UNet,U-Net,UNet,32,2,False,False,0.2,0.5,16,9,56,29,16,0.5517241379310345,0.008826799653009197
Only UNet,U-Net,UNet,32,2,False,False,0.2,0.5,16,9,57,38,13,0.34210526315789475,0.03162903482307991
Only UNet,U-Net,UNet,32,2,False,False,0.2,0.5,16,9,58,29,35,1.206896551724138,0.0037612045021626706
Only UNet,U-Net,UNet,32,2,False,False,0.2,0.5,16,9,59,25,9,0.36,0.005218260053170373
Only UNet,U-Net,UNet,32,2,False,False,0.2,0.5,16,9,60,35,13,0.37142857142857144,-0.00628946505074257
Only UNet,U-Net,UNet,32,2,False,False,0.2,0.5,16,9,61,18,14,0.7777777777777778,0.0024255095483795832
Only UNet,U-Net,UNet,32,2,False,False,0.2,0.5,16,9,62,24,14,0.5833333333333334,0.014302981198375819
Only UNet,U-Net,UNet,32,2,False,False,0.2,0.5,16,9,63,15,14,0.9333333333333333,0.013493444754631032
Only UNet,U-Net,UNet,32,2,False,False,0.2,0.5,16,9,64,22,11,0.5,-0.013703054491175764
Only UNet,U-Net,UNet,32,2,False,False,0.2,0.5,16,9,65,20,17,0.85,-0.03131403776124671
Only UNet,U-Net,UNet,32,2,False,False,0.2,0.5,16,9,66,31,13,0.41935483870967744,0.009977145575735718
Only UNet,U-Net,UNet,32,2,False,False,0.2,0.5,16,9,67,46,12,0.2608695652173913,0.060490012979349424
Only UNet,U-Net,UNet,32,2,False,False,0.2,0.5,16,9,68,29,9,0.3103448275862069,0.023162171439504352
Only UNet,U-Net,UNet,32,2,False,False,0.2,0.5,16,9,69,50,22,0.44,0.025894406601865694
Only UNet,U-Net,UNet,32,2,False,False,0.2,0.5,16,9,70,31,24,0.7741935483870968,0.003657069295332766
Only UNet,U-Net,UNet,32,2,False,False,0.2,0.5,16,9,71,41,10,0.24390243902439024,-0.08572797112099889
Only UNet,U-Net,UNet,32,2,False,False,0.2,0.5,16,9,72,38,11,0.2894736842105263,-0.049561036550765665
Only UNet,U-Net,UNet,32,2,False,False,0.2,0.5,16,9,73,44,19,0.4318181818181818,-0.005515178832030292
Only UNet,U-Net,UNet,32,2,False,False,0.2,0.5,16,9,74,37,18,0.4864864864864865,0.0008465520044225165
Only UNet,U-Net,UNet,32,2,False,False,0.2,0.5,16,9,75,29,23,0.7931034482758621,0.02964594175930128
Only UNet,U-Net,UNet,32,2,False,False,0.2,0.5,16,9,76,28,16,0.5714285714285714,0.014073113405347146
Only UNet,U-Net,UNet,32,2,False,False,0.2,0.5,16,9,77,18,6,0.3333333333333333,-0.010499036008616128
Only UNet,U-Net,UNet,32,2,False,False,0.2,0.5,16,9,78,37,13,0.35135135135135137,-0.022077802752573282
Only UNet,U-Net,UNet,32,2,False,False,0.2,0.5,16,9,79,24,22,0.9166666666666666,0.003269396612419881
Only UNet,U-Net,UNet,32,2,False,False,0.2,0.5,16,9,80,38,14,0.3684210526315789,0.05922938015403161
Only UNet,U-Net,UNet,32,2,False,False,0.2,0.5,16,9,81,25,9,0.36,0.09825152599878287
Only UNet,U-Net,UNet,32,2,False,False,0.2,0.5,16,9,82,29,10,0.3448275862068966,0.001722266718204436
Only UNet,U-Net,UNet,32,2,False,False,0.2,0.5,16,9,83,34,25,0.7352941176470589,-0.0006055566368425442
Only UNet,U-Net,UNet,32,2,False,False,0.2,0.5,16,9,84,21,12,0.5714285714285714,0.0006860232095932793
Only UNet,U-Net,UNet,32,2,False,False,0.2,0.5,16,9,85,22,8,0.36363636363636365,0.03240641084173147
Only UNet,U-Net,UNet,32,2,False,False,0.2,0.5,16,9,86,41,16,0.3902439024390244,0.05147591109438926
Only UNet,U-Net,UNet,32,2,False,False,0.2,0.5,16,9,87,28,6,0.21428571428571427,0.0701131628576725
Only UNet,U-Net,UNet,32,2,False,False,0.2,0.5,16,9,88,35,16,0.45714285714285713,-0.02382680569450039
Only UNet,U-Net,UNet,32,2,False,False,0.2,0.5,16,9,89,32,18,0.5625,-0.03921651722578809
Only UNet,U-Net,UNet,32,2,False,False,0.2,0.5,16,9,90,29,17,0.5862068965517241,0.01363106791264033
Only UNet,U-Net,UNet,32,2,False,False,0.2,0.5,16,9,91,19,26,1.368421052631579,0.045086254456643805
Only UNet,U-Net,UNet,32,2,False,False,0.2,0.5,16,9,92,45,13,0.28888888888888886,-0.008177722052865035
Only UNet,U-Net,UNet,32,2,False,False,0.2,0.5,16,9,93,25,8,0.32,-0.00715260046990979
Only UNet,U-Net,UNet,32,2,False,False,0.2,0.5,16,9,94,32,16,0.5,0.08304291480036996
Only UNet,U-Net,UNet,32,2,False,False,0.2,0.5,16,9,95,41,24,0.5853658536585366,0.0009872748451117002
Only UNet,U-Net,UNet,32,2,False,False,0.2,0.5,16,9,96,16,25,1.5625,0.018271755964273245
Only UNet,U-Net,UNet,32,2,False,False,0.2,0.5,16,9,97,26,11,0.4230769230769231,0.032742625663262394
Only UNet,U-Net,UNet,32,2,False,False,0.2,0.5,16,9,98,25,28,1.12,0.005892679678711147
Only UNet,U-Net,UNet,32,2,False,False,0.2,0.5,16,9,99,61,6,0.09836065573770492,-0.023989096687909148
Only UNet,U-Net,UNet,32,2,False,False,0.2,0.2,16,0,0,33,16,0.48484848484848486,0.0094637326332078
Only UNet,U-Net,UNet,32,2,False,False,0.2,0.2,16,0,1,34,26,0.7647058823529411,-0.0030745413329004625
Only UNet,U-Net,UNet,32,2,False,False,0.2,0.2,16,0,2,29,14,0.4827586206896552,0.018946348480491423
Only UNet,U-Net,UNet,32,2,False,False,0.2,0.2,16,0,3,28,11,0.39285714285714285,0.08364647259181586
Only UNet,U-Net,UNet,32,2,False,False,0.2,0.2,16,0,4,36,15,0.4166666666666667,0.08422929554703383
Only UNet,U-Net,UNet,32,2,False,False,0.2,0.2,16,0,5,42,7,0.16666666666666666,-0.014367119004911262
Only UNet,U-Net,UNet,32,2,False,False,0.2,0.2,16,0,6,28,31,1.1071428571428572,0.009575820150049659
Only UNet,U-Net,UNet,32,2,False,False,0.2,0.2,16,0,7,38,26,0.6842105263157895,0.03719236975502578
Only UNet,U-Net,UNet,32,2,False,False,0.2,0.2,16,0,8,33,5,0.15151515151515152,-0.0011534026705060372
Only UNet,U-Net,UNet,32,2,False,False,0.2,0.2,16,0,9,28,13,0.4642857142857143,0.039280073473405966
Only UNet,U-Net,UNet,32,2,False,False,0.2,0.2,16,0,10,31,15,0.4838709677419355,-0.03901535644779809
Only UNet,U-Net,UNet,32,2,False,False,0.2,0.2,16,0,11,29,12,0.41379310344827586,0.03136111063736089
Only UNet,U-Net,UNet,32,2,False,False,0.2,0.2,16,0,12,29,9,0.3103448275862069,0.03394268048188277
Only UNet,U-Net,UNet,32,2,False,False,0.2,0.2,16,0,13,28,23,0.8214285714285714,-0.03362535440274325
Only UNet,U-Net,UNet,32,2,False,False,0.2,0.2,16,0,14,29,14,0.4827586206896552,0.00624630778734655
Only UNet,U-Net,UNet,32,2,False,False,0.2,0.2,16,0,15,42,13,0.30952380952380953,0.008783954479589483
Only UNet,U-Net,UNet,32,2,False,False,0.2,0.2,16,0,16,58,20,0.3448275862068966,0.014048118094269415
Only UNet,U-Net,UNet,32,2,False,False,0.2,0.2,16,0,17,35,19,0.5428571428571428,0.029320138846132222
Only UNet,U-Net,UNet,32,2,False,False,0.2,0.2,16,0,18,17,7,0.4117647058823529,-0.0006434688655548861
Only UNet,U-Net,UNet,32,2,False,False,0.2,0.2,16,0,19,17,15,0.8823529411764706,0.0068157542514366305
Only UNet,U-Net,UNet,32,2,False,False,0.2,0.2,16,0,20,27,14,0.5185185185185185,0.006784623960195631
Only UNet,U-Net,UNet,32,2,False,False,0.2,0.2,16,0,21,40,31,0.775,-0.015050953809886702
Only UNet,U-Net,UNet,32,2,False,False,0.2,0.2,16,0,22,45,25,0.5555555555555556,0.0031881462401942536
Only UNet,U-Net,UNet,32,2,False,False,0.2,0.2,16,0,23,23,32,1.391304347826087,0.017755090014437667
Only UNet,U-Net,UNet,32,2,False,False,0.2,0.2,16,0,24,20,16,0.8,-0.012969091558633235
Only UNet,U-Net,UNet,32,2,False,False,0.2,0.2,16,0,25,18,10,0.5555555555555556,-0.020231643361818572
Only UNet,U-Net,UNet,32,2,False,False,0.2,0.2,16,0,26,34,8,0.23529411764705882,0.07456345940593918
Only UNet,U-Net,UNet,32,2,False,False,0.2,0.2,16,0,27,35,19,0.5428571428571428,0.04726114894618811
Only UNet,U-Net,UNet,32,2,False,False,0.2,0.2,16,0,28,33,24,0.7272727272727273,-0.010316342591534204
Only UNet,U-Net,UNet,32,2,False,False,0.2,0.2,16,0,29,40,8,0.2,-0.004597825385341556
Only UNet,U-Net,UNet,32,2,False,False,0.2,0.2,16,0,30,19,16,0.8421052631578947,0.04858182398567309
Only UNet,U-Net,UNet,32,2,False,False,0.2,0.2,16,0,31,37,16,0.43243243243243246,-0.006712557391504517
Only UNet,U-Net,UNet,32,2,False,False,0.2,0.2,16,0,32,37,16,0.43243243243243246,-0.03788298739775086
Only UNet,U-Net,UNet,32,2,False,False,0.2,0.2,16,0,33,31,14,0.45161290322580644,-0.010157650004062352
Only UNet,U-Net,UNet,32,2,False,False,0.2,0.2,16,0,34,25,16,0.64,0.06935759617667994
Only UNet,U-Net,UNet,32,2,False,False,0.2,0.2,16,0,35,25,19,0.76,0.031373181406397575
Only UNet,U-Net,UNet,32,2,False,False,0.2,0.2,16,0,36,26,14,0.5384615384615384,-0.01130558742626757
Only UNet,U-Net,UNet,32,2,False,False,0.2,0.2,16,0,37,27,16,0.5925925925925926,0.040332748126282174
Only UNet,U-Net,UNet,32,2,False,False,0.2,0.2,16,0,38,44,45,1.0227272727272727,0.022769154301073697
Only UNet,U-Net,UNet,32,2,False,False,0.2,0.2,16,0,39,19,11,0.5789473684210527,-0.008505421951037484
Only UNet,U-Net,UNet,32,2,False,False,0.2,0.2,16,0,40,41,24,0.5853658536585366,0.014721550021873345
Only UNet,U-Net,UNet,32,2,False,False,0.2,0.2,16,0,41,32,8,0.25,0.014833896407865914
Only UNet,U-Net,UNet,32,2,False,False,0.2,0.2,16,0,42,32,20,0.625,0.03205082615397371
Only UNet,U-Net,UNet,32,2,False,False,0.2,0.2,16,0,43,28,31,1.1071428571428572,0.010850525655848384
Only UNet,U-Net,UNet,32,2,False,False,0.2,0.2,16,0,44,41,13,0.3170731707317073,-0.03666392055904308
Only UNet,U-Net,UNet,32,2,False,False,0.2,0.2,16,0,45,30,15,0.5,0.007944015797155075
Only UNet,U-Net,UNet,32,2,False,False,0.2,0.2,16,0,46,21,20,0.9523809523809523,0.004110514274261409
Only UNet,U-Net,UNet,32,2,False,False,0.2,0.2,16,0,47,28,46,1.6428571428571428,0.007946763693095148
Only UNet,U-Net,UNet,32,2,False,False,0.2,0.2,16,0,48,17,71,4.176470588235294,0.04784829252506102
Only UNet,U-Net,UNet,32,2,False,False,0.2,0.2,16,0,49,20,26,1.3,0.07463654045479447
Only UNet,U-Net,UNet,32,2,False,False,0.2,0.2,16,0,50,34,12,0.35294117647058826,0.014212224405283986
Only UNet,U-Net,UNet,32,2,False,False,0.2,0.2,16,0,51,41,29,0.7073170731707317,0.07088767837730009
Only UNet,U-Net,UNet,32,2,False,False,0.2,0.2,16,0,52,46,22,0.4782608695652174,0.07902734693557674
Only UNet,U-Net,UNet,32,2,False,False,0.2,0.2,16,0,53,18,14,0.7777777777777778,0.008206261402295027
Only UNet,U-Net,UNet,32,2,False,False,0.2,0.2,16,0,54,30,18,0.6,-0.05008784170083326
Only UNet,U-Net,UNet,32,2,False,False,0.2,0.2,16,0,55,40,25,0.625,0.03146185738729538
Only UNet,U-Net,UNet,32,2,False,False,0.2,0.2,16,0,56,29,26,0.896551724137931,-0.016120520614839404
Only UNet,U-Net,UNet,32,2,False,False,0.2,0.2,16,0,57,38,14,0.3684210526315789,-0.004852961483293594
Only UNet,U-Net,UNet,32,2,False,False,0.2,0.2,16,0,58,29,18,0.6206896551724138,-0.002998738625816125
Only UNet,U-Net,UNet,32,2,False,False,0.2,0.2,16,0,59,25,17,0.68,0.022550842052383918
Only UNet,U-Net,UNet,32,2,False,False,0.2,0.2,16,0,60,35,18,0.5142857142857142,-0.017721925561763885
Only UNet,U-Net,UNet,32,2,False,False,0.2,0.2,16,0,61,18,28,1.5555555555555556,-0.014804467375735425
Only UNet,U-Net,UNet,32,2,False,False,0.2,0.2,16,0,62,24,14,0.5833333333333334,-0.01113345014990527
Only UNet,U-Net,UNet,32,2,False,False,0.2,0.2,16,0,63,15,18,1.2,0.0013358632050297133
Only UNet,U-Net,UNet,32,2,False,False,0.2,0.2,16,0,64,22,18,0.8181818181818182,-0.015457034405160788
Only UNet,U-Net,UNet,32,2,False,False,0.2,0.2,16,0,65,20,9,0.45,-0.005918784436022136
Only UNet,U-Net,UNet,32,2,False,False,0.2,0.2,16,0,66,31,21,0.6774193548387096,0.015827934323527987
Only UNet,U-Net,UNet,32,2,False,False,0.2,0.2,16,0,67,46,22,0.4782608695652174,0.02426524086664212
Only UNet,U-Net,UNet,32,2,False,False,0.2,0.2,16,0,68,29,20,0.6896551724137931,-0.003825623076187207
Only UNet,U-Net,UNet,32,2,False,False,0.2,0.2,16,0,69,50,26,0.52,-0.004272818170125498
Only UNet,U-Net,UNet,32,2,False,False,0.2,0.2,16,0,70,31,22,0.7096774193548387,0.0029925340753042652
Only UNet,U-Net,UNet,32,2,False,False,0.2,0.2,16,0,71,41,17,0.4146341463414634,0.006856947351332669
Only UNet,U-Net,UNet,32,2,False,False,0.2,0.2,16,0,72,38,29,0.7631578947368421,-0.033398174631330955
Only UNet,U-Net,UNet,32,2,False,False,0.2,0.2,16,0,73,44,23,0.5227272727272727,0.001262402773635009
Only UNet,U-Net,UNet,32,2,False,False,0.2,0.2,16,0,74,37,16,0.43243243243243246,0.0005947103686982553
Only UNet,U-Net,UNet,32,2,False,False,0.2,0.2,16,0,75,29,12,0.41379310344827586,0.002600243325522205
Only UNet,U-Net,UNet,32,2,False,False,0.2,0.2,16,0,76,28,12,0.42857142857142855,0.2180317110796293
Only UNet,U-Net,UNet,32,2,False,False,0.2,0.2,16,0,77,18,9,0.5,-0.012199277630804464
Only UNet,U-Net,UNet,32,2,False,False,0.2,0.2,16,0,78,37,16,0.43243243243243246,-0.004279042805463049
Only UNet,U-Net,UNet,32,2,False,False,0.2,0.2,16,0,79,24,15,0.625,-0.003952454879422653
Only UNet,U-Net,UNet,32,2,False,False,0.2,0.2,16,0,80,38,52,1.368421052631579,0.037094550850601385
Only UNet,U-Net,UNet,32,2,False,False,0.2,0.2,16,0,81,25,16,0.64,0.0035893361021941106
Only UNet,U-Net,UNet,32,2,False,False,0.2,0.2,16,0,82,29,11,0.3793103448275862,-0.012224635075124198
Only UNet,U-Net,UNet,32,2,False,False,0.2,0.2,16,0,83,34,17,0.5,0.007980221285202626
Only UNet,U-Net,UNet,32,2,False,False,0.2,0.2,16,0,84,21,12,0.5714285714285714,0.005140434350165081
Only UNet,U-Net,UNet,32,2,False,False,0.2,0.2,16,0,85,22,7,0.3181818181818182,-0.008787381002121045
Only UNet,U-Net,UNet,32,2,False,False,0.2,0.2,16,0,86,41,31,0.7560975609756098,0.019992753073263436
Only UNet,U-Net,UNet,32,2,False,False,0.2,0.2,16,0,87,28,15,0.5357142857142857,0.00550998284542344
Only UNet,U-Net,UNet,32,2,False,False,0.2,0.2,16,0,88,35,21,0.6,0.013091150604302257
Only UNet,U-Net,UNet,32,2,False,False,0.2,0.2,16,0,89,32,44,1.375,-0.0248049105592271
Only UNet,U-Net,UNet,32,2,False,False,0.2,0.2,16,0,90,29,16,0.5517241379310345,0.002237140082807332
Only UNet,U-Net,UNet,32,2,False,False,0.2,0.2,16,0,91,19,20,1.0526315789473684,0.0345273395335652
Only UNet,U-Net,UNet,32,2,False,False,0.2,0.2,16,0,92,45,15,0.3333333333333333,0.011660363448515685
Only UNet,U-Net,UNet,32,2,False,False,0.2,0.2,16,0,93,25,8,0.32,0.018851289239589453
Only UNet,U-Net,UNet,32,2,False,False,0.2,0.2,16,0,94,32,9,0.28125,0.10667707783298233
Only UNet,U-Net,UNet,32,2,False,False,0.2,0.2,16,0,95,41,20,0.4878048780487805,-0.007548962197783297
Only UNet,U-Net,UNet,32,2,False,False,0.2,0.2,16,0,96,16,23,1.4375,0.01001234881185283
Only UNet,U-Net,UNet,32,2,False,False,0.2,0.2,16,0,97,26,17,0.6538461538461539,0.023610075489441905
Only UNet,U-Net,UNet,32,2,False,False,0.2,0.2,16,0,98,25,11,0.44,0.033596082144907294
Only UNet,U-Net,UNet,32,2,False,False,0.2,0.2,16,0,99,61,16,0.26229508196721313,0.027075625889360015
Only UNet,U-Net,UNet,32,2,False,False,0.2,0.2,16,1,0,33,13,0.3939393939393939,0.0625510334698444
Only UNet,U-Net,UNet,32,2,False,False,0.2,0.2,16,1,1,34,35,1.0294117647058822,-0.010546578505546063
Only UNet,U-Net,UNet,32,2,False,False,0.2,0.2,16,1,2,29,13,0.4482758620689655,0.20809972778417932
Only UNet,U-Net,UNet,32,2,False,False,0.2,0.2,16,1,3,28,16,0.5714285714285714,0.006856301970650645
Only UNet,U-Net,UNet,32,2,False,False,0.2,0.2,16,1,4,36,7,0.19444444444444445,-0.02123321708342766
Only UNet,U-Net,UNet,32,2,False,False,0.2,0.2,16,1,5,42,7,0.16666666666666666,-0.01692286974004107
Only UNet,U-Net,UNet,32,2,False,False,0.2,0.2,16,1,6,28,36,1.2857142857142858,0.020301619205098438
Only UNet,U-Net,UNet,32,2,False,False,0.2,0.2,16,1,7,38,15,0.39473684210526316,0.0499419310111936
Only UNet,U-Net,UNet,32,2,False,False,0.2,0.2,16,1,8,33,20,0.6060606060606061,0.03318203741125742
Only UNet,U-Net,UNet,32,2,False,False,0.2,0.2,16,1,9,28,23,0.8214285714285714,0.07298089020318252
Only UNet,U-Net,UNet,32,2,False,False,0.2,0.2,16,1,10,31,17,0.5483870967741935,-0.04899035836199012
Only UNet,U-Net,UNet,32,2,False,False,0.2,0.2,16,1,11,29,22,0.7586206896551724,0.017561131960884768
Only UNet,U-Net,UNet,32,2,False,False,0.2,0.2,16,1,12,29,11,0.3793103448275862,0.0034575698561452963
Only UNet,U-Net,UNet,32,2,False,False,0.2,0.2,16,1,13,28,16,0.5714285714285714,-0.035271540731025605
Only UNet,U-Net,UNet,32,2,False,False,0.2,0.2,16,1,14,29,29,1.0,0.003051622016561826
Only UNet,U-Net,UNet,32,2,False,False,0.2,0.2,16,1,15,42,14,0.3333333333333333,0.014273186396264514
Only UNet,U-Net,UNet,32,2,False,False,0.2,0.2,16,1,16,58,13,0.22413793103448276,0.0524534255758494
Only UNet,U-Net,UNet,32,2,False,False,0.2,0.2,16,1,17,35,16,0.45714285714285713,-0.0005158124723616201
Only UNet,U-Net,UNet,32,2,False,False,0.2,0.2,16,1,18,17,14,0.8235294117647058,-0.019268007111886993
Only UNet,U-Net,UNet,32,2,False,False,0.2,0.2,16,1,19,17,12,0.7058823529411765,0.06493089544895474
Only UNet,U-Net,UNet,32,2,False,False,0.2,0.2,16,1,20,27,37,1.3703703703703705,0.004332410168130788
Only UNet,U-Net,UNet,32,2,False,False,0.2,0.2,16,1,21,40,20,0.5,-0.002840128694891734
Only UNet,U-Net,UNet,32,2,False,False,0.2,0.2,16,1,22,45,17,0.37777777777777777,-0.011274107016090535
Only UNet,U-Net,UNet,32,2,False,False,0.2,0.2,16,1,23,23,22,0.9565217391304348,0.1091320457291022
Only UNet,U-Net,UNet,32,2,False,False,0.2,0.2,16,1,24,20,47,2.35,0.24914539339981032
Only UNet,U-Net,UNet,32,2,False,False,0.2,0.2,16,1,25,18,10,0.5555555555555556,0.010663536921676054
Only UNet,U-Net,UNet,32,2,False,False,0.2,0.2,16,1,26,34,9,0.2647058823529412,0.03229441330940531
Only UNet,U-Net,UNet,32,2,False,False,0.2,0.2,16,1,27,35,10,0.2857142857142857,0.08057855309202881
Only UNet,U-Net,UNet,32,2,False,False,0.2,0.2,16,1,28,33,30,0.9090909090909091,-0.007102147613314866
Only UNet,U-Net,UNet,32,2,False,False,0.2,0.2,16,1,29,40,49,1.225,-0.03073243471852786
Only UNet,U-Net,UNet,32,2,False,False,0.2,0.2,16,1,30,19,17,0.8947368421052632,0.03710824556962467
Only UNet,U-Net,UNet,32,2,False,False,0.2,0.2,16,1,31,37,15,0.40540540540540543,0.009207245869388227
Only UNet,U-Net,UNet,32,2,False,False,0.2,0.2,16,1,32,37,19,0.5135135135135135,-0.022767712847504375
Only UNet,U-Net,UNet,32,2,False,False,0.2,0.2,16,1,33,31,10,0.3225806451612903,-0.002089382357531109
Only UNet,U-Net,UNet,32,2,False,False,0.2,0.2,16,1,34,25,18,0.72,0.07104532761736104
Only UNet,U-Net,UNet,32,2,False,False,0.2,0.2,16,1,35,25,15,0.6,-0.03248515488838418
Only UNet,U-Net,UNet,32,2,False,False,0.2,0.2,16,1,36,26,28,1.0769230769230769,-0.024808063337287533
Only UNet,U-Net,UNet,32,2,False,False,0.2,0.2,16,1,37,27,27,1.0,-0.000778533512173075
Only UNet,U-Net,UNet,32,2,False,False,0.2,0.2,16,1,38,44,21,0.4772727272727273,-0.007485643164006895
Only UNet,U-Net,UNet,32,2,False,False,0.2,0.2,16,1,39,19,9,0.47368421052631576,-0.005655401479658703
Only UNet,U-Net,UNet,32,2,False,False,0.2,0.2,16,1,40,41,14,0.34146341463414637,0.013766105422688567
Only UNet,U-Net,UNet,32,2,False,False,0.2,0.2,16,1,41,32,24,0.75,0.05477280648531494
Only UNet,U-Net,UNet,32,2,False,False,0.2,0.2,16,1,42,32,30,0.9375,-0.005806512716772832
Only UNet,U-Net,UNet,32,2,False,False,0.2,0.2,16,1,43,28,19,0.6785714285714286,0.030859205158254185
Only UNet,U-Net,UNet,32,2,False,False,0.2,0.2,16,1,44,41,23,0.5609756097560976,-0.043947920988736004
Only UNet,U-Net,UNet,32,2,False,False,0.2,0.2,16,1,45,30,33,1.1,0.020373086513273787
Only UNet,U-Net,UNet,32,2,False,False,0.2,0.2,16,1,46,21,33,1.5714285714285714,-0.007117083446556656
Only UNet,U-Net,UNet,32,2,False,False,0.2,0.2,16,1,47,28,9,0.32142857142857145,-0.002855333915705619
Only UNet,U-Net,UNet,32,2,False,False,0.2,0.2,16,1,48,17,70,4.117647058823529,0.04879685188089556
Only UNet,U-Net,UNet,32,2,False,False,0.2,0.2,16,1,49,20,15,0.75,0.05118473862277369
Only UNet,U-Net,UNet,32,2,False,False,0.2,0.2,16,1,50,34,13,0.38235294117647056,0.04569445349144289
Only UNet,U-Net,UNet,32,2,False,False,0.2,0.2,16,1,51,41,15,0.36585365853658536,-0.009172810428920809
Only UNet,U-Net,UNet,32,2,False,False,0.2,0.2,16,1,52,46,13,0.2826086956521739,0.07627850070141033
Only UNet,U-Net,UNet,32,2,False,False,0.2,0.2,16,1,53,18,9,0.5,0.014819684847599298
Only UNet,U-Net,UNet,32,2,False,False,0.2,0.2,16,1,54,30,20,0.6666666666666666,-0.048484220988246285
Only UNet,U-Net,UNet,32,2,False,False,0.2,0.2,16,1,55,40,39,0.975,0.08622767443408136
Only UNet,U-Net,UNet,32,2,False,False,0.2,0.2,16,1,56,29,26,0.896551724137931,0.005915968089066333
Only UNet,U-Net,UNet,32,2,False,False,0.2,0.2,16,1,57,38,23,0.6052631578947368,0.0008600023455219696
Only UNet,U-Net,UNet,32,2,False,False,0.2,0.2,16,1,58,29,20,0.6896551724137931,0.008277039650086438
Only UNet,U-Net,UNet,32,2,False,False,0.2,0.2,16,1,59,25,39,1.56,0.039626368064662396
Only UNet,U-Net,UNet,32,2,False,False,0.2,0.2,16,1,60,35,15,0.42857142857142855,0.0022175299053713033
Only UNet,U-Net,UNet,32,2,False,False,0.2,0.2,16,1,61,18,34,1.8888888888888888,0.024705190925876343
Only UNet,U-Net,UNet,32,2,False,False,0.2,0.2,16,1,62,24,10,0.4166666666666667,0.017667798205601604
Only UNet,U-Net,UNet,32,2,False,False,0.2,0.2,16,1,63,15,27,1.8,0.014104488260463158
Only UNet,U-Net,UNet,32,2,False,False,0.2,0.2,16,1,64,22,16,0.7272727272727273,-0.013457687181751825
Only UNet,U-Net,UNet,32,2,False,False,0.2,0.2,16,1,65,20,9,0.45,0.0038121867772189107
Only UNet,U-Net,UNet,32,2,False,False,0.2,0.2,16,1,66,31,15,0.4838709677419355,0.009598343609754683
Only UNet,U-Net,UNet,32,2,False,False,0.2,0.2,16,1,67,46,28,0.6086956521739131,0.007360352885846384
Only UNet,U-Net,UNet,32,2,False,False,0.2,0.2,16,1,68,29,16,0.5517241379310345,0.020955730500205393
Only UNet,U-Net,UNet,32,2,False,False,0.2,0.2,16,1,69,50,24,0.48,0.05254030024579902
Only UNet,U-Net,UNet,32,2,False,False,0.2,0.2,16,1,70,31,27,0.8709677419354839,0.008198865111427523
Only UNet,U-Net,UNet,32,2,False,False,0.2,0.2,16,1,71,41,32,0.7804878048780488,-0.08736833469198234
Only UNet,U-Net,UNet,32,2,False,False,0.2,0.2,16,1,72,38,32,0.8421052631578947,-0.0029203660040875968
Only UNet,U-Net,UNet,32,2,False,False,0.2,0.2,16,1,73,44,23,0.5227272727272727,-0.011762497894216092
Only UNet,U-Net,UNet,32,2,False,False,0.2,0.2,16,1,74,37,10,0.2702702702702703,-0.005718952436824569
Only UNet,U-Net,UNet,32,2,False,False,0.2,0.2,16,1,75,29,21,0.7241379310344828,0.06795807352711229
Only UNet,U-Net,UNet,32,2,False,False,0.2,0.2,16,1,76,28,19,0.6785714285714286,-0.001429057141622734
Only UNet,U-Net,UNet,32,2,False,False,0.2,0.2,16,1,77,18,10,0.5555555555555556,0.0033393687556880296
Only UNet,U-Net,UNet,32,2,False,False,0.2,0.2,16,1,78,37,29,0.7837837837837838,-0.06400346807193744
Only UNet,U-Net,UNet,32,2,False,False,0.2,0.2,16,1,79,24,17,0.7083333333333334,-0.006861756219954296
Only UNet,U-Net,UNet,32,2,False,False,0.2,0.2,16,1,80,38,18,0.47368421052631576,0.011398744428680848
Only UNet,U-Net,UNet,32,2,False,False,0.2,0.2,16,1,81,25,18,0.72,0.017785312017111737
Only UNet,U-Net,UNet,32,2,False,False,0.2,0.2,16,1,82,29,14,0.4827586206896552,-0.03195723859606761
Only UNet,U-Net,UNet,32,2,False,False,0.2,0.2,16,1,83,34,22,0.6470588235294118,-0.005352693902597524
Only UNet,U-Net,UNet,32,2,False,False,0.2,0.2,16,1,84,21,14,0.6666666666666666,0.027824227623696178
Only UNet,U-Net,UNet,32,2,False,False,0.2,0.2,16,1,85,22,9,0.4090909090909091,-0.010004108319951133
Only UNet,U-Net,UNet,32,2,False,False,0.2,0.2,16,1,86,41,16,0.3902439024390244,0.005718516396617104
Only UNet,U-Net,UNet,32,2,False,False,0.2,0.2,16,1,87,28,9,0.32142857142857145,0.07649719266806294
Only UNet,U-Net,UNet,32,2,False,False,0.2,0.2,16,1,88,35,18,0.5142857142857142,-0.0021911733399074262
Only UNet,U-Net,UNet,32,2,False,False,0.2,0.2,16,1,89,32,12,0.375,-0.04495993828480454
Only UNet,U-Net,UNet,32,2,False,False,0.2,0.2,16,1,90,29,15,0.5172413793103449,0.010708240021162314
Only UNet,U-Net,UNet,32,2,False,False,0.2,0.2,16,1,91,19,19,1.0,0.02309635073105313
Only UNet,U-Net,UNet,32,2,False,False,0.2,0.2,16,1,92,45,20,0.4444444444444444,-0.03458532999431114
Only UNet,U-Net,UNet,32,2,False,False,0.2,0.2,16,1,93,25,10,0.4,-0.010614741749851267
Only UNet,U-Net,UNet,32,2,False,False,0.2,0.2,16,1,94,32,21,0.65625,0.08427220714687152
Only UNet,U-Net,UNet,32,2,False,False,0.2,0.2,16,1,95,41,15,0.36585365853658536,0.032361012048698366
Only UNet,U-Net,UNet,32,2,False,False,0.2,0.2,16,1,96,16,38,2.375,0.005588507030073501
Only UNet,U-Net,UNet,32,2,False,False,0.2,0.2,16,1,97,26,13,0.5,0.017067342405707057
Only UNet,U-Net,UNet,32,2,False,False,0.2,0.2,16,1,98,25,12,0.48,-0.0015479312923075193
Only UNet,U-Net,UNet,32,2,False,False,0.2,0.2,16,1,99,61,9,0.14754098360655737,-0.006475343104243381
Only UNet,U-Net,UNet,32,2,False,False,0.2,0.2,16,2,0,33,30,0.9090909090909091,0.005677136372787968
Only UNet,U-Net,UNet,32,2,False,False,0.2,0.2,16,2,1,34,34,1.0,-0.02126354907560307
Only UNet,U-Net,UNet,32,2,False,False,0.2,0.2,16,2,2,29,16,0.5517241379310345,0.1869342941660282
Only UNet,U-Net,UNet,32,2,False,False,0.2,0.2,16,2,3,28,14,0.5,0.007586008762036073
Only UNet,U-Net,UNet,32,2,False,False,0.2,0.2,16,2,4,36,28,0.7777777777777778,-0.017174573612401604
Only UNet,U-Net,UNet,32,2,False,False,0.2,0.2,16,2,5,42,13,0.30952380952380953,-0.021677606576035093
Only UNet,U-Net,UNet,32,2,False,False,0.2,0.2,16,2,6,28,0,0.0,-0.11028298747140383
Only UNet,U-Net,UNet,32,2,False,False,0.2,0.2,16,2,7,38,11,0.2894736842105263,0.06523745154930714
Only UNet,U-Net,UNet,32,2,False,False,0.2,0.2,16,2,8,33,12,0.36363636363636365,0.009093209374934406
Only UNet,U-Net,UNet,32,2,False,False,0.2,0.2,16,2,9,28,22,0.7857142857142857,0.027495602588724972
Only UNet,U-Net,UNet,32,2,False,False,0.2,0.2,16,2,10,31,10,0.3225806451612903,-0.03871480726400116
Only UNet,U-Net,UNet,32,2,False,False,0.2,0.2,16,2,11,29,9,0.3103448275862069,-0.005250751015844864
Only UNet,U-Net,UNet,32,2,False,False,0.2,0.2,16,2,12,29,8,0.27586206896551724,0.033028659759058616
Only UNet,U-Net,UNet,32,2,False,False,0.2,0.2,16,2,13,28,24,0.8571428571428571,-0.02563372256700714
Only UNet,U-Net,UNet,32,2,False,False,0.2,0.2,16,2,14,29,17,0.5862068965517241,-0.009109797038744564
Only UNet,U-Net,UNet,32,2,False,False,0.2,0.2,16,2,15,42,8,0.19047619047619047,0.016558472179297446
Only UNet,U-Net,UNet,32,2,False,False,0.2,0.2,16,2,16,58,15,0.25862068965517243,0.021574528363019978
Only UNet,U-Net,UNet,32,2,False,False,0.2,0.2,16,2,17,35,20,0.5714285714285714,0.03788339216601232
Only UNet,U-Net,UNet,32,2,False,False,0.2,0.2,16,2,18,17,13,0.7647058823529411,-0.005278289569188929
Only UNet,U-Net,UNet,32,2,False,False,0.2,0.2,16,2,19,17,21,1.2352941176470589,0.01326503775851854
Only UNet,U-Net,UNet,32,2,False,False,0.2,0.2,16,2,20,27,11,0.4074074074074074,0.011881452591926796
Only UNet,U-Net,UNet,32,2,False,False,0.2,0.2,16,2,21,40,26,0.65,-0.006369838332539128
Only UNet,U-Net,UNet,32,2,False,False,0.2,0.2,16,2,22,45,22,0.4888888888888889,-0.0022166548723813614
Only UNet,U-Net,UNet,32,2,False,False,0.2,0.2,16,2,23,23,25,1.0869565217391304,0.09593299743657739
Only UNet,U-Net,UNet,32,2,False,False,0.2,0.2,16,2,24,20,41,2.05,0.30463737452439243
Only UNet,U-Net,UNet,32,2,False,False,0.2,0.2,16,2,25,18,12,0.6666666666666666,0.006955117692541778
Only UNet,U-Net,UNet,32,2,False,False,0.2,0.2,16,2,26,34,12,0.35294117647058826,0.05169894412740368
Only UNet,U-Net,UNet,32,2,False,False,0.2,0.2,16,2,27,35,23,0.6571428571428571,0.05031716122182339
Only UNet,U-Net,UNet,32,2,False,False,0.2,0.2,16,2,28,33,22,0.6666666666666666,-0.006560984773163223
Only UNet,U-Net,UNet,32,2,False,False,0.2,0.2,16,2,29,40,9,0.225,-0.007004697253727008
Only UNet,U-Net,UNet,32,2,False,False,0.2,0.2,16,2,30,19,8,0.42105263157894735,0.040908143024280516
Only UNet,U-Net,UNet,32,2,False,False,0.2,0.2,16,2,31,37,17,0.4594594594594595,-0.008452050128156361
Only UNet,U-Net,UNet,32,2,False,False,0.2,0.2,16,2,32,37,12,0.32432432432432434,-0.0421274786350928
Only UNet,U-Net,UNet,32,2,False,False,0.2,0.2,16,2,33,31,12,0.3870967741935484,0.015033217532230395
Only UNet,U-Net,UNet,32,2,False,False,0.2,0.2,16,2,34,25,11,0.44,0.06894828470030177
Only UNet,U-Net,UNet,32,2,False,False,0.2,0.2,16,2,35,25,22,0.88,-0.009258762808741215
Only UNet,U-Net,UNet,32,2,False,False,0.2,0.2,16,2,36,26,24,0.9230769230769231,-0.03395546941091264
Only UNet,U-Net,UNet,32,2,False,False,0.2,0.2,16,2,37,27,18,0.6666666666666666,-0.016069827446103715
Only UNet,U-Net,UNet,32,2,False,False,0.2,0.2,16,2,38,44,40,0.9090909090909091,0.016330739436880817
Only UNet,U-Net,UNet,32,2,False,False,0.2,0.2,16,2,39,19,9,0.47368421052631576,-0.004993970185023599
Only UNet,U-Net,UNet,32,2,False,False,0.2,0.2,16,2,40,41,28,0.6829268292682927,0.001673394744358932
Only UNet,U-Net,UNet,32,2,False,False,0.2,0.2,16,2,41,32,16,0.5,-0.008711347657514886
Only UNet,U-Net,UNet,32,2,False,False,0.2,0.2,16,2,42,32,29,0.90625,0.019667345833566063
Only UNet,U-Net,UNet,32,2,False,False,0.2,0.2,16,2,43,28,12,0.42857142857142855,0.017193005639217315
Only UNet,U-Net,UNet,32,2,False,False,0.2,0.2,16,2,44,41,24,0.5853658536585366,0.004098572777046849
Only UNet,U-Net,UNet,32,2,False,False,0.2,0.2,16,2,45,30,15,0.5,-0.0026752042241795755
Only UNet,U-Net,UNet,32,2,False,False,0.2,0.2,16,2,46,21,16,0.7619047619047619,-0.007059184888419655
Only UNet,U-Net,UNet,32,2,False,False,0.2,0.2,16,2,47,28,9,0.32142857142857145,0.008095509054820467
Only UNet,U-Net,UNet,32,2,False,False,0.2,0.2,16,2,48,17,73,4.294117647058823,0.04827448420382564
Only UNet,U-Net,UNet,32,2,False,False,0.2,0.2,16,2,49,20,28,1.4,0.05875346539481922
Only UNet,U-Net,UNet,32,2,False,False,0.2,0.2,16,2,50,34,22,0.6470588235294118,0.017582757313046513
Only UNet,U-Net,UNet,32,2,False,False,0.2,0.2,16,2,51,41,20,0.4878048780487805,0.057802791638926994
Only UNet,U-Net,UNet,32,2,False,False,0.2,0.2,16,2,52,46,9,0.1956521739130435,0.10673487611337078
Only UNet,U-Net,UNet,32,2,False,False,0.2,0.2,16,2,53,18,15,0.8333333333333334,0.01005695095723041
Only UNet,U-Net,UNet,32,2,False,False,0.2,0.2,16,2,54,30,20,0.6666666666666666,-0.038807745880645325
Only UNet,U-Net,UNet,32,2,False,False,0.2,0.2,16,2,55,40,26,0.65,0.042752602288957775
Only UNet,U-Net,UNet,32,2,False,False,0.2,0.2,16,2,56,29,30,1.0344827586206897,-0.008503525783523083
Only UNet,U-Net,UNet,32,2,False,False,0.2,0.2,16,2,57,38,23,0.6052631578947368,0.014285128336771844
Only UNet,U-Net,UNet,32,2,False,False,0.2,0.2,16,2,58,29,8,0.27586206896551724,-0.00588562933502496
Only UNet,U-Net,UNet,32,2,False,False,0.2,0.2,16,2,59,25,27,1.08,0.055528561671799946
Only UNet,U-Net,UNet,32,2,False,False,0.2,0.2,16,2,60,35,25,0.7142857142857143,0.025705033221100577
Only UNet,U-Net,UNet,32,2,False,False,0.2,0.2,16,2,61,18,13,0.7222222222222222,-0.004690952668761492
Only UNet,U-Net,UNet,32,2,False,False,0.2,0.2,16,2,62,24,13,0.5416666666666666,-0.021549657061676466
Only UNet,U-Net,UNet,32,2,False,False,0.2,0.2,16,2,63,15,10,0.6666666666666666,0.011744281246872497
Only UNet,U-Net,UNet,32,2,False,False,0.2,0.2,16,2,64,22,12,0.5454545454545454,0.006049843483861846
Only UNet,U-Net,UNet,32,2,False,False,0.2,0.2,16,2,65,20,17,0.85,-0.0024261798386507353
Only UNet,U-Net,UNet,32,2,False,False,0.2,0.2,16,2,66,31,23,0.7419354838709677,-0.007421080194914019
Only UNet,U-Net,UNet,32,2,False,False,0.2,0.2,16,2,67,46,17,0.3695652173913043,0.03146437280884148
Only UNet,U-Net,UNet,32,2,False,False,0.2,0.2,16,2,68,29,31,1.0689655172413792,0.04891771286443415
Only UNet,U-Net,UNet,32,2,False,False,0.2,0.2,16,2,69,50,20,0.4,0.05857888998118536
Only UNet,U-Net,UNet,32,2,False,False,0.2,0.2,16,2,70,31,13,0.41935483870967744,0.028340813621831926
Only UNet,U-Net,UNet,32,2,False,False,0.2,0.2,16,2,71,41,25,0.6097560975609756,-0.023735243238902862
Only UNet,U-Net,UNet,32,2,False,False,0.2,0.2,16,2,72,38,16,0.42105263157894735,-0.04238800884446643
Only UNet,U-Net,UNet,32,2,False,False,0.2,0.2,16,2,73,44,28,0.6363636363636364,-0.007311580647840549
Only UNet,U-Net,UNet,32,2,False,False,0.2,0.2,16,2,74,37,10,0.2702702702702703,0.0016745484851748951
Only UNet,U-Net,UNet,32,2,False,False,0.2,0.2,16,2,75,29,19,0.6551724137931034,0.033117633122790535
Only UNet,U-Net,UNet,32,2,False,False,0.2,0.2,16,2,76,28,19,0.6785714285714286,0.036781232489685386
Only UNet,U-Net,UNet,32,2,False,False,0.2,0.2,16,2,77,18,14,0.7777777777777778,-0.01052285915370849
Only UNet,U-Net,UNet,32,2,False,False,0.2,0.2,16,2,78,37,22,0.5945945945945946,-0.020685896423926688
Only UNet,U-Net,UNet,32,2,False,False,0.2,0.2,16,2,79,24,21,0.875,0.037412462382400605
Only UNet,U-Net,UNet,32,2,False,False,0.2,0.2,16,2,80,38,10,0.2631578947368421,0.01623373917475488
Only UNet,U-Net,UNet,32,2,False,False,0.2,0.2,16,2,81,25,12,0.48,0.025907711689032897
Only UNet,U-Net,UNet,32,2,False,False,0.2,0.2,16,2,82,29,18,0.6206896551724138,-0.007783697647078792
Only UNet,U-Net,UNet,32,2,False,False,0.2,0.2,16,2,83,34,22,0.6470588235294118,0.008232617377654173
Only UNet,U-Net,UNet,32,2,False,False,0.2,0.2,16,2,84,21,12,0.5714285714285714,-0.0006431596386724616
Only UNet,U-Net,UNet,32,2,False,False,0.2,0.2,16,2,85,22,15,0.6818181818181818,-0.010699093820185123
Only UNet,U-Net,UNet,32,2,False,False,0.2,0.2,16,2,86,41,18,0.43902439024390244,0.03624204450268589
Only UNet,U-Net,UNet,32,2,False,False,0.2,0.2,16,2,87,28,18,0.6428571428571429,0.0713387161812015
Only UNet,U-Net,UNet,32,2,False,False,0.2,0.2,16,2,88,35,25,0.7142857142857143,-0.02159168046870436
Only UNet,U-Net,UNet,32,2,False,False,0.2,0.2,16,2,89,32,26,0.8125,-0.028071291230224574
Only UNet,U-Net,UNet,32,2,False,False,0.2,0.2,16,2,90,29,48,1.6551724137931034,0.004021663001310444
Only UNet,U-Net,UNet,32,2,False,False,0.2,0.2,16,2,91,19,15,0.7894736842105263,0.032376200704340524
Only UNet,U-Net,UNet,32,2,False,False,0.2,0.2,16,2,92,45,24,0.5333333333333333,-0.012451884150987512
Only UNet,U-Net,UNet,32,2,False,False,0.2,0.2,16,2,93,25,13,0.52,-0.004055669311771414
Only UNet,U-Net,UNet,32,2,False,False,0.2,0.2,16,2,94,32,49,1.53125,0.13729902269593483
Only UNet,U-Net,UNet,32,2,False,False,0.2,0.2,16,2,95,41,20,0.4878048780487805,0.005331343268585303
Only UNet,U-Net,UNet,32,2,False,False,0.2,0.2,16,2,96,16,18,1.125,-0.017961252531855133
Only UNet,U-Net,UNet,32,2,False,False,0.2,0.2,16,2,97,26,25,0.9615384615384616,0.04466259937869258
Only UNet,U-Net,UNet,32,2,False,False,0.2,0.2,16,2,98,25,17,0.68,-0.009356922582978487
Only UNet,U-Net,UNet,32,2,False,False,0.2,0.2,16,2,99,61,25,0.4098360655737705,0.01409935161823927
Only UNet,U-Net,UNet,32,2,False,False,0.2,0.2,16,3,0,33,16,0.48484848484848486,0.09682419112609382
Only UNet,U-Net,UNet,32,2,False,False,0.2,0.2,16,3,1,34,21,0.6176470588235294,0.0214736145163285
Only UNet,U-Net,UNet,32,2,False,False,0.2,0.2,16,3,2,29,15,0.5172413793103449,-0.003686996047139388
Only UNet,U-Net,UNet,32,2,False,False,0.2,0.2,16,3,3,28,19,0.6785714285714286,-0.006226680421444246
Only UNet,U-Net,UNet,32,2,False,False,0.2,0.2,16,3,4,36,22,0.6111111111111112,-0.016590184663026537
Only UNet,U-Net,UNet,32,2,False,False,0.2,0.2,16,3,5,42,11,0.2619047619047619,-0.03371061515944613
Only UNet,U-Net,UNet,32,2,False,False,0.2,0.2,16,3,6,28,15,0.5357142857142857,-0.015393113857974303
Only UNet,U-Net,UNet,32,2,False,False,0.2,0.2,16,3,7,38,18,0.47368421052631576,0.03621498509542032
Only UNet,U-Net,UNet,32,2,False,False,0.2,0.2,16,3,8,33,21,0.6363636363636364,0.008124793994048576
Only UNet,U-Net,UNet,32,2,False,False,0.2,0.2,16,3,9,28,27,0.9642857142857143,0.06027059227781166
Only UNet,U-Net,UNet,32,2,False,False,0.2,0.2,16,3,10,31,23,0.7419354838709677,-0.02745170135911841
Only UNet,U-Net,UNet,32,2,False,False,0.2,0.2,16,3,11,29,11,0.3793103448275862,0.04180153859038549
Only UNet,U-Net,UNet,32,2,False,False,0.2,0.2,16,3,12,29,40,1.3793103448275863,0.07596405246339075
Only UNet,U-Net,UNet,32,2,False,False,0.2,0.2,16,3,13,28,32,1.1428571428571428,-0.015350487478380482
Only UNet,U-Net,UNet,32,2,False,False,0.2,0.2,16,3,14,29,19,0.6551724137931034,-0.01785882771574182
Only UNet,U-Net,UNet,32,2,False,False,0.2,0.2,16,3,15,42,13,0.30952380952380953,0.01204808148923567
Only UNet,U-Net,UNet,32,2,False,False,0.2,0.2,16,3,16,58,25,0.43103448275862066,0.012377877257477809
Only UNet,U-Net,UNet,32,2,False,False,0.2,0.2,16,3,17,35,22,0.6285714285714286,0.02233479588608145
Only UNet,U-Net,UNet,32,2,False,False,0.2,0.2,16,3,18,17,8,0.47058823529411764,0.012933202415775554
Only UNet,U-Net,UNet,32,2,False,False,0.2,0.2,16,3,19,17,8,0.47058823529411764,0.054504376643290414
Only UNet,U-Net,UNet,32,2,False,False,0.2,0.2,16,3,20,27,19,0.7037037037037037,0.01970650267916871
Only UNet,U-Net,UNet,32,2,False,False,0.2,0.2,16,3,21,40,18,0.45,0.041218543870434825
Only UNet,U-Net,UNet,32,2,False,False,0.2,0.2,16,3,22,45,23,0.5111111111111111,0.010463711052307376
Only UNet,U-Net,UNet,32,2,False,False,0.2,0.2,16,3,23,23,27,1.173913043478261,-0.009249388608974925
Only UNet,U-Net,UNet,32,2,False,False,0.2,0.2,16,3,24,20,36,1.8,0.3143210380075964
Only UNet,U-Net,UNet,32,2,False,False,0.2,0.2,16,3,25,18,8,0.4444444444444444,0.004644145685593543
Only UNet,U-Net,UNet,32,2,False,False,0.2,0.2,16,3,26,34,15,0.4411764705882353,0.013511200197076618
Only UNet,U-Net,UNet,32,2,False,False,0.2,0.2,16,3,27,35,19,0.5428571428571428,0.08103696665750622
Only UNet,U-Net,UNet,32,2,False,False,0.2,0.2,16,3,28,33,20,0.6060606060606061,0.014767370287632406
Only UNet,U-Net,UNet,32,2,False,False,0.2,0.2,16,3,29,40,15,0.375,0.03469166624082536
Only UNet,U-Net,UNet,32,2,False,False,0.2,0.2,16,3,30,19,7,0.3684210526315789,0.03919928153020896
Only UNet,U-Net,UNet,32,2,False,False,0.2,0.2,16,3,31,37,22,0.5945945945945946,6.606937521335852e-05
Only UNet,U-Net,UNet,32,2,False,False,0.2,0.2,16,3,32,37,14,0.3783783783783784,-0.016494080574282637
Only UNet,U-Net,UNet,32,2,False,False,0.2,0.2,16,3,33,31,15,0.4838709677419355,-0.010373220459361891
Only UNet,U-Net,UNet,32,2,False,False,0.2,0.2,16,3,34,25,14,0.56,0.07370301240246589
Only UNet,U-Net,UNet,32,2,False,False,0.2,0.2,16,3,35,25,18,0.72,-0.0022471590528290795
Only UNet,U-Net,UNet,32,2,False,False,0.2,0.2,16,3,36,26,14,0.5384615384615384,-0.010826819530169932
Only UNet,U-Net,UNet,32,2,False,False,0.2,0.2,16,3,37,27,30,1.1111111111111112,0.03561734286432057
Only UNet,U-Net,UNet,32,2,False,False,0.2,0.2,16,3,38,44,12,0.2727272727272727,0.007891344418231592
Only UNet,U-Net,UNet,32,2,False,False,0.2,0.2,16,3,39,19,11,0.5789473684210527,0.002076223278224521
Only UNet,U-Net,UNet,32,2,False,False,0.2,0.2,16,3,40,41,26,0.6341463414634146,0.044962676159321445
Only UNet,U-Net,UNet,32,2,False,False,0.2,0.2,16,3,41,32,28,0.875,0.012439945779638256
Only UNet,U-Net,UNet,32,2,False,False,0.2,0.2,16,3,42,32,14,0.4375,-0.008187887191916052
Only UNet,U-Net,UNet,32,2,False,False,0.2,0.2,16,3,43,28,12,0.42857142857142855,0.031879546737825254
Only UNet,U-Net,UNet,32,2,False,False,0.2,0.2,16,3,44,41,37,0.9024390243902439,-0.028373840088843874
Only UNet,U-Net,UNet,32,2,False,False,0.2,0.2,16,3,45,30,16,0.5333333333333333,0.008535779803205402
Only UNet,U-Net,UNet,32,2,False,False,0.2,0.2,16,3,46,21,12,0.5714285714285714,0.007254415426216032
Only UNet,U-Net,UNet,32,2,False,False,0.2,0.2,16,3,47,28,15,0.5357142857142857,0.006352559633052032
Only UNet,U-Net,UNet,32,2,False,False,0.2,0.2,16,3,48,17,46,2.7058823529411766,0.0433587173013392
Only UNet,U-Net,UNet,32,2,False,False,0.2,0.2,16,3,49,20,24,1.2,0.054263397979444905
Only UNet,U-Net,UNet,32,2,False,False,0.2,0.2,16,3,50,34,16,0.47058823529411764,0.031333206086248275
Only UNet,U-Net,UNet,32,2,False,False,0.2,0.2,16,3,51,41,26,0.6341463414634146,0.0008450553014279467
Only UNet,U-Net,UNet,32,2,False,False,0.2,0.2,16,3,52,46,11,0.2391304347826087,0.1283673573818194
Only UNet,U-Net,UNet,32,2,False,False,0.2,0.2,16,3,53,18,11,0.6111111111111112,0.010333805680752728
Only UNet,U-Net,UNet,32,2,False,False,0.2,0.2,16,3,54,30,28,0.9333333333333333,-0.05339345657226317
Only UNet,U-Net,UNet,32,2,False,False,0.2,0.2,16,3,55,40,34,0.85,0.09766438583879022
Only UNet,U-Net,UNet,32,2,False,False,0.2,0.2,16,3,56,29,33,1.1379310344827587,-0.001407901517642585
Only UNet,U-Net,UNet,32,2,False,False,0.2,0.2,16,3,57,38,15,0.39473684210526316,-0.0026281392418378824
Only UNet,U-Net,UNet,32,2,False,False,0.2,0.2,16,3,58,29,15,0.5172413793103449,0.004269123324864428
Only UNet,U-Net,UNet,32,2,False,False,0.2,0.2,16,3,59,25,14,0.56,0.08365408495594535
Only UNet,U-Net,UNet,32,2,False,False,0.2,0.2,16,3,60,35,32,0.9142857142857143,0.05083446992789962
Only UNet,U-Net,UNet,32,2,False,False,0.2,0.2,16,3,61,18,11,0.6111111111111112,-0.006967147161255014
Only UNet,U-Net,UNet,32,2,False,False,0.2,0.2,16,3,62,24,14,0.5833333333333334,-0.02136696689365374
Only UNet,U-Net,UNet,32,2,False,False,0.2,0.2,16,3,63,15,22,1.4666666666666666,0.019509170755060354
Only UNet,U-Net,UNet,32,2,False,False,0.2,0.2,16,3,64,22,20,0.9090909090909091,0.019691878756841273
Only UNet,U-Net,UNet,32,2,False,False,0.2,0.2,16,3,65,20,18,0.9,-0.014260426515184974
Only UNet,U-Net,UNet,32,2,False,False,0.2,0.2,16,3,66,31,11,0.3548387096774194,-0.0012165168416593747
Only UNet,U-Net,UNet,32,2,False,False,0.2,0.2,16,3,67,46,10,0.21739130434782608,0.022313403985824126
Only UNet,U-Net,UNet,32,2,False,False,0.2,0.2,16,3,68,29,19,0.6551724137931034,0.016087829967305733
Only UNet,U-Net,UNet,32,2,False,False,0.2,0.2,16,3,69,50,18,0.36,0.07326142273876858
Only UNet,U-Net,UNet,32,2,False,False,0.2,0.2,16,3,70,31,45,1.4516129032258065,0.006034053227164863
Only UNet,U-Net,UNet,32,2,False,False,0.2,0.2,16,3,71,41,13,0.3170731707317073,-0.011200737336198424
Only UNet,U-Net,UNet,32,2,False,False,0.2,0.2,16,3,72,38,35,0.9210526315789473,-0.01639508694701279
Only UNet,U-Net,UNet,32,2,False,False,0.2,0.2,16,3,73,44,19,0.4318181818181818,-0.008473418228007129
Only UNet,U-Net,UNet,32,2,False,False,0.2,0.2,16,3,74,37,8,0.21621621621621623,0.04763296287249776
Only UNet,U-Net,UNet,32,2,False,False,0.2,0.2,16,3,75,29,13,0.4482758620689655,0.015376040500554808
Only UNet,U-Net,UNet,32,2,False,False,0.2,0.2,16,3,76,28,16,0.5714285714285714,-0.001979110992314605
Only UNet,U-Net,UNet,32,2,False,False,0.2,0.2,16,3,77,18,8,0.4444444444444444,-0.02018077571002955
Only UNet,U-Net,UNet,32,2,False,False,0.2,0.2,16,3,78,37,18,0.4864864864864865,-0.03646946601548438
Only UNet,U-Net,UNet,32,2,False,False,0.2,0.2,16,3,79,24,14,0.5833333333333334,0.017027344221160843
Only UNet,U-Net,UNet,32,2,False,False,0.2,0.2,16,3,80,38,24,0.631578947368421,0.07087969321344385
Only UNet,U-Net,UNet,32,2,False,False,0.2,0.2,16,3,81,25,15,0.6,0.007870887398734315
Only UNet,U-Net,UNet,32,2,False,False,0.2,0.2,16,3,82,29,20,0.6896551724137931,-0.04061103640554161
Only UNet,U-Net,UNet,32,2,False,False,0.2,0.2,16,3,83,34,27,0.7941176470588235,0.0012441985001507695
Only UNet,U-Net,UNet,32,2,False,False,0.2,0.2,16,3,84,21,18,0.8571428571428571,-0.0008139956977751436
Only UNet,U-Net,UNet,32,2,False,False,0.2,0.2,16,3,85,22,21,0.9545454545454546,-0.002765337463242601
Only UNet,U-Net,UNet,32,2,False,False,0.2,0.2,16,3,86,41,25,0.6097560975609756,0.008858423768494538
Only UNet,U-Net,UNet,32,2,False,False,0.2,0.2,16,3,87,28,17,0.6071428571428571,0.07174310338977055
Only UNet,U-Net,UNet,32,2,False,False,0.2,0.2,16,3,88,35,19,0.5428571428571428,0.0011373228743520487
Only UNet,U-Net,UNet,32,2,False,False,0.2,0.2,16,3,89,32,23,0.71875,-0.015089555076272161
Only UNet,U-Net,UNet,32,2,False,False,0.2,0.2,16,3,90,29,12,0.41379310344827586,0.05600288475454118
Only UNet,U-Net,UNet,32,2,False,False,0.2,0.2,16,3,91,19,13,0.6842105263157895,0.031200148282215946
Only UNet,U-Net,UNet,32,2,False,False,0.2,0.2,16,3,92,45,21,0.4666666666666667,0.03360658253016531
Only UNet,U-Net,UNet,32,2,False,False,0.2,0.2,16,3,93,25,8,0.32,0.0016354572365270088
Only UNet,U-Net,UNet,32,2,False,False,0.2,0.2,16,3,94,32,12,0.375,-0.01430053883901904
Only UNet,U-Net,UNet,32,2,False,False,0.2,0.2,16,3,95,41,21,0.5121951219512195,0.07114185949297677
Only UNet,U-Net,UNet,32,2,False,False,0.2,0.2,16,3,96,16,35,2.1875,-0.011660600569747645
Only UNet,U-Net,UNet,32,2,False,False,0.2,0.2,16,3,97,26,17,0.6538461538461539,0.022496916088084788
Only UNet,U-Net,UNet,32,2,False,False,0.2,0.2,16,3,98,25,17,0.68,0.037810671567160774
Only UNet,U-Net,UNet,32,2,False,False,0.2,0.2,16,3,99,61,29,0.47540983606557374,-0.02653095394518971
Only UNet,U-Net,UNet,32,2,False,False,0.2,0.2,16,4,0,33,25,0.7575757575757576,0.051665948230058274
Only UNet,U-Net,UNet,32,2,False,False,0.2,0.2,16,4,1,34,20,0.5882352941176471,0.01856401560834908
Only UNet,U-Net,UNet,32,2,False,False,0.2,0.2,16,4,2,29,13,0.4482758620689655,0.017552340043878966
Only UNet,U-Net,UNet,32,2,False,False,0.2,0.2,16,4,3,28,29,1.0357142857142858,0.0457956329301225
Only UNet,U-Net,UNet,32,2,False,False,0.2,0.2,16,4,4,36,20,0.5555555555555556,0.07720235805907066
Only UNet,U-Net,UNet,32,2,False,False,0.2,0.2,16,4,5,42,12,0.2857142857142857,-0.013008134893914886
Only UNet,U-Net,UNet,32,2,False,False,0.2,0.2,16,4,6,28,11,0.39285714285714285,0.039888262007772395
Only UNet,U-Net,UNet,32,2,False,False,0.2,0.2,16,4,7,38,10,0.2631578947368421,-0.0038995911992600147
Only UNet,U-Net,UNet,32,2,False,False,0.2,0.2,16,4,8,33,16,0.48484848484848486,0.0015745832077211203
Only UNet,U-Net,UNet,32,2,False,False,0.2,0.2,16,4,9,28,32,1.1428571428571428,0.02512158114587251
Only UNet,U-Net,UNet,32,2,False,False,0.2,0.2,16,4,10,31,16,0.5161290322580645,-0.08542025139441527
Only UNet,U-Net,UNet,32,2,False,False,0.2,0.2,16,4,11,29,28,0.9655172413793104,0.02043856905243996
Only UNet,U-Net,UNet,32,2,False,False,0.2,0.2,16,4,12,29,29,1.0,0.02579530741725037
Only UNet,U-Net,UNet,32,2,False,False,0.2,0.2,16,4,13,28,26,0.9285714285714286,-0.03731517048480634
Only UNet,U-Net,UNet,32,2,False,False,0.2,0.2,16,4,14,29,34,1.1724137931034482,0.03708058232019125
Only UNet,U-Net,UNet,32,2,False,False,0.2,0.2,16,4,15,42,18,0.42857142857142855,0.030130702904694204
Only UNet,U-Net,UNet,32,2,False,False,0.2,0.2,16,4,16,58,25,0.43103448275862066,0.05031583941586477
Only UNet,U-Net,UNet,32,2,False,False,0.2,0.2,16,4,17,35,22,0.6285714285714286,0.053105696292930875
Only UNet,U-Net,UNet,32,2,False,False,0.2,0.2,16,4,18,17,12,0.7058823529411765,0.020096801719345827
Only UNet,U-Net,UNet,32,2,False,False,0.2,0.2,16,4,19,17,14,0.8235294117647058,0.00831081451657295
Only UNet,U-Net,UNet,32,2,False,False,0.2,0.2,16,4,20,27,19,0.7037037037037037,0.05509464321829169
Only UNet,U-Net,UNet,32,2,False,False,0.2,0.2,16,4,21,40,26,0.65,0.0004186261362315064
Only UNet,U-Net,UNet,32,2,False,False,0.2,0.2,16,4,22,45,21,0.4666666666666667,0.007879141554900443
Only UNet,U-Net,UNet,32,2,False,False,0.2,0.2,16,4,23,23,18,0.782608695652174,0.04608768673207814
Only UNet,U-Net,UNet,32,2,False,False,0.2,0.2,16,4,24,20,18,0.9,-0.0021811725354024918
Only UNet,U-Net,UNet,32,2,False,False,0.2,0.2,16,4,25,18,9,0.5,0.019375694912324118
Only UNet,U-Net,UNet,32,2,False,False,0.2,0.2,16,4,26,34,23,0.6764705882352942,-0.011676825169662055
Only UNet,U-Net,UNet,32,2,False,False,0.2,0.2,16,4,27,35,19,0.5428571428571428,0.026253380067287137
Only UNet,U-Net,UNet,32,2,False,False,0.2,0.2,16,4,28,33,22,0.6666666666666666,-0.006612400850435721
Only UNet,U-Net,UNet,32,2,False,False,0.2,0.2,16,4,29,40,10,0.25,-0.03793069365514385
Only UNet,U-Net,UNet,32,2,False,False,0.2,0.2,16,4,30,19,7,0.3684210526315789,0.041097561373403646
Only UNet,U-Net,UNet,32,2,False,False,0.2,0.2,16,4,31,37,21,0.5675675675675675,-0.01023692569081683
Only UNet,U-Net,UNet,32,2,False,False,0.2,0.2,16,4,32,37,13,0.35135135135135137,-0.052993172629966966
Only UNet,U-Net,UNet,32,2,False,False,0.2,0.2,16,4,33,31,9,0.2903225806451613,-0.014988256493955026
Only UNet,U-Net,UNet,32,2,False,False,0.2,0.2,16,4,34,25,19,0.76,0.056380731110063954
Only UNet,U-Net,UNet,32,2,False,False,0.2,0.2,16,4,35,25,22,0.88,-0.032785440854780266
Only UNet,U-Net,UNet,32,2,False,False,0.2,0.2,16,4,36,26,36,1.3846153846153846,-0.02317739602839986
Only UNet,U-Net,UNet,32,2,False,False,0.2,0.2,16,4,37,27,16,0.5925925925925926,0.07195902169564934
Only UNet,U-Net,UNet,32,2,False,False,0.2,0.2,16,4,38,44,46,1.0454545454545454,-0.027478367281087043
Only UNet,U-Net,UNet,32,2,False,False,0.2,0.2,16,4,39,19,8,0.42105263157894735,-0.008899574460368178
Only UNet,U-Net,UNet,32,2,False,False,0.2,0.2,16,4,40,41,28,0.6829268292682927,0.021851601935191534
Only UNet,U-Net,UNet,32,2,False,False,0.2,0.2,16,4,41,32,28,0.875,0.014753892013594706
Only UNet,U-Net,UNet,32,2,False,False,0.2,0.2,16,4,42,32,20,0.625,0.009209517032888307
Only UNet,U-Net,UNet,32,2,False,False,0.2,0.2,16,4,43,28,9,0.32142857142857145,-0.05137842433749525
Only UNet,U-Net,UNet,32,2,False,False,0.2,0.2,16,4,44,41,24,0.5853658536585366,-0.02188803144116891
Only UNet,U-Net,UNet,32,2,False,False,0.2,0.2,16,4,45,30,21,0.7,0.01184306648950723
Only UNet,U-Net,UNet,32,2,False,False,0.2,0.2,16,4,46,21,10,0.47619047619047616,-0.020815712289691517
Only UNet,U-Net,UNet,32,2,False,False,0.2,0.2,16,4,47,28,19,0.6785714285714286,0.020955143976854707
Only UNet,U-Net,UNet,32,2,False,False,0.2,0.2,16,4,48,17,69,4.0588235294117645,0.048107276259059584
Only UNet,U-Net,UNet,32,2,False,False,0.2,0.2,16,4,49,20,30,1.5,0.05269417660189183
Only UNet,U-Net,UNet,32,2,False,False,0.2,0.2,16,4,50,34,22,0.6470588235294118,0.01901895779587851
Only UNet,U-Net,UNet,32,2,False,False,0.2,0.2,16,4,51,41,17,0.4146341463414634,-0.003726719104828631
Only UNet,U-Net,UNet,32,2,False,False,0.2,0.2,16,4,52,46,17,0.3695652173913043,0.06609521201585285
Only UNet,U-Net,UNet,32,2,False,False,0.2,0.2,16,4,53,18,12,0.6666666666666666,0.009967710130754263
Only UNet,U-Net,UNet,32,2,False,False,0.2,0.2,16,4,54,30,21,0.7,-0.008113628185407862
Only UNet,U-Net,UNet,32,2,False,False,0.2,0.2,16,4,55,40,16,0.4,0.0007552086702673167
Only UNet,U-Net,UNet,32,2,False,False,0.2,0.2,16,4,56,29,10,0.3448275862068966,0.008177357644128611
Only UNet,U-Net,UNet,32,2,False,False,0.2,0.2,16,4,57,38,16,0.42105263157894735,0.02733049995532499
Only UNet,U-Net,UNet,32,2,False,False,0.2,0.2,16,4,58,29,22,0.7586206896551724,0.013976680199089292
Only UNet,U-Net,UNet,32,2,False,False,0.2,0.2,16,4,59,25,20,0.8,0.0515575993557843
Only UNet,U-Net,UNet,32,2,False,False,0.2,0.2,16,4,60,35,19,0.5428571428571428,0.0005648237606506279
Only UNet,U-Net,UNet,32,2,False,False,0.2,0.2,16,4,61,18,12,0.6666666666666666,-0.014209787481497965
Only UNet,U-Net,UNet,32,2,False,False,0.2,0.2,16,4,62,24,12,0.5,-0.0027313408977030296
Only UNet,U-Net,UNet,32,2,False,False,0.2,0.2,16,4,63,15,22,1.4666666666666666,0.013586363471163956
Only UNet,U-Net,UNet,32,2,False,False,0.2,0.2,16,4,64,22,9,0.4090909090909091,0.001261033118042415
Only UNet,U-Net,UNet,32,2,False,False,0.2,0.2,16,4,65,20,12,0.6,-0.0009635669800864996
Only UNet,U-Net,UNet,32,2,False,False,0.2,0.2,16,4,66,31,9,0.2903225806451613,0.027424022664029202
Only UNet,U-Net,UNet,32,2,False,False,0.2,0.2,16,4,67,46,16,0.34782608695652173,0.020055715235659927
Only UNet,U-Net,UNet,32,2,False,False,0.2,0.2,16,4,68,29,18,0.6206896551724138,0.018977080250074562
Only UNet,U-Net,UNet,32,2,False,False,0.2,0.2,16,4,69,50,20,0.4,0.03884432448573196
Only UNet,U-Net,UNet,32,2,False,False,0.2,0.2,16,4,70,31,12,0.3870967741935484,0.019019156449928798
Only UNet,U-Net,UNet,32,2,False,False,0.2,0.2,16,4,71,41,22,0.5365853658536586,-0.07585583541203722
Only UNet,U-Net,UNet,32,2,False,False,0.2,0.2,16,4,72,38,9,0.23684210526315788,-0.0475091703446532
Only UNet,U-Net,UNet,32,2,False,False,0.2,0.2,16,4,73,44,20,0.45454545454545453,0.00031055642016949184
Only UNet,U-Net,UNet,32,2,False,False,0.2,0.2,16,4,74,37,13,0.35135135135135137,-0.0038041157551917245
Only UNet,U-Net,UNet,32,2,False,False,0.2,0.2,16,4,75,29,46,1.5862068965517242,0.026985818373539736
Only UNet,U-Net,UNet,32,2,False,False,0.2,0.2,16,4,76,28,17,0.6071428571428571,0.014349024306347066
Only UNet,U-Net,UNet,32,2,False,False,0.2,0.2,16,4,77,18,10,0.5555555555555556,-0.01595974754775576
Only UNet,U-Net,UNet,32,2,False,False,0.2,0.2,16,4,78,37,22,0.5945945945945946,-0.029058216331845705
Only UNet,U-Net,UNet,32,2,False,False,0.2,0.2,16,4,79,24,17,0.7083333333333334,0.004550460161112684
Only UNet,U-Net,UNet,32,2,False,False,0.2,0.2,16,4,80,38,8,0.21052631578947367,0.06784321353954101
Only UNet,U-Net,UNet,32,2,False,False,0.2,0.2,16,4,81,25,29,1.16,-0.0036478553663463597
Only UNet,U-Net,UNet,32,2,False,False,0.2,0.2,16,4,82,29,10,0.3448275862068966,-0.014103052267816638
Only UNet,U-Net,UNet,32,2,False,False,0.2,0.2,16,4,83,34,10,0.29411764705882354,0.002644016111104286
Only UNet,U-Net,UNet,32,2,False,False,0.2,0.2,16,4,84,21,13,0.6190476190476191,0.0016224273743249888
Only UNet,U-Net,UNet,32,2,False,False,0.2,0.2,16,4,85,22,7,0.3181818181818182,0.014921498493298529
Only UNet,U-Net,UNet,32,2,False,False,0.2,0.2,16,4,86,41,14,0.34146341463414637,-0.00021035327164538371
Only UNet,U-Net,UNet,32,2,False,False,0.2,0.2,16,4,87,28,24,0.8571428571428571,0.05540645093056968
Only UNet,U-Net,UNet,32,2,False,False,0.2,0.2,16,4,88,35,15,0.42857142857142855,-0.00671677061076662
Only UNet,U-Net,UNet,32,2,False,False,0.2,0.2,16,4,89,32,13,0.40625,-0.021313265974139184
Only UNet,U-Net,UNet,32,2,False,False,0.2,0.2,16,4,90,29,8,0.27586206896551724,0.028302978901557384
Only UNet,U-Net,UNet,32,2,False,False,0.2,0.2,16,4,91,19,13,0.6842105263157895,0.04691413805510429
Only UNet,U-Net,UNet,32,2,False,False,0.2,0.2,16,4,92,45,18,0.4,0.050204477216789084
Only UNet,U-Net,UNet,32,2,False,False,0.2,0.2,16,4,93,25,12,0.48,0.008822333545580778
Only UNet,U-Net,UNet,32,2,False,False,0.2,0.2,16,4,94,32,29,0.90625,0.10145640799811348
Only UNet,U-Net,UNet,32,2,False,False,0.2,0.2,16,4,95,41,26,0.6341463414634146,-0.00025917534660269733
Only UNet,U-Net,UNet,32,2,False,False,0.2,0.2,16,4,96,16,29,1.8125,0.0014960115604279462
Only UNet,U-Net,UNet,32,2,False,False,0.2,0.2,16,4,97,26,7,0.2692307692307692,0.00855688661631414
Only UNet,U-Net,UNet,32,2,False,False,0.2,0.2,16,4,98,25,9,0.36,0.007095810739652713
Only UNet,U-Net,UNet,32,2,False,False,0.2,0.2,16,4,99,61,26,0.4262295081967213,0.019001234562314544
Only UNet,U-Net,UNet,32,2,False,False,0.2,0.2,16,5,0,33,28,0.8484848484848485,0.12633084500637345
Only UNet,U-Net,UNet,32,2,False,False,0.2,0.2,16,5,1,34,20,0.5882352941176471,0.020312841283679318
Only UNet,U-Net,UNet,32,2,False,False,0.2,0.2,16,5,2,29,9,0.3103448275862069,0.009355030831240268
Only UNet,U-Net,UNet,32,2,False,False,0.2,0.2,16,5,3,28,18,0.6428571428571429,-0.010314540246147978
Only UNet,U-Net,UNet,32,2,False,False,0.2,0.2,16,5,4,36,38,1.0555555555555556,-0.015396519717790026
Only UNet,U-Net,UNet,32,2,False,False,0.2,0.2,16,5,5,42,7,0.16666666666666666,-0.014479589795802904
Only UNet,U-Net,UNet,32,2,False,False,0.2,0.2,16,5,6,28,19,0.6785714285714286,0.03313849064613594
Only UNet,U-Net,UNet,32,2,False,False,0.2,0.2,16,5,7,38,21,0.5526315789473685,0.07447309617554773
Only UNet,U-Net,UNet,32,2,False,False,0.2,0.2,16,5,8,33,20,0.6060606060606061,-0.003829029303416752
Only UNet,U-Net,UNet,32,2,False,False,0.2,0.2,16,5,9,28,11,0.39285714285714285,0.11218501664885663
Only UNet,U-Net,UNet,32,2,False,False,0.2,0.2,16,5,10,31,17,0.5483870967741935,-0.047423581667846035
Only UNet,U-Net,UNet,32,2,False,False,0.2,0.2,16,5,11,29,28,0.9655172413793104,0.02802652310986922
Only UNet,U-Net,UNet,32,2,False,False,0.2,0.2,16,5,12,29,8,0.27586206896551724,0.015921749640452905
Only UNet,U-Net,UNet,32,2,False,False,0.2,0.2,16,5,13,28,21,0.75,-0.025650128622805076
Only UNet,U-Net,UNet,32,2,False,False,0.2,0.2,16,5,14,29,30,1.0344827586206897,0.08023569592802557
Only UNet,U-Net,UNet,32,2,False,False,0.2,0.2,16,5,15,42,22,0.5238095238095238,0.006629349231860391
Only UNet,U-Net,UNet,32,2,False,False,0.2,0.2,16,5,16,58,23,0.39655172413793105,0.003107993244003712
Only UNet,U-Net,UNet,32,2,False,False,0.2,0.2,16,5,17,35,14,0.4,0.026135627227164473
Only UNet,U-Net,UNet,32,2,False,False,0.2,0.2,16,5,18,17,0,0.0,-0.07832355955124522
Only UNet,U-Net,UNet,32,2,False,False,0.2,0.2,16,5,19,17,13,0.7647058823529411,0.0012881120800889475
Only UNet,U-Net,UNet,32,2,False,False,0.2,0.2,16,5,20,27,27,1.0,0.052938545009939136
Only UNet,U-Net,UNet,32,2,False,False,0.2,0.2,16,5,21,40,30,0.75,-0.013845771410350493
Only UNet,U-Net,UNet,32,2,False,False,0.2,0.2,16,5,22,45,30,0.6666666666666666,0.050269032678554856
Only UNet,U-Net,UNet,32,2,False,False,0.2,0.2,16,5,23,23,17,0.7391304347826086,-0.004208580099590442
Only UNet,U-Net,UNet,32,2,False,False,0.2,0.2,16,5,24,20,11,0.55,0.03173755662126621
Only UNet,U-Net,UNet,32,2,False,False,0.2,0.2,16,5,25,18,8,0.4444444444444444,0.001716633255617615
Only UNet,U-Net,UNet,32,2,False,False,0.2,0.2,16,5,26,34,8,0.23529411764705882,0.04289652837398276
Only UNet,U-Net,UNet,32,2,False,False,0.2,0.2,16,5,27,35,17,0.4857142857142857,0.06048346881740399
Only UNet,U-Net,UNet,32,2,False,False,0.2,0.2,16,5,28,33,32,0.9696969696969697,-0.00831698184175667
Only UNet,U-Net,UNet,32,2,False,False,0.2,0.2,16,5,29,40,21,0.525,-0.03482790744271986
Only UNet,U-Net,UNet,32,2,False,False,0.2,0.2,16,5,30,19,8,0.42105263157894735,0.04359155699379653
Only UNet,U-Net,UNet,32,2,False,False,0.2,0.2,16,5,31,37,17,0.4594594594594595,-0.025253355549654372
Only UNet,U-Net,UNet,32,2,False,False,0.2,0.2,16,5,32,37,18,0.4864864864864865,0.05605315004337396
Only UNet,U-Net,UNet,32,2,False,False,0.2,0.2,16,5,33,31,15,0.4838709677419355,-0.024235305552697557
Only UNet,U-Net,UNet,32,2,False,False,0.2,0.2,16,5,34,25,16,0.64,0.07385396415261954
Only UNet,U-Net,UNet,32,2,False,False,0.2,0.2,16,5,35,25,15,0.6,-0.030532805710566175
Only UNet,U-Net,UNet,32,2,False,False,0.2,0.2,16,5,36,26,8,0.3076923076923077,-0.03070179342355476
Only UNet,U-Net,UNet,32,2,False,False,0.2,0.2,16,5,37,27,21,0.7777777777777778,0.04144966981075647
Only UNet,U-Net,UNet,32,2,False,False,0.2,0.2,16,5,38,44,20,0.45454545454545453,-0.025873313800651145
Only UNet,U-Net,UNet,32,2,False,False,0.2,0.2,16,5,39,19,11,0.5789473684210527,-0.008407494128864365
Only UNet,U-Net,UNet,32,2,False,False,0.2,0.2,16,5,40,41,34,0.8292682926829268,0.01634704829120162
Only UNet,U-Net,UNet,32,2,False,False,0.2,0.2,16,5,41,32,27,0.84375,0.0063282843700352845
Only UNet,U-Net,UNet,32,2,False,False,0.2,0.2,16,5,42,32,14,0.4375,-0.02570158125735268
Only UNet,U-Net,UNet,32,2,False,False,0.2,0.2,16,5,43,28,18,0.6428571428571429,0.04139617682182657
Only UNet,U-Net,UNet,32,2,False,False,0.2,0.2,16,5,44,41,22,0.5365853658536586,0.0014993499798355062
Only UNet,U-Net,UNet,32,2,False,False,0.2,0.2,16,5,45,30,16,0.5333333333333333,-0.01190333084845071
Only UNet,U-Net,UNet,32,2,False,False,0.2,0.2,16,5,46,21,14,0.6666666666666666,0.020270823575348363
Only UNet,U-Net,UNet,32,2,False,False,0.2,0.2,16,5,47,28,30,1.0714285714285714,0.03691214459929848
Only UNet,U-Net,UNet,32,2,False,False,0.2,0.2,16,5,48,17,60,3.5294117647058822,0.05962880464863231
Only UNet,U-Net,UNet,32,2,False,False,0.2,0.2,16,5,49,20,33,1.65,0.035887491357400006
Only UNet,U-Net,UNet,32,2,False,False,0.2,0.2,16,5,50,34,8,0.23529411764705882,0.034555157824256624
Only UNet,U-Net,UNet,32,2,False,False,0.2,0.2,16,5,51,41,24,0.5853658536585366,0.06899505720847812
Only UNet,U-Net,UNet,32,2,False,False,0.2,0.2,16,5,52,46,35,0.7608695652173914,0.048718306878892274
Only UNet,U-Net,UNet,32,2,False,False,0.2,0.2,16,5,53,18,8,0.4444444444444444,0.011082045356767567
Only UNet,U-Net,UNet,32,2,False,False,0.2,0.2,16,5,54,30,23,0.7666666666666667,-0.050291443575572976
Only UNet,U-Net,UNet,32,2,False,False,0.2,0.2,16,5,55,40,19,0.475,0.11548480858265882
Only UNet,U-Net,UNet,32,2,False,False,0.2,0.2,16,5,56,29,28,0.9655172413793104,-0.011170997486004999
Only UNet,U-Net,UNet,32,2,False,False,0.2,0.2,16,5,57,38,28,0.7368421052631579,0.008129777851411921
Only UNet,U-Net,UNet,32,2,False,False,0.2,0.2,16,5,58,29,38,1.3103448275862069,0.006085623595718556
Only UNet,U-Net,UNet,32,2,False,False,0.2,0.2,16,5,59,25,12,0.48,0.031361888733563
Only UNet,U-Net,UNet,32,2,False,False,0.2,0.2,16,5,60,35,16,0.45714285714285713,0.01278410962486703
Only UNet,U-Net,UNet,32,2,False,False,0.2,0.2,16,5,61,18,16,0.8888888888888888,0.0027680052583670834
Only UNet,U-Net,UNet,32,2,False,False,0.2,0.2,16,5,62,24,12,0.5,0.0068742295958686625
Only UNet,U-Net,UNet,32,2,False,False,0.2,0.2,16,5,63,15,16,1.0666666666666667,0.004263697946496364
Only UNet,U-Net,UNet,32,2,False,False,0.2,0.2,16,5,64,22,12,0.5454545454545454,-0.017191934291703754
Only UNet,U-Net,UNet,32,2,False,False,0.2,0.2,16,5,65,20,19,0.95,0.00862813258608688
Only UNet,U-Net,UNet,32,2,False,False,0.2,0.2,16,5,66,31,23,0.7419354838709677,0.01732150638513459
Only UNet,U-Net,UNet,32,2,False,False,0.2,0.2,16,5,67,46,22,0.4782608695652174,0.024366737745676898
Only UNet,U-Net,UNet,32,2,False,False,0.2,0.2,16,5,68,29,20,0.6896551724137931,-0.0007095950075123659
Only UNet,U-Net,UNet,32,2,False,False,0.2,0.2,16,5,69,50,24,0.48,0.02979351718815744
Only UNet,U-Net,UNet,32,2,False,False,0.2,0.2,16,5,70,31,22,0.7096774193548387,0.042214314830661875
Only UNet,U-Net,UNet,32,2,False,False,0.2,0.2,16,5,71,41,0,0.0,-0.1924596900185556
Only UNet,U-Net,UNet,32,2,False,False,0.2,0.2,16,5,72,38,13,0.34210526315789475,-0.044432025190491754
Only UNet,U-Net,UNet,32,2,False,False,0.2,0.2,16,5,73,44,24,0.5454545454545454,-0.002641597820788555
Only UNet,U-Net,UNet,32,2,False,False,0.2,0.2,16,5,74,37,13,0.35135135135135137,-0.003632214583077806
Only UNet,U-Net,UNet,32,2,False,False,0.2,0.2,16,5,75,29,22,0.7586206896551724,0.0373389842081794
Only UNet,U-Net,UNet,32,2,False,False,0.2,0.2,16,5,76,28,13,0.4642857142857143,-0.002207397704956109
Only UNet,U-Net,UNet,32,2,False,False,0.2,0.2,16,5,77,18,12,0.6666666666666666,-0.009031273089246714
Only UNet,U-Net,UNet,32,2,False,False,0.2,0.2,16,5,78,37,30,0.8108108108108109,-0.039910892602532395
Only UNet,U-Net,UNet,32,2,False,False,0.2,0.2,16,5,79,24,14,0.5833333333333334,0.016897318529012384
Only UNet,U-Net,UNet,32,2,False,False,0.2,0.2,16,5,80,38,25,0.6578947368421053,0.02285280308880595
Only UNet,U-Net,UNet,32,2,False,False,0.2,0.2,16,5,81,25,11,0.44,0.1345241029812922
Only UNet,U-Net,UNet,32,2,False,False,0.2,0.2,16,5,82,29,44,1.5172413793103448,-0.024642760955592227
Only UNet,U-Net,UNet,32,2,False,False,0.2,0.2,16,5,83,34,20,0.5882352941176471,8.987973574064458e-05
Only UNet,U-Net,UNet,32,2,False,False,0.2,0.2,16,5,84,21,14,0.6666666666666666,0.01247762671002207
Only UNet,U-Net,UNet,32,2,False,False,0.2,0.2,16,5,85,22,9,0.4090909090909091,0.002668608858519917
Only UNet,U-Net,UNet,32,2,False,False,0.2,0.2,16,5,86,41,19,0.4634146341463415,-0.011402187688276689
Only UNet,U-Net,UNet,32,2,False,False,0.2,0.2,16,5,87,28,23,0.8214285714285714,0.04980396262001125
Only UNet,U-Net,UNet,32,2,False,False,0.2,0.2,16,5,88,35,15,0.42857142857142855,-0.00478496765918948
Only UNet,U-Net,UNet,32,2,False,False,0.2,0.2,16,5,89,32,25,0.78125,-0.008786155316503348
Only UNet,U-Net,UNet,32,2,False,False,0.2,0.2,16,5,90,29,28,0.9655172413793104,0.026891545415663597
Only UNet,U-Net,UNet,32,2,False,False,0.2,0.2,16,5,91,19,23,1.2105263157894737,0.040204716682839606
Only UNet,U-Net,UNet,32,2,False,False,0.2,0.2,16,5,92,45,40,0.8888888888888888,0.03224325614049735
Only UNet,U-Net,UNet,32,2,False,False,0.2,0.2,16,5,93,25,7,0.28,-0.007691723525028647
Only UNet,U-Net,UNet,32,2,False,False,0.2,0.2,16,5,94,32,20,0.625,0.006394100701530482
Only UNet,U-Net,UNet,32,2,False,False,0.2,0.2,16,5,95,41,24,0.5853658536585366,-0.007511504415363808
Only UNet,U-Net,UNet,32,2,False,False,0.2,0.2,16,5,96,16,20,1.25,-0.008251006600139575
Only UNet,U-Net,UNet,32,2,False,False,0.2,0.2,16,5,97,26,24,0.9230769230769231,0.03205946293698589
Only UNet,U-Net,UNet,32,2,False,False,0.2,0.2,16,5,98,25,22,0.88,-0.0048909163253539984
Only UNet,U-Net,UNet,32,2,False,False,0.2,0.2,16,5,99,61,33,0.5409836065573771,0.034438405789648845
Only UNet,U-Net,UNet,32,2,False,False,0.2,0.2,16,6,0,33,25,0.7575757575757576,0.1051507281085984
Only UNet,U-Net,UNet,32,2,False,False,0.2,0.2,16,6,1,34,23,0.6764705882352942,0.007247802668986421
Only UNet,U-Net,UNet,32,2,False,False,0.2,0.2,16,6,2,29,31,1.0689655172413792,0.019609208415698562
Only UNet,U-Net,UNet,32,2,False,False,0.2,0.2,16,6,3,28,18,0.6428571428571429,-0.008872613293562565
Only UNet,U-Net,UNet,32,2,False,False,0.2,0.2,16,6,4,36,21,0.5833333333333334,-0.020317876080089257
Only UNet,U-Net,UNet,32,2,False,False,0.2,0.2,16,6,5,42,14,0.3333333333333333,0.013900615663743298
Only UNet,U-Net,UNet,32,2,False,False,0.2,0.2,16,6,6,28,39,1.3928571428571428,0.022763523729910615
Only UNet,U-Net,UNet,32,2,False,False,0.2,0.2,16,6,7,38,28,0.7368421052631579,0.04413730768853177
Only UNet,U-Net,UNet,32,2,False,False,0.2,0.2,16,6,8,33,12,0.36363636363636365,-0.009540108219871002
Only UNet,U-Net,UNet,32,2,False,False,0.2,0.2,16,6,9,28,34,1.2142857142857142,0.011723057809723342
Only UNet,U-Net,UNet,32,2,False,False,0.2,0.2,16,6,10,31,17,0.5483870967741935,-0.07509379540947302
Only UNet,U-Net,UNet,32,2,False,False,0.2,0.2,16,6,11,29,38,1.3103448275862069,0.010930354493580123
Only UNet,U-Net,UNet,32,2,False,False,0.2,0.2,16,6,12,29,9,0.3103448275862069,0.03671684186742127
Only UNet,U-Net,UNet,32,2,False,False,0.2,0.2,16,6,13,28,26,0.9285714285714286,-0.005373386701425988
Only UNet,U-Net,UNet,32,2,False,False,0.2,0.2,16,6,14,29,25,0.8620689655172413,-0.022536791062136595
Only UNet,U-Net,UNet,32,2,False,False,0.2,0.2,16,6,15,42,15,0.35714285714285715,0.011344888879331787
Only UNet,U-Net,UNet,32,2,False,False,0.2,0.2,16,6,16,58,21,0.3620689655172414,0.039464958290400975
Only UNet,U-Net,UNet,32,2,False,False,0.2,0.2,16,6,17,35,23,0.6571428571428571,0.0330488865302554
Only UNet,U-Net,UNet,32,2,False,False,0.2,0.2,16,6,18,17,18,1.0588235294117647,0.013859365248618815
Only UNet,U-Net,UNet,32,2,False,False,0.2,0.2,16,6,19,17,12,0.7058823529411765,0.008270106685599484
Only UNet,U-Net,UNet,32,2,False,False,0.2,0.2,16,6,20,27,22,0.8148148148148148,-0.0053362187140603996
Only UNet,U-Net,UNet,32,2,False,False,0.2,0.2,16,6,21,40,32,0.8,0.03724073143971577
Only UNet,U-Net,UNet,32,2,False,False,0.2,0.2,16,6,22,45,22,0.4888888888888889,-0.008685289340090174
Only UNet,U-Net,UNet,32,2,False,False,0.2,0.2,16,6,23,23,32,1.391304347826087,0.09094051091664457
Only UNet,U-Net,UNet,32,2,False,False,0.2,0.2,16,6,24,20,8,0.4,-0.006044589166325859
Only UNet,U-Net,UNet,32,2,False,False,0.2,0.2,16,6,25,18,14,0.7777777777777778,-0.007657652590609462
Only UNet,U-Net,UNet,32,2,False,False,0.2,0.2,16,6,26,34,16,0.47058823529411764,0.06996089527601751
Only UNet,U-Net,UNet,32,2,False,False,0.2,0.2,16,6,27,35,20,0.5714285714285714,0.02872982941231459
Only UNet,U-Net,UNet,32,2,False,False,0.2,0.2,16,6,28,33,34,1.0303030303030303,-0.016906399878188757
Only UNet,U-Net,UNet,32,2,False,False,0.2,0.2,16,6,29,40,12,0.3,-0.014472412879592698
Only UNet,U-Net,UNet,32,2,False,False,0.2,0.2,16,6,30,19,14,0.7368421052631579,0.05940089638801131
Only UNet,U-Net,UNet,32,2,False,False,0.2,0.2,16,6,31,37,15,0.40540540540540543,-0.006763681418393751
Only UNet,U-Net,UNet,32,2,False,False,0.2,0.2,16,6,32,37,10,0.2702702702702703,-0.02179355750215872
Only UNet,U-Net,UNet,32,2,False,False,0.2,0.2,16,6,33,31,11,0.3548387096774194,-0.020606427394965838
Only UNet,U-Net,UNet,32,2,False,False,0.2,0.2,16,6,34,25,40,1.6,0.05129159984432785
Only UNet,U-Net,UNet,32,2,False,False,0.2,0.2,16,6,35,25,24,0.96,-0.035668235171807054
Only UNet,U-Net,UNet,32,2,False,False,0.2,0.2,16,6,36,26,16,0.6153846153846154,-0.0197320472905939
Only UNet,U-Net,UNet,32,2,False,False,0.2,0.2,16,6,37,27,26,0.9629629629629629,0.012630435182216087
Only UNet,U-Net,UNet,32,2,False,False,0.2,0.2,16,6,38,44,85,1.9318181818181819,0.014570640891136119
Only UNet,U-Net,UNet,32,2,False,False,0.2,0.2,16,6,39,19,8,0.42105263157894735,-0.0008609836445192155
Only UNet,U-Net,UNet,32,2,False,False,0.2,0.2,16,6,40,41,31,0.7560975609756098,0.008356226523117224
Only UNet,U-Net,UNet,32,2,False,False,0.2,0.2,16,6,41,32,16,0.5,-0.02328303475562275
Only UNet,U-Net,UNet,32,2,False,False,0.2,0.2,16,6,42,32,22,0.6875,0.027859465531614912
Only UNet,U-Net,UNet,32,2,False,False,0.2,0.2,16,6,43,28,12,0.42857142857142855,-0.05231416782032676
Only UNet,U-Net,UNet,32,2,False,False,0.2,0.2,16,6,44,41,27,0.6585365853658537,0.0037829753337388157
Only UNet,U-Net,UNet,32,2,False,False,0.2,0.2,16,6,45,30,26,0.8666666666666667,0.0019284594861914087
Only UNet,U-Net,UNet,32,2,False,False,0.2,0.2,16,6,46,21,32,1.5238095238095237,-0.023301005536443365
Only UNet,U-Net,UNet,32,2,False,False,0.2,0.2,16,6,47,28,18,0.6428571428571429,0.014719379372801078
Only UNet,U-Net,UNet,32,2,False,False,0.2,0.2,16,6,48,17,57,3.3529411764705883,0.086210886724894
Only UNet,U-Net,UNet,32,2,False,False,0.2,0.2,16,6,49,20,33,1.65,0.06637442528102529
Only UNet,U-Net,UNet,32,2,False,False,0.2,0.2,16,6,50,34,22,0.6470588235294118,0.01845158475640515
Only UNet,U-Net,UNet,32,2,False,False,0.2,0.2,16,6,51,41,66,1.6097560975609757,0.016185104545701295
Only UNet,U-Net,UNet,32,2,False,False,0.2,0.2,16,6,52,46,19,0.41304347826086957,0.007528486295184263
Only UNet,U-Net,UNet,32,2,False,False,0.2,0.2,16,6,53,18,21,1.1666666666666667,0.0034133776766456353
Only UNet,U-Net,UNet,32,2,False,False,0.2,0.2,16,6,54,30,31,1.0333333333333334,-0.06513443866509103
Only UNet,U-Net,UNet,32,2,False,False,0.2,0.2,16,6,55,40,19,0.475,-0.008354044683906393
Only UNet,U-Net,UNet,32,2,False,False,0.2,0.2,16,6,56,29,22,0.7586206896551724,-0.029502257932510448
Only UNet,U-Net,UNet,32,2,False,False,0.2,0.2,16,6,57,38,18,0.47368421052631576,0.0031193294035882727
Only UNet,U-Net,UNet,32,2,False,False,0.2,0.2,16,6,58,29,9,0.3103448275862069,-0.00813541785725444
Only UNet,U-Net,UNet,32,2,False,False,0.2,0.2,16,6,59,25,9,0.36,0.07224402115526088
Only UNet,U-Net,UNet,32,2,False,False,0.2,0.2,16,6,60,35,13,0.37142857142857144,-0.021183625646479163
Only UNet,U-Net,UNet,32,2,False,False,0.2,0.2,16,6,61,18,58,3.2222222222222223,-0.004433607825897957
Only UNet,U-Net,UNet,32,2,False,False,0.2,0.2,16,6,62,24,17,0.7083333333333334,0.008905224047883667
Only UNet,U-Net,UNet,32,2,False,False,0.2,0.2,16,6,63,15,17,1.1333333333333333,0.0051600323478876746
Only UNet,U-Net,UNet,32,2,False,False,0.2,0.2,16,6,64,22,21,0.9545454545454546,-0.006195847172114107
Only UNet,U-Net,UNet,32,2,False,False,0.2,0.2,16,6,65,20,14,0.7,-0.023523814995660954
Only UNet,U-Net,UNet,32,2,False,False,0.2,0.2,16,6,66,31,9,0.2903225806451613,-0.0007642700980815242
Only UNet,U-Net,UNet,32,2,False,False,0.2,0.2,16,6,67,46,40,0.8695652173913043,0.03794936828614735
Only UNet,U-Net,UNet,32,2,False,False,0.2,0.2,16,6,68,29,13,0.4482758620689655,0.021624809377233312
Only UNet,U-Net,UNet,32,2,False,False,0.2,0.2,16,6,69,50,28,0.56,-0.00037577583749730963
Only UNet,U-Net,UNet,32,2,False,False,0.2,0.2,16,6,70,31,20,0.6451612903225806,0.0029625826478240627
Only UNet,U-Net,UNet,32,2,False,False,0.2,0.2,16,6,71,41,14,0.34146341463414637,0.04877416111424347
Only UNet,U-Net,UNet,32,2,False,False,0.2,0.2,16,6,72,38,27,0.7105263157894737,-0.012052515273247452
Only UNet,U-Net,UNet,32,2,False,False,0.2,0.2,16,6,73,44,30,0.6818181818181818,0.011652751589666681
Only UNet,U-Net,UNet,32,2,False,False,0.2,0.2,16,6,74,37,11,0.2972972972972973,0.01812361176382856
Only UNet,U-Net,UNet,32,2,False,False,0.2,0.2,16,6,75,29,38,1.3103448275862069,0.04929577668832554
Only UNet,U-Net,UNet,32,2,False,False,0.2,0.2,16,6,76,28,17,0.6071428571428571,-0.003410930557856041
Only UNet,U-Net,UNet,32,2,False,False,0.2,0.2,16,6,77,18,10,0.5555555555555556,-0.022852758006184137
Only UNet,U-Net,UNet,32,2,False,False,0.2,0.2,16,6,78,37,28,0.7567567567567568,0.06757778729994061
Only UNet,U-Net,UNet,32,2,False,False,0.2,0.2,16,6,79,24,26,1.0833333333333333,0.03595934843642694
Only UNet,U-Net,UNet,32,2,False,False,0.2,0.2,16,6,80,38,17,0.4473684210526316,0.11643244443898436
Only UNet,U-Net,UNet,32,2,False,False,0.2,0.2,16,6,81,25,21,0.84,0.03400201098529933
Only UNet,U-Net,UNet,32,2,False,False,0.2,0.2,16,6,82,29,8,0.27586206896551724,0.005822657766900903
Only UNet,U-Net,UNet,32,2,False,False,0.2,0.2,16,6,83,34,26,0.7647058823529411,0.0418292099657444
Only UNet,U-Net,UNet,32,2,False,False,0.2,0.2,16,6,84,21,14,0.6666666666666666,9.201242507762067e-05
Only UNet,U-Net,UNet,32,2,False,False,0.2,0.2,16,6,85,22,8,0.36363636363636365,0.008917128561628716
Only UNet,U-Net,UNet,32,2,False,False,0.2,0.2,16,6,86,41,15,0.36585365853658536,0.0027734280778150336
Only UNet,U-Net,UNet,32,2,False,False,0.2,0.2,16,6,87,28,22,0.7857142857142857,0.06118933930709228
Only UNet,U-Net,UNet,32,2,False,False,0.2,0.2,16,6,88,35,18,0.5142857142857142,-0.0026801606794129547
Only UNet,U-Net,UNet,32,2,False,False,0.2,0.2,16,6,89,32,37,1.15625,-0.04709784271790995
Only UNet,U-Net,UNet,32,2,False,False,0.2,0.2,16,6,90,29,31,1.0689655172413792,-0.011498519292126747
Only UNet,U-Net,UNet,32,2,False,False,0.2,0.2,16,6,91,19,13,0.6842105263157895,0.03655017063357938
Only UNet,U-Net,UNet,32,2,False,False,0.2,0.2,16,6,92,45,20,0.4444444444444444,-0.04080269964342433
Only UNet,U-Net,UNet,32,2,False,False,0.2,0.2,16,6,93,25,8,0.32,-0.007660192568280181
Only UNet,U-Net,UNet,32,2,False,False,0.2,0.2,16,6,94,32,17,0.53125,0.09117171152914345
Only UNet,U-Net,UNet,32,2,False,False,0.2,0.2,16,6,95,41,18,0.43902439024390244,-0.01798535053465628
Only UNet,U-Net,UNet,32,2,False,False,0.2,0.2,16,6,96,16,16,1.0,-0.02158624934202278
Only UNet,U-Net,UNet,32,2,False,False,0.2,0.2,16,6,97,26,47,1.8076923076923077,0.03412901867660339
Only UNet,U-Net,UNet,32,2,False,False,0.2,0.2,16,6,98,25,10,0.4,0.017082212368209167
Only UNet,U-Net,UNet,32,2,False,False,0.2,0.2,16,6,99,61,18,0.29508196721311475,0.013473225712629601
Only UNet,U-Net,UNet,32,2,False,False,0.2,0.2,16,7,0,33,18,0.5454545454545454,0.013965223341851282
Only UNet,U-Net,UNet,32,2,False,False,0.2,0.2,16,7,1,34,19,0.5588235294117647,-0.008006392499900816
Only UNet,U-Net,UNet,32,2,False,False,0.2,0.2,16,7,2,29,13,0.4482758620689655,0.011563977421034956
Only UNet,U-Net,UNet,32,2,False,False,0.2,0.2,16,7,3,28,21,0.75,0.0706593580781494
Only UNet,U-Net,UNet,32,2,False,False,0.2,0.2,16,7,4,36,16,0.4444444444444444,-0.0007274323862898859
Only UNet,U-Net,UNet,32,2,False,False,0.2,0.2,16,7,5,42,14,0.3333333333333333,-0.004819282320240542
Only UNet,U-Net,UNet,32,2,False,False,0.2,0.2,16,7,6,28,38,1.3571428571428572,0.013725848844491847
Only UNet,U-Net,UNet,32,2,False,False,0.2,0.2,16,7,7,38,30,0.7894736842105263,0.0010979242165075087
Only UNet,U-Net,UNet,32,2,False,False,0.2,0.2,16,7,8,33,16,0.48484848484848486,0.020025566073792397
Only UNet,U-Net,UNet,32,2,False,False,0.2,0.2,16,7,9,28,11,0.39285714285714285,0.08217482649559539
Only UNet,U-Net,UNet,32,2,False,False,0.2,0.2,16,7,10,31,15,0.4838709677419355,-0.08242965239114138
Only UNet,U-Net,UNet,32,2,False,False,0.2,0.2,16,7,11,29,22,0.7586206896551724,0.031962799883492383
Only UNet,U-Net,UNet,32,2,False,False,0.2,0.2,16,7,12,29,12,0.41379310344827586,0.04869558824056839
Only UNet,U-Net,UNet,32,2,False,False,0.2,0.2,16,7,13,28,26,0.9285714285714286,-0.031829832623939514
Only UNet,U-Net,UNet,32,2,False,False,0.2,0.2,16,7,14,29,8,0.27586206896551724,-0.037421635453698164
Only UNet,U-Net,UNet,32,2,False,False,0.2,0.2,16,7,15,42,23,0.5476190476190477,0.013782719472763572
Only UNet,U-Net,UNet,32,2,False,False,0.2,0.2,16,7,16,58,17,0.29310344827586204,0.03188966292398822
Only UNet,U-Net,UNet,32,2,False,False,0.2,0.2,16,7,17,35,10,0.2857142857142857,0.022920909971967565
Only UNet,U-Net,UNet,32,2,False,False,0.2,0.2,16,7,18,17,10,0.5882352941176471,-0.003563956575075933
Only UNet,U-Net,UNet,32,2,False,False,0.2,0.2,16,7,19,17,29,1.7058823529411764,0.0026622520394272388
Only UNet,U-Net,UNet,32,2,False,False,0.2,0.2,16,7,20,27,19,0.7037037037037037,-0.012240749377739241
Only UNet,U-Net,UNet,32,2,False,False,0.2,0.2,16,7,21,40,28,0.7,0.01896818066905482
Only UNet,U-Net,UNet,32,2,False,False,0.2,0.2,16,7,22,45,23,0.5111111111111111,-0.021035638864573655
Only UNet,U-Net,UNet,32,2,False,False,0.2,0.2,16,7,23,23,25,1.0869565217391304,-0.02088217095377
Only UNet,U-Net,UNet,32,2,False,False,0.2,0.2,16,7,24,20,15,0.75,-0.008663732575833983
Only UNet,U-Net,UNet,32,2,False,False,0.2,0.2,16,7,25,18,21,1.1666666666666667,0.007799225250464459
Only UNet,U-Net,UNet,32,2,False,False,0.2,0.2,16,7,26,34,8,0.23529411764705882,0.047726470362991325
Only UNet,U-Net,UNet,32,2,False,False,0.2,0.2,16,7,27,35,15,0.42857142857142855,0.028869971871462244
Only UNet,U-Net,UNet,32,2,False,False,0.2,0.2,16,7,28,33,36,1.0909090909090908,-0.006733521945218585
Only UNet,U-Net,UNet,32,2,False,False,0.2,0.2,16,7,29,40,25,0.625,-0.013909461880031091
Only UNet,U-Net,UNet,32,2,False,False,0.2,0.2,16,7,30,19,8,0.42105263157894735,0.041632666313217236
Only UNet,U-Net,UNet,32,2,False,False,0.2,0.2,16,7,31,37,15,0.40540540540540543,0.018299120940128023
Only UNet,U-Net,UNet,32,2,False,False,0.2,0.2,16,7,32,37,12,0.32432432432432434,-0.015070468593469168
Only UNet,U-Net,UNet,32,2,False,False,0.2,0.2,16,7,33,31,18,0.5806451612903226,0.004771187026445765
Only UNet,U-Net,UNet,32,2,False,False,0.2,0.2,16,7,34,25,15,0.6,0.06453181008376623
Only UNet,U-Net,UNet,32,2,False,False,0.2,0.2,16,7,35,25,18,0.72,-0.022684831161477348
Only UNet,U-Net,UNet,32,2,False,False,0.2,0.2,16,7,36,26,16,0.6153846153846154,-0.02283141222454028
Only UNet,U-Net,UNet,32,2,False,False,0.2,0.2,16,7,37,27,16,0.5925925925925926,0.05767078354040248
Only UNet,U-Net,UNet,32,2,False,False,0.2,0.2,16,7,38,44,10,0.22727272727272727,0.0046195564857260795
Only UNet,U-Net,UNet,32,2,False,False,0.2,0.2,16,7,39,19,11,0.5789473684210527,-0.004473083449988805
Only UNet,U-Net,UNet,32,2,False,False,0.2,0.2,16,7,40,41,30,0.7317073170731707,0.025692824685607164
Only UNet,U-Net,UNet,32,2,False,False,0.2,0.2,16,7,41,32,42,1.3125,0.017007150102994244
Only UNet,U-Net,UNet,32,2,False,False,0.2,0.2,16,7,42,32,13,0.40625,-0.009575871662087811
Only UNet,U-Net,UNet,32,2,False,False,0.2,0.2,16,7,43,28,15,0.5357142857142857,-0.043791483398115366
Only UNet,U-Net,UNet,32,2,False,False,0.2,0.2,16,7,44,41,21,0.5121951219512195,0.038004470979666506
Only UNet,U-Net,UNet,32,2,False,False,0.2,0.2,16,7,45,30,20,0.6666666666666666,0.0011422495927889268
Only UNet,U-Net,UNet,32,2,False,False,0.2,0.2,16,7,46,21,14,0.6666666666666666,-0.034002793676268475
Only UNet,U-Net,UNet,32,2,False,False,0.2,0.2,16,7,47,28,30,1.0714285714285714,0.027321808773518624
Only UNet,U-Net,UNet,32,2,False,False,0.2,0.2,16,7,48,17,43,2.5294117647058822,0.031427236099818116
Only UNet,U-Net,UNet,32,2,False,False,0.2,0.2,16,7,49,20,27,1.35,0.04734523340651745
Only UNet,U-Net,UNet,32,2,False,False,0.2,0.2,16,7,50,34,16,0.47058823529411764,-0.0027488778776398087
Only UNet,U-Net,UNet,32,2,False,False,0.2,0.2,16,7,51,41,28,0.6829268292682927,0.04041170488872816
Only UNet,U-Net,UNet,32,2,False,False,0.2,0.2,16,7,52,46,15,0.32608695652173914,0.02797924212647883
Only UNet,U-Net,UNet,32,2,False,False,0.2,0.2,16,7,53,18,9,0.5,0.0026040996926798418
Only UNet,U-Net,UNet,32,2,False,False,0.2,0.2,16,7,54,30,19,0.6333333333333333,-0.0601865659085175
Only UNet,U-Net,UNet,32,2,False,False,0.2,0.2,16,7,55,40,30,0.75,0.05170409458915326
Only UNet,U-Net,UNet,32,2,False,False,0.2,0.2,16,7,56,29,39,1.3448275862068966,-0.00309960227907676
Only UNet,U-Net,UNet,32,2,False,False,0.2,0.2,16,7,57,38,24,0.631578947368421,0.01059767779899011
Only UNet,U-Net,UNet,32,2,False,False,0.2,0.2,16,7,58,29,20,0.6896551724137931,-0.01415894725058331
Only UNet,U-Net,UNet,32,2,False,False,0.2,0.2,16,7,59,25,28,1.12,0.07047026429024325
Only UNet,U-Net,UNet,32,2,False,False,0.2,0.2,16,7,60,35,20,0.5714285714285714,-0.015070999490283017
Only UNet,U-Net,UNet,32,2,False,False,0.2,0.2,16,7,61,18,58,3.2222222222222223,0.0019727477660153943
Only UNet,U-Net,UNet,32,2,False,False,0.2,0.2,16,7,62,24,17,0.7083333333333334,-0.02090757894872663
Only UNet,U-Net,UNet,32,2,False,False,0.2,0.2,16,7,63,15,14,0.9333333333333333,0.011385675872661613
Only UNet,U-Net,UNet,32,2,False,False,0.2,0.2,16,7,64,22,11,0.5,-0.005965227709988376
Only UNet,U-Net,UNet,32,2,False,False,0.2,0.2,16,7,65,20,10,0.5,-0.046366970758295684
Only UNet,U-Net,UNet,32,2,False,False,0.2,0.2,16,7,66,31,12,0.3870967741935484,-0.0001613913902605208
Only UNet,U-Net,UNet,32,2,False,False,0.2,0.2,16,7,67,46,23,0.5,0.017156715945542543
Only UNet,U-Net,UNet,32,2,False,False,0.2,0.2,16,7,68,29,14,0.4827586206896552,0.020026785664042496
Only UNet,U-Net,UNet,32,2,False,False,0.2,0.2,16,7,69,50,23,0.46,0.04179475296972141
Only UNet,U-Net,UNet,32,2,False,False,0.2,0.2,16,7,70,31,28,0.9032258064516129,-0.0008226980806255713
Only UNet,U-Net,UNet,32,2,False,False,0.2,0.2,16,7,71,41,19,0.4634146341463415,-0.0005206738666336169
Only UNet,U-Net,UNet,32,2,False,False,0.2,0.2,16,7,72,38,28,0.7368421052631579,-0.0022055926328190876
Only UNet,U-Net,UNet,32,2,False,False,0.2,0.2,16,7,73,44,18,0.4090909090909091,-0.00729492653936807
Only UNet,U-Net,UNet,32,2,False,False,0.2,0.2,16,7,74,37,9,0.24324324324324326,-0.0003204620628817522
Only UNet,U-Net,UNet,32,2,False,False,0.2,0.2,16,7,75,29,15,0.5172413793103449,0.02532897573901411
Only UNet,U-Net,UNet,32,2,False,False,0.2,0.2,16,7,76,28,17,0.6071428571428571,0.005357555444886714
Only UNet,U-Net,UNet,32,2,False,False,0.2,0.2,16,7,77,18,8,0.4444444444444444,-0.0023699291809636557
Only UNet,U-Net,UNet,32,2,False,False,0.2,0.2,16,7,78,37,30,0.8108108108108109,-0.0244603481269321
Only UNet,U-Net,UNet,32,2,False,False,0.2,0.2,16,7,79,24,17,0.7083333333333334,0.003002696543430369
Only UNet,U-Net,UNet,32,2,False,False,0.2,0.2,16,7,80,38,14,0.3684210526315789,0.0796335407472965
Only UNet,U-Net,UNet,32,2,False,False,0.2,0.2,16,7,81,25,23,0.92,-0.0013694064254708483
Only UNet,U-Net,UNet,32,2,False,False,0.2,0.2,16,7,82,29,17,0.5862068965517241,0.004023596783351464
Only UNet,U-Net,UNet,32,2,False,False,0.2,0.2,16,7,83,34,14,0.4117647058823529,0.012282917267750871
Only UNet,U-Net,UNet,32,2,False,False,0.2,0.2,16,7,84,21,19,0.9047619047619048,-0.0015539074833097394
Only UNet,U-Net,UNet,32,2,False,False,0.2,0.2,16,7,85,22,8,0.36363636363636365,0.01943726388007854
Only UNet,U-Net,UNet,32,2,False,False,0.2,0.2,16,7,86,41,37,0.9024390243902439,0.008753175874788497
Only UNet,U-Net,UNet,32,2,False,False,0.2,0.2,16,7,87,28,22,0.7857142857142857,0.05091172276947818
Only UNet,U-Net,UNet,32,2,False,False,0.2,0.2,16,7,88,35,13,0.37142857142857144,-0.0460577781001318
Only UNet,U-Net,UNet,32,2,False,False,0.2,0.2,16,7,89,32,25,0.78125,-0.041009354868520385
Only UNet,U-Net,UNet,32,2,False,False,0.2,0.2,16,7,90,29,13,0.4482758620689655,0.016732134944007552
Only UNet,U-Net,UNet,32,2,False,False,0.2,0.2,16,7,91,19,37,1.9473684210526316,0.03071727160722658
Only UNet,U-Net,UNet,32,2,False,False,0.2,0.2,16,7,92,45,20,0.4444444444444444,-0.06681914404198352
Only UNet,U-Net,UNet,32,2,False,False,0.2,0.2,16,7,93,25,8,0.32,-0.002127495001322822
Only UNet,U-Net,UNet,32,2,False,False,0.2,0.2,16,7,94,32,43,1.34375,0.15296952695112528
Only UNet,U-Net,UNet,32,2,False,False,0.2,0.2,16,7,95,41,21,0.5121951219512195,0.012062809682400857
Only UNet,U-Net,UNet,32,2,False,False,0.2,0.2,16,7,96,16,25,1.5625,0.0005925559377718787
Only UNet,U-Net,UNet,32,2,False,False,0.2,0.2,16,7,97,26,9,0.34615384615384615,0.003845889002779947
Only UNet,U-Net,UNet,32,2,False,False,0.2,0.2,16,7,98,25,13,0.52,0.04437366600725705
Only UNet,U-Net,UNet,32,2,False,False,0.2,0.2,16,7,99,61,27,0.4426229508196721,0.031089907483932384
Only UNet,U-Net,UNet,32,2,False,False,0.2,0.2,16,8,0,33,16,0.48484848484848486,0.07061417974845904
Only UNet,U-Net,UNet,32,2,False,False,0.2,0.2,16,8,1,34,14,0.4117647058823529,0.004349321025770401
Only UNet,U-Net,UNet,32,2,False,False,0.2,0.2,16,8,2,29,18,0.6206896551724138,0.20672055011593135
Only UNet,U-Net,UNet,32,2,False,False,0.2,0.2,16,8,3,28,19,0.6785714285714286,0.009113414477469146
Only UNet,U-Net,UNet,32,2,False,False,0.2,0.2,16,8,4,36,35,0.9722222222222222,-0.030855028730268595
Only UNet,U-Net,UNet,32,2,False,False,0.2,0.2,16,8,5,42,10,0.23809523809523808,-0.0068596937128941726
Only UNet,U-Net,UNet,32,2,False,False,0.2,0.2,16,8,6,28,28,1.0,0.017711624786757058
Only UNet,U-Net,UNet,32,2,False,False,0.2,0.2,16,8,7,38,9,0.23684210526315788,0.0183697993666537
Only UNet,U-Net,UNet,32,2,False,False,0.2,0.2,16,8,8,33,13,0.3939393939393939,0.005758133039998542
Only UNet,U-Net,UNet,32,2,False,False,0.2,0.2,16,8,9,28,12,0.42857142857142855,0.04266812310172506
Only UNet,U-Net,UNet,32,2,False,False,0.2,0.2,16,8,10,31,42,1.3548387096774193,-0.036363758749540384
Only UNet,U-Net,UNet,32,2,False,False,0.2,0.2,16,8,11,29,12,0.41379310344827586,0.043349923695513416
Only UNet,U-Net,UNet,32,2,False,False,0.2,0.2,16,8,12,29,13,0.4482758620689655,0.03314262094590475
Only UNet,U-Net,UNet,32,2,False,False,0.2,0.2,16,8,13,28,23,0.8214285714285714,-0.012545119174866837
Only UNet,U-Net,UNet,32,2,False,False,0.2,0.2,16,8,14,29,15,0.5172413793103449,0.010781278804258429
Only UNet,U-Net,UNet,32,2,False,False,0.2,0.2,16,8,15,42,12,0.2857142857142857,0.00278130897446231
Only UNet,U-Net,UNet,32,2,False,False,0.2,0.2,16,8,16,58,19,0.3275862068965517,0.05998049901452948
Only UNet,U-Net,UNet,32,2,False,False,0.2,0.2,16,8,17,35,18,0.5142857142857142,0.046184863305239715
Only UNet,U-Net,UNet,32,2,False,False,0.2,0.2,16,8,18,17,12,0.7058823529411765,0.005522967999676495
Only UNet,U-Net,UNet,32,2,False,False,0.2,0.2,16,8,19,17,63,3.7058823529411766,0.02853709190274117
Only UNet,U-Net,UNet,32,2,False,False,0.2,0.2,16,8,20,27,22,0.8148148148148148,-0.012490087589042369
Only UNet,U-Net,UNet,32,2,False,False,0.2,0.2,16,8,21,40,19,0.475,-0.012840204546875133
Only UNet,U-Net,UNet,32,2,False,False,0.2,0.2,16,8,22,45,9,0.2,0.0010414745204309441
Only UNet,U-Net,UNet,32,2,False,False,0.2,0.2,16,8,23,23,11,0.4782608695652174,-0.013983102036005775
Only UNet,U-Net,UNet,32,2,False,False,0.2,0.2,16,8,24,20,12,0.6,-0.004892491173159755
Only UNet,U-Net,UNet,32,2,False,False,0.2,0.2,16,8,25,18,13,0.7222222222222222,0.008833601134831049
Only UNet,U-Net,UNet,32,2,False,False,0.2,0.2,16,8,26,34,14,0.4117647058823529,0.0005858714179392358
Only UNet,U-Net,UNet,32,2,False,False,0.2,0.2,16,8,27,35,9,0.2571428571428571,0.16781938333566251
Only UNet,U-Net,UNet,32,2,False,False,0.2,0.2,16,8,28,33,39,1.1818181818181819,-0.005868161758774917
Only UNet,U-Net,UNet,32,2,False,False,0.2,0.2,16,8,29,40,16,0.4,-0.02728026252444105
Only UNet,U-Net,UNet,32,2,False,False,0.2,0.2,16,8,30,19,6,0.3157894736842105,0.042966787461005955
Only UNet,U-Net,UNet,32,2,False,False,0.2,0.2,16,8,31,37,12,0.32432432432432434,-0.00573855810560055
Only UNet,U-Net,UNet,32,2,False,False,0.2,0.2,16,8,32,37,12,0.32432432432432434,-0.03850079069041988
Only UNet,U-Net,UNet,32,2,False,False,0.2,0.2,16,8,33,31,8,0.25806451612903225,-0.023307914178146268
Only UNet,U-Net,UNet,32,2,False,False,0.2,0.2,16,8,34,25,13,0.52,0.08328605047430214
Only UNet,U-Net,UNet,32,2,False,False,0.2,0.2,16,8,35,25,18,0.72,0.0177921478407363
Only UNet,U-Net,UNet,32,2,False,False,0.2,0.2,16,8,36,26,22,0.8461538461538461,-0.010615379233644322
Only UNet,U-Net,UNet,32,2,False,False,0.2,0.2,16,8,37,27,18,0.6666666666666666,-0.019324452035829026
Only UNet,U-Net,UNet,32,2,False,False,0.2,0.2,16,8,38,44,38,0.8636363636363636,-0.0006251237270856314
Only UNet,U-Net,UNet,32,2,False,False,0.2,0.2,16,8,39,19,9,0.47368421052631576,-0.003745529950638519
Only UNet,U-Net,UNet,32,2,False,False,0.2,0.2,16,8,40,41,40,0.975609756097561,0.05198277118443696
Only UNet,U-Net,UNet,32,2,False,False,0.2,0.2,16,8,41,32,11,0.34375,0.029702913269757818
Only UNet,U-Net,UNet,32,2,False,False,0.2,0.2,16,8,42,32,42,1.3125,0.026657641945939795
Only UNet,U-Net,UNet,32,2,False,False,0.2,0.2,16,8,43,28,12,0.42857142857142855,-0.03146827866481906
Only UNet,U-Net,UNet,32,2,False,False,0.2,0.2,16,8,44,41,12,0.2926829268292683,-0.004152046098006017
Only UNet,U-Net,UNet,32,2,False,False,0.2,0.2,16,8,45,30,28,0.9333333333333333,0.002494411147349131
Only UNet,U-Net,UNet,32,2,False,False,0.2,0.2,16,8,46,21,22,1.0476190476190477,0.013741226314129619
Only UNet,U-Net,UNet,32,2,False,False,0.2,0.2,16,8,47,28,25,0.8928571428571429,0.028735958282910045
Only UNet,U-Net,UNet,32,2,False,False,0.2,0.2,16,8,48,17,58,3.411764705882353,0.08724493585699991
Only UNet,U-Net,UNet,32,2,False,False,0.2,0.2,16,8,49,20,17,0.85,0.05256644064498737
Only UNet,U-Net,UNet,32,2,False,False,0.2,0.2,16,8,50,34,22,0.6470588235294118,0.02919228650388129
Only UNet,U-Net,UNet,32,2,False,False,0.2,0.2,16,8,51,41,8,0.1951219512195122,0.06274931653945263
Only UNet,U-Net,UNet,32,2,False,False,0.2,0.2,16,8,52,46,11,0.2391304347826087,0.08327527047977573
Only UNet,U-Net,UNet,32,2,False,False,0.2,0.2,16,8,53,18,15,0.8333333333333334,0.010041170976627028
Only UNet,U-Net,UNet,32,2,False,False,0.2,0.2,16,8,54,30,15,0.5,-0.018270486203413497
Only UNet,U-Net,UNet,32,2,False,False,0.2,0.2,16,8,55,40,23,0.575,0.011266298014276553
Only UNet,U-Net,UNet,32,2,False,False,0.2,0.2,16,8,56,29,44,1.5172413793103448,-0.0653219835074853
Only UNet,U-Net,UNet,32,2,False,False,0.2,0.2,16,8,57,38,16,0.42105263157894735,0.029056009305828207
Only UNet,U-Net,UNet,32,2,False,False,0.2,0.2,16,8,58,29,13,0.4482758620689655,-0.004778511253300958
Only UNet,U-Net,UNet,32,2,False,False,0.2,0.2,16,8,59,25,15,0.6,0.024878692151819665
Only UNet,U-Net,UNet,32,2,False,False,0.2,0.2,16,8,60,35,19,0.5428571428571428,-0.023548576542196338
Only UNet,U-Net,UNet,32,2,False,False,0.2,0.2,16,8,61,18,67,3.7222222222222223,-0.01705546065199933
Only UNet,U-Net,UNet,32,2,False,False,0.2,0.2,16,8,62,24,25,1.0416666666666667,-0.02397695810015333
Only UNet,U-Net,UNet,32,2,False,False,0.2,0.2,16,8,63,15,11,0.7333333333333333,0.014352987641094564
Only UNet,U-Net,UNet,32,2,False,False,0.2,0.2,16,8,64,22,13,0.5909090909090909,0.0017070633247675993
Only UNet,U-Net,UNet,32,2,False,False,0.2,0.2,16,8,65,20,9,0.45,-0.04851610554784502
Only UNet,U-Net,UNet,32,2,False,False,0.2,0.2,16,8,66,31,17,0.5483870967741935,-0.024961985310576678
Only UNet,U-Net,UNet,32,2,False,False,0.2,0.2,16,8,67,46,29,0.6304347826086957,0.01560729334622874
Only UNet,U-Net,UNet,32,2,False,False,0.2,0.2,16,8,68,29,26,0.896551724137931,0.03749272679185401
Only UNet,U-Net,UNet,32,2,False,False,0.2,0.2,16,8,69,50,26,0.52,0.03772126274642111
Only UNet,U-Net,UNet,32,2,False,False,0.2,0.2,16,8,70,31,20,0.6451612903225806,0.02279670777773838
Only UNet,U-Net,UNet,32,2,False,False,0.2,0.2,16,8,71,41,19,0.4634146341463415,-0.05181287999259871
Only UNet,U-Net,UNet,32,2,False,False,0.2,0.2,16,8,72,38,32,0.8421052631578947,-0.011653626086596895
Only UNet,U-Net,UNet,32,2,False,False,0.2,0.2,16,8,73,44,12,0.2727272727272727,0.009711587138672569
Only UNet,U-Net,UNet,32,2,False,False,0.2,0.2,16,8,74,37,9,0.24324324324324326,0.04300936983924498
Only UNet,U-Net,UNet,32,2,False,False,0.2,0.2,16,8,75,29,13,0.4482758620689655,0.03895951248359214
Only UNet,U-Net,UNet,32,2,False,False,0.2,0.2,16,8,76,28,32,1.1428571428571428,0.01100472341341011
Only UNet,U-Net,UNet,32,2,False,False,0.2,0.2,16,8,77,18,10,0.5555555555555556,-0.0135634234049
Only UNet,U-Net,UNet,32,2,False,False,0.2,0.2,16,8,78,37,37,1.0,-0.024592906656910628
Only UNet,U-Net,UNet,32,2,False,False,0.2,0.2,16,8,79,24,22,0.9166666666666666,0.017449535699140244
Only UNet,U-Net,UNet,32,2,False,False,0.2,0.2,16,8,80,38,14,0.3684210526315789,0.14896289211446861
Only UNet,U-Net,UNet,32,2,False,False,0.2,0.2,16,8,81,25,11,0.44,0.09753195235289175
Only UNet,U-Net,UNet,32,2,False,False,0.2,0.2,16,8,82,29,10,0.3448275862068966,-0.019460781283975777
Only UNet,U-Net,UNet,32,2,False,False,0.2,0.2,16,8,83,34,18,0.5294117647058824,-0.0032670314016518473
Only UNet,U-Net,UNet,32,2,False,False,0.2,0.2,16,8,84,21,11,0.5238095238095238,-0.002251161772783714
Only UNet,U-Net,UNet,32,2,False,False,0.2,0.2,16,8,85,22,19,0.8636363636363636,0.011432178114401788
Only UNet,U-Net,UNet,32,2,False,False,0.2,0.2,16,8,86,41,22,0.5365853658536586,0.040432364333006614
Only UNet,U-Net,UNet,32,2,False,False,0.2,0.2,16,8,87,28,10,0.35714285714285715,0.027864749805497174
Only UNet,U-Net,UNet,32,2,False,False,0.2,0.2,16,8,88,35,15,0.42857142857142855,-0.015468893369288268
Only UNet,U-Net,UNet,32,2,False,False,0.2,0.2,16,8,89,32,26,0.8125,-0.017139683144576406
Only UNet,U-Net,UNet,32,2,False,False,0.2,0.2,16,8,90,29,14,0.4827586206896552,0.021852412553121696
Only UNet,U-Net,UNet,32,2,False,False,0.2,0.2,16,8,91,19,59,3.1052631578947367,-0.011748836093635858
Only UNet,U-Net,UNet,32,2,False,False,0.2,0.2,16,8,92,45,16,0.35555555555555557,-0.018079868426921244
Only UNet,U-Net,UNet,32,2,False,False,0.2,0.2,16,8,93,25,7,0.28,0.0014623888824098715
Only UNet,U-Net,UNet,32,2,False,False,0.2,0.2,16,8,94,32,11,0.34375,0.10191607594171107
Only UNet,U-Net,UNet,32,2,False,False,0.2,0.2,16,8,95,41,26,0.6341463414634146,0.002023828469067186
Only UNet,U-Net,UNet,32,2,False,False,0.2,0.2,16,8,96,16,27,1.6875,-0.0035777635162112433
Only UNet,U-Net,UNet,32,2,False,False,0.2,0.2,16,8,97,26,20,0.7692307692307693,0.009496363246459158
Only UNet,U-Net,UNet,32,2,False,False,0.2,0.2,16,8,98,25,15,0.6,0.007863569044684736
Only UNet,U-Net,UNet,32,2,False,False,0.2,0.2,16,8,99,61,10,0.16393442622950818,0.011981219513900859
Only UNet,U-Net,UNet,32,2,False,False,0.2,0.2,16,9,0,33,21,0.6363636363636364,0.044723368376924345
Only UNet,U-Net,UNet,32,2,False,False,0.2,0.2,16,9,1,34,17,0.5,0.04171640976581228
Only UNet,U-Net,UNet,32,2,False,False,0.2,0.2,16,9,2,29,31,1.0689655172413792,0.0017553094150744956
Only UNet,U-Net,UNet,32,2,False,False,0.2,0.2,16,9,3,28,15,0.5357142857142857,-0.02092223870422836
Only UNet,U-Net,UNet,32,2,False,False,0.2,0.2,16,9,4,36,32,0.8888888888888888,0.01807050728591118
Only UNet,U-Net,UNet,32,2,False,False,0.2,0.2,16,9,5,42,14,0.3333333333333333,-0.014220611000986623
Only UNet,U-Net,UNet,32,2,False,False,0.2,0.2,16,9,6,28,13,0.4642857142857143,-0.015094796479100225
Only UNet,U-Net,UNet,32,2,False,False,0.2,0.2,16,9,7,38,17,0.4473684210526316,0.024752804511430224
Only UNet,U-Net,UNet,32,2,False,False,0.2,0.2,16,9,8,33,15,0.45454545454545453,0.0039035316656952142
Only UNet,U-Net,UNet,32,2,False,False,0.2,0.2,16,9,9,28,12,0.42857142857142855,0.042880005334815605
Only UNet,U-Net,UNet,32,2,False,False,0.2,0.2,16,9,10,31,21,0.6774193548387096,-0.08036106289403959
Only UNet,U-Net,UNet,32,2,False,False,0.2,0.2,16,9,11,29,41,1.4137931034482758,-0.00024486799090386874
Only UNet,U-Net,UNet,32,2,False,False,0.2,0.2,16,9,12,29,11,0.3793103448275862,0.042465560588617154
Only UNet,U-Net,UNet,32,2,False,False,0.2,0.2,16,9,13,28,20,0.7142857142857143,-0.03820203882896532
Only UNet,U-Net,UNet,32,2,False,False,0.2,0.2,16,9,14,29,30,1.0344827586206897,-0.026125169999809295
Only UNet,U-Net,UNet,32,2,False,False,0.2,0.2,16,9,15,42,31,0.7380952380952381,0.024497296659174845
Only UNet,U-Net,UNet,32,2,False,False,0.2,0.2,16,9,16,58,70,1.206896551724138,0.0029977175585796947
Only UNet,U-Net,UNet,32,2,False,False,0.2,0.2,16,9,17,35,13,0.37142857142857144,0.02149304766939459
Only UNet,U-Net,UNet,32,2,False,False,0.2,0.2,16,9,18,17,11,0.6470588235294118,-0.01791556712006406
Only UNet,U-Net,UNet,32,2,False,False,0.2,0.2,16,9,19,17,14,0.8235294117647058,0.05971056732177866
Only UNet,U-Net,UNet,32,2,False,False,0.2,0.2,16,9,20,27,9,0.3333333333333333,0.025295128708151846
Only UNet,U-Net,UNet,32,2,False,False,0.2,0.2,16,9,21,40,23,0.575,-0.030491057099164755
Only UNet,U-Net,UNet,32,2,False,False,0.2,0.2,16,9,22,45,15,0.3333333333333333,-0.012583104993733937
Only UNet,U-Net,UNet,32,2,False,False,0.2,0.2,16,9,23,23,22,0.9565217391304348,0.005798270426353163
Only UNet,U-Net,UNet,32,2,False,False,0.2,0.2,16,9,24,20,20,1.0,0.0845386306566312
Only UNet,U-Net,UNet,32,2,False,False,0.2,0.2,16,9,25,18,18,1.0,-0.005044589837436399
Only UNet,U-Net,UNet,32,2,False,False,0.2,0.2,16,9,26,34,15,0.4411764705882353,0.01460031406122226
Only UNet,U-Net,UNet,32,2,False,False,0.2,0.2,16,9,27,35,11,0.3142857142857143,0.08832116993707424
Only UNet,U-Net,UNet,32,2,False,False,0.2,0.2,16,9,28,33,35,1.0606060606060606,-0.00339941363242077
Only UNet,U-Net,UNet,32,2,False,False,0.2,0.2,16,9,29,40,15,0.375,0.026129818618499084
Only UNet,U-Net,UNet,32,2,False,False,0.2,0.2,16,9,30,19,10,0.5263157894736842,0.014816808485153113
Only UNet,U-Net,UNet,32,2,False,False,0.2,0.2,16,9,31,37,25,0.6756756756756757,-0.02238275510934983
Only UNet,U-Net,UNet,32,2,False,False,0.2,0.2,16,9,32,37,17,0.4594594594594595,-0.021550866885494038
Only UNet,U-Net,UNet,32,2,False,False,0.2,0.2,16,9,33,31,12,0.3870967741935484,-0.011089238985921505
Only UNet,U-Net,UNet,32,2,False,False,0.2,0.2,16,9,34,25,27,1.08,0.09760513660029017
Only UNet,U-Net,UNet,32,2,False,False,0.2,0.2,16,9,35,25,25,1.0,-0.011259661214659185
Only UNet,U-Net,UNet,32,2,False,False,0.2,0.2,16,9,36,26,21,0.8076923076923077,-0.051525609528660976
Only UNet,U-Net,UNet,32,2,False,False,0.2,0.2,16,9,37,27,10,0.37037037037037035,0.10282667552112071
Only UNet,U-Net,UNet,32,2,False,False,0.2,0.2,16,9,38,44,40,0.9090909090909091,0.007596309388158467
Only UNet,U-Net,UNet,32,2,False,False,0.2,0.2,16,9,39,19,11,0.5789473684210527,0.0009597484566254379
Only UNet,U-Net,UNet,32,2,False,False,0.2,0.2,16,9,40,41,30,0.7317073170731707,0.0283548374632188
Only UNet,U-Net,UNet,32,2,False,False,0.2,0.2,16,9,41,32,27,0.84375,0.043346507249774846
Only UNet,U-Net,UNet,32,2,False,False,0.2,0.2,16,9,42,32,18,0.5625,0.019139947815280944
Only UNet,U-Net,UNet,32,2,False,False,0.2,0.2,16,9,43,28,22,0.7857142857142857,-0.01586066759046914
Only UNet,U-Net,UNet,32,2,False,False,0.2,0.2,16,9,44,41,41,1.0,-0.03697446615562948
Only UNet,U-Net,UNet,32,2,False,False,0.2,0.2,16,9,45,30,12,0.4,0.01633985429251296
Only UNet,U-Net,UNet,32,2,False,False,0.2,0.2,16,9,46,21,14,0.6666666666666666,-0.04338424911756647
Only UNet,U-Net,UNet,32,2,False,False,0.2,0.2,16,9,47,28,11,0.39285714285714285,0.025082186620931743
Only UNet,U-Net,UNet,32,2,False,False,0.2,0.2,16,9,48,17,18,1.0588235294117647,0.036823987760713696
Only UNet,U-Net,UNet,32,2,False,False,0.2,0.2,16,9,49,20,27,1.35,0.07383979980111809
Only UNet,U-Net,UNet,32,2,False,False,0.2,0.2,16,9,50,34,37,1.088235294117647,-0.002059307240611614
Only UNet,U-Net,UNet,32,2,False,False,0.2,0.2,16,9,51,41,50,1.2195121951219512,0.06691082290324879
Only UNet,U-Net,UNet,32,2,False,False,0.2,0.2,16,9,52,46,32,0.6956521739130435,0.08434340570560313
Only UNet,U-Net,UNet,32,2,False,False,0.2,0.2,16,9,53,18,8,0.4444444444444444,-0.0004851504674869615
Only UNet,U-Net,UNet,32,2,False,False,0.2,0.2,16,9,54,30,24,0.8,-0.05755042462608743
Only UNet,U-Net,UNet,32,2,False,False,0.2,0.2,16,9,55,40,15,0.375,0.05574254882818992
Only UNet,U-Net,UNet,32,2,False,False,0.2,0.2,16,9,56,29,24,0.8275862068965517,-0.028731658569410623
Only UNet,U-Net,UNet,32,2,False,False,0.2,0.2,16,9,57,38,42,1.105263157894737,0.01031673877658675
Only UNet,U-Net,UNet,32,2,False,False,0.2,0.2,16,9,58,29,15,0.5172413793103449,0.014014876948193358
Only UNet,U-Net,UNet,32,2,False,False,0.2,0.2,16,9,59,25,39,1.56,0.05358688351248074
Only UNet,U-Net,UNet,32,2,False,False,0.2,0.2,16,9,60,35,12,0.34285714285714286,0.03246874803449038
Only UNet,U-Net,UNet,32,2,False,False,0.2,0.2,16,9,61,18,37,2.0555555555555554,0.016319636744680628
Only UNet,U-Net,UNet,32,2,False,False,0.2,0.2,16,9,62,24,14,0.5833333333333334,-0.02363492605912423
Only UNet,U-Net,UNet,32,2,False,False,0.2,0.2,16,9,63,15,24,1.6,0.013625392912790503
Only UNet,U-Net,UNet,32,2,False,False,0.2,0.2,16,9,64,22,16,0.7272727272727273,-0.013258775591317242
Only UNet,U-Net,UNet,32,2,False,False,0.2,0.2,16,9,65,20,8,0.4,-0.04211182457973901
Only UNet,U-Net,UNet,32,2,False,False,0.2,0.2,16,9,66,31,11,0.3548387096774194,-0.007969577021234195
Only UNet,U-Net,UNet,32,2,False,False,0.2,0.2,16,9,67,46,5,0.10869565217391304,0.03484907677826275
Only UNet,U-Net,UNet,32,2,False,False,0.2,0.2,16,9,68,29,34,1.1724137931034482,0.004399826680997372
Only UNet,U-Net,UNet,32,2,False,False,0.2,0.2,16,9,69,50,16,0.32,0.08597976084524357
Only UNet,U-Net,UNet,32,2,False,False,0.2,0.2,16,9,70,31,25,0.8064516129032258,-0.0029071241982316872
Only UNet,U-Net,UNet,32,2,False,False,0.2,0.2,16,9,71,41,8,0.1951219512195122,-0.05396518949226094
Only UNet,U-Net,UNet,32,2,False,False,0.2,0.2,16,9,72,38,23,0.6052631578947368,-0.04583707746220129
Only UNet,U-Net,UNet,32,2,False,False,0.2,0.2,16,9,73,44,20,0.45454545454545453,0.014744010339212162
Only UNet,U-Net,UNet,32,2,False,False,0.2,0.2,16,9,74,37,15,0.40540540540540543,0.00738708234462929
Only UNet,U-Net,UNet,32,2,False,False,0.2,0.2,16,9,75,29,24,0.8275862068965517,0.04961352733056333
Only UNet,U-Net,UNet,32,2,False,False,0.2,0.2,16,9,76,28,18,0.6428571428571429,0.03892332649320339
Only UNet,U-Net,UNet,32,2,False,False,0.2,0.2,16,9,77,18,8,0.4444444444444444,0.007260103466897029
Only UNet,U-Net,UNet,32,2,False,False,0.2,0.2,16,9,78,37,26,0.7027027027027027,-0.013380225808903556
Only UNet,U-Net,UNet,32,2,False,False,0.2,0.2,16,9,79,24,10,0.4166666666666667,0.010597815229665327
Only UNet,U-Net,UNet,32,2,False,False,0.2,0.2,16,9,80,38,26,0.6842105263157895,0.05689630489204372
Only UNet,U-Net,UNet,32,2,False,False,0.2,0.2,16,9,81,25,22,0.88,-0.000987500990004984
Only UNet,U-Net,UNet,32,2,False,False,0.2,0.2,16,9,82,29,16,0.5517241379310345,-0.035025678682930314
Only UNet,U-Net,UNet,32,2,False,False,0.2,0.2,16,9,83,34,24,0.7058823529411765,0.01072467853984442
Only UNet,U-Net,UNet,32,2,False,False,0.2,0.2,16,9,84,21,14,0.6666666666666666,0.0009211546250771879
Only UNet,U-Net,UNet,32,2,False,False,0.2,0.2,16,9,85,22,9,0.4090909090909091,0.0063118060331133555
Only UNet,U-Net,UNet,32,2,False,False,0.2,0.2,16,9,86,41,18,0.43902439024390244,0.02177569657253144
Only UNet,U-Net,UNet,32,2,False,False,0.2,0.2,16,9,87,28,11,0.39285714285714285,0.07538597437036666
Only UNet,U-Net,UNet,32,2,False,False,0.2,0.2,16,9,88,35,12,0.34285714285714286,0.010240518104107367
Only UNet,U-Net,UNet,32,2,False,False,0.2,0.2,16,9,89,32,12,0.375,-0.002117308259055011
Only UNet,U-Net,UNet,32,2,False,False,0.2,0.2,16,9,90,29,21,0.7241379310344828,0.015135920758038934
Only UNet,U-Net,UNet,32,2,False,False,0.2,0.2,16,9,91,19,15,0.7894736842105263,0.017098858444999292
Only UNet,U-Net,UNet,32,2,False,False,0.2,0.2,16,9,92,45,13,0.28888888888888886,0.020396411358688582
Only UNet,U-Net,UNet,32,2,False,False,0.2,0.2,16,9,93,25,7,0.28,-0.0007294349012078116
Only UNet,U-Net,UNet,32,2,False,False,0.2,0.2,16,9,94,32,11,0.34375,0.09719285870103711
Only UNet,U-Net,UNet,32,2,False,False,0.2,0.2,16,9,95,41,22,0.5365853658536586,0.013531642369347329
Only UNet,U-Net,UNet,32,2,False,False,0.2,0.2,16,9,96,16,46,2.875,0.06453320112237719
Only UNet,U-Net,UNet,32,2,False,False,0.2,0.2,16,9,97,26,15,0.5769230769230769,0.007103837822630307
Only UNet,U-Net,UNet,32,2,False,False,0.2,0.2,16,9,98,25,17,0.68,0.0028281270788736777
Only UNet,U-Net,UNet,32,2,False,False,0.2,0.2,16,9,99,61,17,0.2786885245901639,0.017927276422245817
